####
#
# OBJ File Generated by Meshlab
#
####
# Object bunny-normalized.obj
#
# Vertices: 14290
# Faces: 28576
#
####
v -0.3093811 -0.9216861 -0.4486094
v 0.2461650 0.5824111 -0.0592765
v -0.3247201 -0.9197310 -0.4245524
v -0.3262300 -0.9626050 -0.4847965
v 0.2819820 -0.9827930 -0.0571719
v -0.3134921 -0.9697640 -0.5105245
v -0.2819560 -0.9639350 -0.5062455
v 0.4856009 -0.6616570 -0.3041905
v -0.2300201 -0.9500329 -0.5083045
v 0.2158130 -0.9209861 0.0905748
v 0.1651500 -0.9181230 0.1752235
v -0.5455790 -0.8321760 0.1427346
v -0.1905851 -0.9705770 -0.5700805
v -0.0640294 -0.6718090 -0.6997255
v -0.1292071 -0.9633430 -0.5560325
v 0.1462430 -0.9617920 0.2363065
v 0.1183320 -0.9846849 0.2917125
v -0.0946426 -0.9382310 -0.5324645
v -0.3766970 -0.9742930 0.1873385
v -0.8591861 -0.8300650 -0.2953744
v 0.9564890 0.3898490 -0.2330946
v -0.0376747 -0.9695010 -0.5963845
v 0.4789929 -0.9718200 -0.5562735
v -0.0244772 -0.9614170 -0.5789815
v 0.0176385 -0.9660410 -0.5994405
v 0.4569120 -0.9714971 -0.4853785
v 0.4414639 -0.9718140 -0.4648415
v -0.0209135 -0.9797890 0.2921505
v 0.4262149 -0.9719310 -0.4447965
v -0.0081238 -0.1234110 -0.5848955
v 0.4245729 -0.9757720 -0.3981605
v -0.0611820 -0.8169100 0.3587495
v 0.2892910 -0.9838620 -0.0827270
v 0.2301160 -0.9218200 0.0491108
v 0.2285080 -0.9216059 0.0722120
v 0.1815309 -0.9699260 -0.5535675
v 0.0083087 -0.9186280 0.0771403
v 0.1911220 -0.9200530 0.1752175
v 0.2274089 -0.9709750 -0.5378015
v 0.2230229 -0.9683440 -0.4793055
v 0.2243489 -0.9714561 -0.5076774
v 0.5347810 -0.8064260 -0.0002690
v 0.2050849 -0.9446080 -0.4418785
v 0.1824159 -0.9281460 -0.4329855
v 0.1876819 -0.9360189 -0.4609655
v 0.1707019 -0.9352940 -0.4813875
v 0.1716260 -0.9463860 0.2222195
v 0.1756340 -0.9692070 0.2419655
v 0.1273039 -0.9172310 -0.4711775
v 0.1328459 -0.9609450 -0.5657445
v 0.1044069 -0.9206710 -0.5109025
v -0.5371400 -0.7161890 0.2674406
v 0.1082289 -0.9591250 -0.5721315
v 0.1571570 -0.9787430 0.2586975
v 0.0797007 -0.9561090 -0.5744985
v 0.1394570 -0.9832300 0.2757845
v 0.4958589 -0.9697140 -0.5810816
v 0.5776709 0.3411730 -0.4804536
v 0.4890929 -0.9722960 -0.5281306
v 0.4726340 -0.9724900 -0.5065135
v -0.0245330 -0.9255871 -0.5395064
v 0.4527130 -0.9726950 -0.4399925
v -0.0868639 -0.9179590 -0.5141715
v 0.4116080 -0.9777100 -0.3790465
v -0.1023041 -0.9101850 -0.4898395
v 0.3159920 -0.9654460 -0.1306485
v -0.1509911 -0.9206150 -0.4976285
v -0.2896400 -0.9326900 -0.4676645
v 0.3321240 -0.9716220 -0.1071395
v 0.3169530 -0.9825020 -0.0837523
v -0.2068131 -0.9177980 -0.4796655
v -0.2465591 -0.9095920 -0.4497944
v 0.3031830 -0.9843040 -0.0650659
v 0.7176790 -0.5127740 0.0515516
v -0.2793601 -0.9098550 -0.4449064
v 0.9182080 -0.0877348 -0.1712366
v 0.2426740 -0.9220860 0.0898116
v -0.0633145 -0.9151829 -0.5152925
v 0.0490254 -0.9614960 -0.5862734
v -0.7457981 -0.3277280 -0.4197724
v 0.4149550 -0.9721560 -0.1639255
v 0.1980420 -0.9192740 0.1436185
v 0.3656110 0.1076050 -0.4033305
v 0.7073010 0.4743750 0.2929744
v 0.4667560 -0.9820710 -0.2642175
v 0.9762089 0.1391320 -0.5481415
v 0.1692900 -0.9245900 0.1997025
v 0.1819230 -0.9817100 0.2662135
v 0.1635910 -0.9836180 0.2838815
v 0.6887090 0.4732800 0.3206044
v 0.5226009 -0.9698600 -0.5803775
v -0.0092102 -0.9664921 0.3155305
v 0.5103049 -0.9724460 -0.5505145
v 0.4834000 -0.9725230 -0.4811855
v 0.3692969 -0.9766570 -0.3613285
v 0.6103550 0.5898720 -0.2000895
v -0.3741170 -0.9671700 -0.0899168
v 0.4679669 -0.9724081 -0.4605115
v 0.2971439 -0.9749579 -0.3846035
v 0.4374239 -0.9734660 -0.4192945
v 0.2970629 -0.9720310 -0.3381455
v 0.3030470 -0.9832050 -0.0426310
v 0.2591709 -0.9709270 -0.3142995
v 0.2342760 -0.9661590 -0.2384075
v 0.2494160 -0.9233630 0.0657658
v 0.1372289 -0.7938690 -0.6341134
v 0.2424580 -0.9664890 -0.1952085
v -0.7373240 -0.8401960 0.0281991
v 0.2583019 -0.9652560 -0.1721095
v -0.1687570 -0.9262810 0.1704455
v -0.3231300 -0.9713070 -0.0925185
v 0.5921310 0.5183370 0.3072505
v 0.3004280 -0.9617360 -0.1521765
v 0.2176470 -0.9315660 0.1851455
v 0.1957790 -0.9358470 0.2054555
v 0.1974240 -0.9590150 0.2268885
v 0.7064350 -0.5605700 -0.0151131
v -0.5211331 0.0695201 -0.4542514
v 0.5784009 0.5282350 -0.4742545
v 0.4263249 -0.4971160 -0.5319195
v -0.3666210 -0.9697360 -0.0597796
v -0.3264490 -0.9723480 -0.0713493
v 0.2522729 0.1760500 -0.3357935
v 0.5476809 -0.9666090 -0.5847356
v 0.5118309 -0.9731190 -0.5216386
v -0.3004400 -0.9729530 -0.0950522
v -0.2781360 -0.9725560 -0.1618875
v 0.0873468 -0.7947040 -0.6580064
v 0.4989469 -0.9730450 -0.5021495
v 0.4792030 -0.9730350 -0.4360695
v -0.3540320 -0.9650750 -0.2480804
v -0.4873400 -0.9026400 0.1151516
v 0.4643829 -0.9739010 -0.4149325
v -0.7559771 -0.2167680 -0.3681734
v 0.8908610 -0.3106230 -0.3264036
v -0.4009261 -0.9661130 -0.3054005
v 0.4554229 -0.9759480 -0.3894965
v -0.6145341 -0.6042000 -0.5448315
v -0.4577530 -0.9625061 -0.1138764
v -0.4288141 -0.9646800 -0.2767745
v 0.3482230 -0.9782990 -0.0790498
v 0.3252940 -0.9833580 -0.0578591
v 0.3008370 -0.9793611 -0.0168801
v -0.5074780 -0.9657210 -0.1379284
v 0.2336870 -0.9214950 0.1138305
v 0.2242730 -0.9212190 0.1393525
v 0.2214250 -0.9543350 0.2081975
v -0.4902600 -0.9640180 -0.1120434
v 0.2203460 -0.9722390 0.2334935
v -0.4415760 -0.9664990 -0.0563275
v 0.2008370 -0.9763581 0.2497325
v -0.4219660 -0.9652030 -0.0755610
v 0.1879820 -0.9840060 0.2915135
v 0.1701520 -0.9844940 0.3096525
v -0.0569042 -0.7397259 0.4025115
v 0.4236469 -0.5194800 -0.5161965
v 0.5687649 -0.9537340 -0.5875515
v 0.5400629 -0.9717760 -0.5576776
v 0.5337609 -0.9725300 -0.5287846
v 0.3144680 -0.9725870 0.0460095
v 0.3175570 -0.9748700 0.0674509
v 0.5096689 -0.9728680 -0.4771855
v 0.0553248 -0.8926520 -0.7073445
v 0.4942890 -0.9726410 -0.4565115
v 0.2694990 -0.9307849 0.0575863
v 0.4775949 -0.9745270 -0.3952275
v 0.2552870 -0.9291770 0.0397259
v 0.4829469 -0.9758950 -0.3722255
v 0.2369430 -0.9391470 -0.0087702
v 0.2121340 -0.9233590 0.0032936
v 0.5958430 -0.8390040 -0.0011817
v 0.2706750 -0.9275960 0.0845848
v 0.2563860 -0.9247030 0.1089175
v 0.2540730 -0.9297611 0.1367715
v 0.2360890 -0.9304510 0.1634835
v 0.1711500 -0.9361171 -0.0865319
v 0.1461160 -0.9260960 -0.0862132
v 0.7538280 0.5855060 -0.1676745
v 0.1229750 -0.9316640 -0.2033205
v 0.2391430 -0.9473230 0.1855365
v 0.1776450 -0.9849050 0.3360955
v 0.4465099 -0.4888230 -0.5367666
v 0.5659309 -0.9691650 -0.5648295
v 0.5556610 0.5775141 -0.3401186
v 0.5042600 -0.0288340 0.2147795
v 0.5270259 -0.9728730 -0.4993525
v 0.5053179 -0.9737300 -0.4325015
v 0.2187500 -0.9769810 -0.1111095
v 0.2009120 -0.9634500 -0.1028765
v 0.4906619 -0.9737999 -0.4127765
v -0.8309330 -0.5265610 -0.3348654
v 0.2400580 -0.9804320 -0.0936379
v 0.4662110 -0.9784950 -0.3538935
v -0.3805490 -0.9686641 -0.3491985
v 0.3793340 -0.9781899 -0.0848910
v 0.3699940 -0.9808460 -0.0625767
v 0.3174670 -0.9809350 0.0012715
v 0.6787460 0.5821240 -0.0843416
v 0.4974359 -0.1057550 -0.5632666
v 0.2748510 -0.9407300 0.1138735
v 0.1481470 -0.9379590 -0.1330365
v 0.2570380 -0.9477210 0.1642855
v 0.9718710 0.2746780 -0.2343446
v 0.2425770 -0.9624500 0.2015575
v 0.2419310 -0.9800760 0.2422875
v 0.2248590 -0.9818900 0.2591205
v 0.9002150 -0.0085552 -0.2342906
v 0.2061580 -0.9832830 0.2754845
v -0.5880591 -0.9055220 -0.3809864
v -0.6010501 -0.9110690 -0.3614424
v 0.4474299 -0.5059270 -0.5209675
v 0.4473130 -0.5290880 -0.5048576
v 0.4475870 -0.5529300 -0.4905545
v 0.4804209 0.2116830 -0.4888995
v -0.6172850 -0.9328290 -0.3125464
v 0.5601559 -0.9721670 -0.5361856
v 0.5340539 -0.9732360 -0.4723296
v 0.5200509 -0.9732320 -0.4527605
v 0.2331070 -0.0512058 0.2436255
v 0.5010479 -0.9752370 -0.3897365
v 0.6880580 0.5843840 -0.1125695
v 0.3774370 -0.9713260 -0.1348745
v 0.5613810 0.5867900 -0.2647066
v 0.3595280 -0.9825610 -0.0206738
v 0.3434410 -0.9824390 0.0012989
v 0.8893680 -0.0263510 -0.1290886
v 0.5698050 -0.9258240 -0.2670026
v 0.8977210 -0.0503454 -0.1440236
v 0.2953710 -0.9640880 0.1171975
v 0.2951150 -0.9725620 0.1473005
v 0.2576770 -0.9743850 0.2085885
v 0.8871740 0.4845110 -0.1067956
v 0.2089860 -0.9843140 0.2979615
v 0.0069172 0.2249460 -0.0773225
v -0.0132423 0.2311840 -0.0820218
v -0.0129160 0.2258100 -0.0573409
v -0.0332156 0.2350920 -0.0747251
v -0.6449620 -0.9491140 -0.2185534
v -0.0023496 0.2312270 -0.1008005
v 0.6528929 0.6898659 0.2010795
v 0.4707669 -0.4899780 -0.5339275
v 0.6765481 0.8416570 0.5736905
v 0.4716029 -0.5630209 -0.4828995
v 0.5349580 0.5848531 -0.1888295
v -0.0165744 0.2397260 -0.1705885
v -0.0526700 0.2497870 -0.1950655
v -0.0560994 0.2481770 -0.1463455
v -0.6610540 -0.9489560 -0.1969614
v 0.5854339 -0.9690200 -0.5450886
v -0.0414822 0.2463360 -0.1709145
v 0.0094108 0.2301680 -0.1236895
v 0.5531789 -0.9729500 -0.5080006
v 0.5473799 -0.9734840 -0.4865915
v 0.5310959 -0.9739389 -0.4291095
v 0.5163449 -0.9749330 -0.4088115
v 0.0432215 0.2232620 -0.1516065
v 0.0197630 0.2288790 -0.1476255
v 0.4941030 -0.9777980 -0.3453225
v 0.0277290 0.2280220 -0.1687115
v 0.0466909 0.2235120 -0.1793945
v 0.4740340 -0.9809310 -0.3210375
v 0.4693800 -0.9822110 -0.2925445
v 0.4035500 -0.9723810 -0.1377515
v -0.0907903 0.2388460 -0.0322710
v 0.3774370 -0.9824750 -0.0399044
v 0.3696950 -0.9828460 0.0049807
v -0.0822580 0.2434070 -0.0580107
v -0.0775422 0.2472640 -0.0846019
v 0.5583960 0.5869679 -0.2028255
v 0.6485060 0.7658560 0.4076644
v 0.3017010 -0.9800560 0.1760915
v -0.4106300 -0.9634480 -0.1176294
v 0.2777180 -0.9771900 0.1943835
v 0.8343520 0.5647740 -0.3265885
v 0.2559400 -0.9792150 0.2284695
v 0.6402481 0.7657011 0.4316055
v 0.6613290 0.7787910 0.4264595
v 0.4039829 0.3298700 -0.2482445
v 0.2642760 -0.9824600 0.2480635
v 0.4903359 -0.9840060 -0.2491865
v 0.2490390 -0.9833680 0.2665635
v -0.0514318 0.2425680 -0.0941979
v 0.7997810 0.5820360 -0.2299176
v 0.2318040 -0.9839290 0.2890925
v 0.7822870 0.5857950 -0.2522036
v -0.6779090 -0.9454120 -0.1778134
v 0.4713199 -0.5167741 -0.5142506
v 0.0456875 0.2219030 -0.2092125
v -0.3571121 0.2581620 -0.2760045
v 0.4713669 -0.5416980 -0.4997085
v 0.5855490 -0.8774860 0.0633986
v 0.5824539 -0.9722880 -0.5129035
v 0.0657759 0.2128090 -0.2238475
v 0.5541879 -0.9739720 -0.4691235
v 0.0805963 0.2051630 -0.2365035
v 0.5453889 -0.9738420 -0.4501875
v 0.0842607 0.1984960 -0.2569685
v 0.5273249 -0.9758490 -0.3844965
v 0.3890719 0.3026730 -0.2596075
v 0.5110729 -0.9766690 -0.3649495
v 0.0883787 0.1863250 -0.2846915
v 0.5045710 -0.9798940 -0.3197025
v 0.1055139 0.1726580 -0.3062825
v 0.4899179 -0.9832790 -0.2792165
v 0.4179560 -0.9762670 -0.1159455
v 0.9038270 -0.0981410 -0.3025036
v 0.2339200 -0.3025940 0.2947725
v 0.4100600 -0.9796129 -0.0864694
v 0.2129130 -0.2807220 0.3006615
v -0.7334241 -0.6828840 -0.4201914
v 0.7815390 0.5807290 -0.1686586
v 0.3934520 -0.9816210 -0.0605247
v 0.3862200 -0.9832250 -0.0136731
v -0.4856771 -0.7825960 -0.5505005
v -0.7358721 -0.2845430 -0.4274814
v 0.0720699 -0.9118900 -0.7120025
v -0.2609591 0.1734180 -0.4536304
v 0.6989540 0.5851640 -0.0649190
v 0.7055140 0.5838190 -0.0918988
v 0.6729480 0.5816510 -0.0550714
v -0.1814290 0.2586010 -0.0505675
v 0.3300910 -0.9802819 0.0837651
v 0.3194170 -0.9780320 0.1091525
v 0.8439450 -0.4545480 -0.1153636
v -0.6710310 -0.9350470 -0.0751548
v 0.6489870 0.5760180 -0.0201345
v 0.9153970 -0.2999860 -0.1269456
v 0.9209760 -0.2833660 -0.1064256
v -0.9661450 -0.7219090 -0.2545434
v -0.2336101 -0.9196680 -0.4746435
v 0.2373810 -0.9842540 0.3413365
v -0.4641180 -0.2322870 0.2987016
v 0.4946809 -0.5515910 -0.4901545
v 0.5462149 -0.8575010 -0.5818415
v -0.3609551 -0.9680620 -0.3357984
v 0.9252590 -0.2115370 -0.1419436
v 0.5755569 -0.9738801 -0.4524876
v -0.3338790 -0.9674140 -0.1682665
v -0.4698521 -0.7727270 -0.5713124
v 0.8105790 0.5793240 -0.2589685
v -0.4315901 -0.7714030 -0.5976154
v 0.6033589 -0.9571940 -0.5524096
v 0.5679289 -0.9737660 -0.4850706
v 0.4731639 0.5411630 -0.2751385
v 0.5566569 -0.9745690 -0.4267025
v 0.5421939 -0.9750010 -0.4050785
v 0.4904519 -0.9817100 -0.3031715
v 0.6775210 0.8555830 0.5952615
v 0.5109100 -0.9813070 -0.2939285
v -0.2024901 -0.1181730 -0.5995774
v 0.9676050 0.0799574 -0.1474086
v 0.7607720 0.5817389 -0.1437425
v 0.4206060 -0.9831270 -0.0563375
v 0.3918780 -0.9838181 0.0090795
v 0.1200999 0.1612410 -0.3246045
v 0.3325800 -0.9816860 0.1294975
v 0.3186600 -0.9810840 0.1515745
v 0.3297930 -0.9825770 0.1740285
v 0.3190570 -0.9823860 0.1932735
v 0.5699770 -0.8875550 -0.2283445
v 0.3009420 -0.9821310 0.2058445
v 0.1367179 0.1477120 -0.3419115
v 0.2906310 -0.9830600 0.2563165
v 0.5919670 0.8693140 0.7301925
v 0.8457110 -0.4412360 -0.1666086
v 0.2495300 -0.9844160 0.3158025
v 0.8606220 -0.4228290 -0.1764676
v 0.2511220 -0.9782979 0.3650055
v 0.3325520 0.7576050 -0.0407753
v -0.7542840 -0.0917066 -0.1747074
v 0.0469748 0.6926310 0.0954352
v 0.9283640 0.3293460 -0.1125506
v 0.4950309 -0.5292650 -0.5069745
v -0.0651160 0.2351090 -0.0395389
v 0.4931339 -0.5687920 -0.4708835
v 0.9313610 -0.2692830 -0.1830126
v 0.4908739 -0.5813570 -0.4543555
v 0.4838569 -0.6031270 -0.4206515
v 0.1591339 0.1262060 -0.3802435
v 0.6073859 -0.9658600 -0.5295195
v 0.5940599 -0.9723099 -0.4823816
v 0.0705913 0.1702360 -0.3405115
v 0.5671219 -0.9752409 -0.4024445
v 0.6440540 0.4278780 0.1502185
v 0.5539589 -0.9759440 -0.3803125
v 0.1766039 0.1139560 -0.3976325
v 0.5387319 -0.9764529 -0.3587435
v 0.5216710 -0.9780830 -0.3386085
v 0.5168300 -0.7623889 -0.1005055
v 0.0141980 0.6644270 0.1716995
v 0.5135680 -0.9829021 -0.2659685
v -0.0014211 0.6542701 0.1551585
v 0.4935420 0.5700430 -0.2147135
v 0.5133930 0.5770600 -0.2265525
v 0.4959750 0.5685610 -0.2392975
v 0.4922920 -0.9839300 -0.2196705
v -0.2575341 0.1398430 -0.4818015
v 0.4720230 -0.9815880 -0.1734145
v 0.4562400 -0.9798720 -0.1438715
v 0.6371101 0.5167570 0.4519114
v 0.4424110 -0.9793169 -0.1191825
v 0.4316540 -0.9800330 -0.0991845
v 0.4368460 -0.9828449 -0.0773612
v 0.5473179 -0.8381490 -0.5671296
v 0.4474130 -0.9845480 -0.0524560
v -0.5751071 -0.6532450 -0.5653585
v 0.6677500 0.5845870 -0.0282355
v 0.9284010 -0.2006670 -0.1671356
v 0.9319700 -0.1897430 -0.1860446
v 0.3813910 -0.9838580 0.0287193
v 0.3686750 -0.9834059 0.0529008
v 0.3713630 -0.9834710 0.1031275
v 0.4525400 0.3123810 -0.4035015
v 0.4330150 0.2992870 -0.3868715
v 0.5260989 0.2175150 -0.5282086
v 0.3585360 -0.9834150 0.1281635
v -0.0309068 0.2339480 -0.2813455
v -0.8049870 -0.3592230 -0.2458674
v 0.3445290 -0.9832120 0.1518065
v 0.3405280 -0.9834160 0.1961245
v 0.1281929 -0.7667381 -0.5835605
v 0.8832080 -0.3450320 -0.2944216
v 0.8828740 -0.3661230 -0.2782596
v -0.7814220 -0.2175100 -0.0160372
v -0.4103481 -0.9639850 -0.2546014
v -0.1052781 0.2024040 -0.4072535
v -0.5633410 0.1533730 -0.1008874
v -0.5744030 0.1348850 -0.3202344
v 0.2784000 -0.9842460 0.3144845
v 0.4374290 -0.7420620 -0.2759635
v 0.5180789 -0.5165740 -0.5132225
v 0.4776950 0.5392690 -0.3209715
v 0.4795349 -0.4615660 -0.5524955
v 0.5178869 -0.5393320 -0.4962925
v 0.5112739 -0.5755270 -0.4565375
v 0.4938869 0.5537241 -0.3446675
v 0.5009099 -0.5901620 -0.4379675
v 0.5143289 0.5540360 -0.3903916
v 0.6497670 0.8471160 0.6115654
v 0.5080109 0.5362940 -0.4041235
v 0.1845690 -0.9222240 0.0171699
v 0.8839210 0.4277330 -0.1094306
v 0.9793869 0.1367840 -0.4721716
v 0.6273189 -0.9517250 -0.5116915
v 0.6076569 -0.9689230 -0.5043206
v -0.3858760 -0.9650680 -0.1175075
v 0.8882430 -0.3841610 -0.1471066
v 0.6084939 -0.9722300 -0.4567295
v 0.5779509 -0.9744560 -0.4224865
v -0.5593670 0.0658937 0.0820716
v 0.5304960 -0.9790850 -0.3112345
v 0.8970730 -0.0022999 -0.1412146
v -0.0309671 0.9545360 0.2849775
v -0.0177218 0.9771730 0.2851705
v -0.0205000 0.9594070 0.2633325
v 0.8171310 -0.4940630 -0.2208256
v 0.5360440 -0.9802910 -0.2828875
v 0.5152100 -0.9838020 -0.2365035
v 0.4576240 -0.7086300 -0.1959735
v 0.4950219 -0.9836640 -0.1925565
v 0.4732189 -0.7041169 -0.1748615
v 0.5013739 -0.9843110 -0.1665845
v 0.4855910 -0.9840150 -0.1422575
v 0.5229459 -0.8129600 -0.3922525
v -0.1794321 -0.1042560 -0.5831755
v 0.4684490 -0.9833050 -0.1175675
v 0.4525000 -0.9826720 -0.0964911
v -0.7067390 -0.0500364 -0.0090912
v 0.5544060 -0.8227770 0.0065144
v 0.4153490 -0.9838380 -0.0014661
v 0.5771490 -0.9695510 0.0988550
v 0.4040610 0.6761490 -0.0954038
v 0.6243300 0.8570991 0.6568955
v 0.4068970 -0.9844100 0.0279503
v 0.6048191 0.8336740 0.6618374
v 0.3957750 -0.9843670 0.0524880
v 0.7185150 0.5915360 -0.2044435
v 0.3154470 -0.9837670 0.2541845
v 0.6330380 0.4523130 0.2226835
v 0.7167280 0.7681980 0.3377894
v -0.0237766 -0.9448299 -0.5606384
v 0.5399469 -0.5046780 -0.5190025
v 0.5700369 -0.8650020 0.0590275
v 0.7381141 0.8274380 0.4998294
v 0.7247230 0.8377219 0.5229184
v 0.9341560 0.0241071 -0.1843686
v 0.5401839 -0.5256960 -0.5014935
v 0.9528530 0.0562760 -0.1377346
v 0.1973799 -0.9432880 -0.4124545
v 0.7591080 0.7847800 0.4241754
v -0.3386361 -0.5615290 -0.7203975
v 0.6248260 0.6233060 0.1337145
v 0.5990219 -0.9738680 -0.4291265
v 0.5911489 -0.9742560 -0.4031715
v 0.5804409 -0.9753770 -0.3786806
v 0.5673759 -0.9763060 -0.3537945
v 0.6275180 0.6142980 0.1119395
v 0.7477400 0.7424390 0.3060875
v 0.5503070 -0.9772440 -0.3308345
v 0.7292160 0.7424721 0.2849225
v 0.4132460 0.3746370 -0.1380375
v 0.6904030 0.7684840 0.3455195
v -0.5556921 -0.8942699 -0.4327994
v 0.5392320 -0.9811560 -0.2536855
v 0.5153069 -0.9836150 -0.2088855
v -0.2992131 -0.1579220 -0.6556505
v -0.5184290 0.1919640 -0.1723804
v -0.0921547 0.2572600 -0.1757675
v 0.4332660 -0.9844100 -0.0282851
v 0.0255184 0.8997170 0.2895875
v 0.7236750 0.7557870 0.3110175
v 0.6973760 0.7597790 0.3182225
v 0.1538009 0.0798996 -0.4369885
v 0.3861660 -0.9845530 0.1273405
v 0.1787799 0.0800506 -0.4347545
v 0.3726850 -0.9840410 0.1523285
v 0.0537592 0.1830840 -0.3259405
v -0.0017615 0.1874260 -0.3705505
v 0.3566370 -0.9835100 0.1754865
v 0.0957696 0.8195490 0.1406985
v 0.0172326 0.1714350 -0.3854145
v 0.0878679 0.1587780 -0.3561665
v 0.3662020 -0.9832160 0.1998325
v 0.3496030 -0.9841950 0.2200875
v 0.3319580 -0.9840370 0.2390765
v 0.1441760 0.1830410 -0.0240713
v -0.3349860 -0.9666270 0.1454206
v 0.5400799 -0.8084280 -0.4353125
v 0.5606009 -0.4910090 -0.5243775
v -0.7462981 -0.5221860 -0.4018064
v 0.7426960 0.5771210 -0.0576074
v 0.1684379 -0.0784049 -0.5506575
v 0.2341940 -0.3759540 0.2790065
v 0.9358620 -0.2418800 -0.2003226
v 0.7432610 0.5781250 -0.0788990
v 0.7553340 0.5772190 -0.0963292
v 0.5401389 -0.5463190 -0.4816125
v 0.5278249 -0.5845000 -0.4382105
v -0.4247351 -0.4119500 -0.7070704
v 0.9618829 0.4168970 -0.2378476
v 0.6335439 -0.9619890 -0.4592635
v 0.6243899 -0.9686800 -0.4340325
v 0.6064359 -0.9720520 -0.3807926
v 0.5631310 -0.9779470 -0.2714675
v 0.1637260 0.9013391 0.1071765
v 0.7319170 0.7774950 0.5820815
v 0.5328619 -0.9828180 -0.1983525
v 0.5230340 -0.9834570 -0.1656855
v 0.8912719 -0.0736248 -0.3031526
v 0.6360400 0.8981460 0.7432194
v 0.2345520 0.1695250 0.0734521
v 0.4711060 -0.9843020 -0.0482088
v 0.4623880 -0.9845610 -0.0282178
v -0.0911967 -0.4757950 -0.7494665
v -0.9662730 -0.5260640 -0.2717654
v 0.4519060 -0.9849271 0.0010397
v -0.9767810 -0.5505240 -0.2762524
v 0.7320110 0.7007940 0.2020435
v 0.4347450 -0.9845001 0.0271182
v 0.4226930 -0.9846621 0.0523190
v 0.4108410 -0.9846860 0.0770966
v 0.1549900 -0.1097860 0.2794935
v 0.1422600 -0.0907820 0.2804875
v 0.2673819 -0.9731790 -0.4496745
v 0.8972080 -0.0383348 -0.1673686
v 0.9247610 0.4150910 -0.1750456
v 0.9398830 0.4551820 -0.1804876
v 0.9287340 0.4413450 -0.1674676
v 0.3986130 -0.9847300 0.1020545
v 0.3883590 -0.9797730 0.1793085
v 0.9828420 0.1838250 -0.1738496
v 0.3363880 -0.9846539 0.2651975
v 0.2203240 -0.1867860 0.2830315
v 0.2044060 -0.1683090 0.2797695
v 0.3397680 -0.9747970 0.3188515
v 0.2955420 -0.9814930 0.3413725
v 0.5454530 -0.6670700 -0.1410865
v 0.5612929 -0.5112480 -0.5060316
v 0.8864720 0.5086330 -0.1112836
v 0.5620569 -0.5316300 -0.4875906
v -0.0558722 0.8732090 0.2752455
v 0.5340190 0.5833340 -0.2154655
v 0.5558889 -0.5752029 -0.4404765
v 0.5358269 -0.6065900 -0.3939196
v 0.2672480 0.8355440 0.0579374
v -0.0087513 0.2225360 -0.2983485
v -0.9038950 -0.7941819 -0.2872744
v 0.6411719 -0.9540670 -0.4385535
v 0.6159659 -0.9712480 -0.4074215
v -0.1212691 0.2510080 -0.3124895
v 0.5962369 -0.9731660 -0.3534656
v -0.1303270 0.2577980 -0.2816075
v 0.5839470 -0.9744380 -0.3222095
v 0.5664140 -0.9795400 -0.2436575
v -0.0902356 -0.8735410 -0.6562405
v 0.8533870 -0.4397460 -0.1007306
v 0.8582860 -0.4335040 -0.1229866
v 0.5419730 -0.9819890 -0.2221015
v 0.7309830 0.7310690 0.2632734
v 0.7412000 0.7174060 0.2463465
v 0.3027020 -0.9808320 -0.1079905
v 0.3744740 0.7554350 0.0416299
v 0.8799520 -0.0517435 -0.3057416
v 0.7515730 0.8900090 0.6418704
v 0.5381280 -0.9831760 -0.1794415
v 0.7457721 0.8879640 0.6171605
v 0.7041020 0.7496310 0.2912125
v 0.5185580 -0.9840961 -0.1408915
v 0.1705110 0.7811120 0.2008485
v 0.4259750 -0.9854400 0.1017485
v 0.4137400 -0.9841030 0.1263925
v 0.3848630 -0.9710190 0.2034725
v 0.5988320 0.6349760 0.2113395
v 0.3738960 -0.9753799 0.2226785
v 0.6182110 0.6325400 0.1647325
v 0.3609270 -0.9809260 0.2481015
v 0.9640170 0.2854680 -0.1861996
v -0.4773760 -0.9638940 -0.3653085
v 0.8652850 -0.4206130 -0.2255536
v 0.7433819 0.5687701 -0.3960786
v 0.3502080 -0.9589700 0.3003665
v 0.5845599 -0.4730160 -0.5304975
v 0.5832059 -0.4971550 -0.5101596
v 0.7433880 0.5817920 -0.1205496
v -0.1164870 -0.8190600 0.3610165
v 0.1115500 -0.7571220 0.3262945
v 0.5451979 -0.5922199 -0.4169436
v 0.5621709 -0.5982130 -0.3951485
v 0.6189370 0.7800940 0.5506875
v 0.5261089 -0.6176360 -0.3717125
v -0.4610830 -0.9614220 0.0512773
v 0.5869890 -0.9695220 -0.2601645
v 0.5543230 -0.9822630 -0.1972635
v 0.1456440 0.9129061 0.1319015
v 0.6302930 0.5325530 0.4742624
v 0.5427310 -0.9835221 -0.1570795
v 0.1187779 -0.3474450 -0.6792345
v 0.4997020 -0.9850910 -0.1159025
v 0.5121690 -0.9848460 -0.0912031
v 0.3410110 0.7348200 -0.0614699
v 0.4352320 -0.9447100 0.1375905
v 0.4953350 -0.9848170 -0.0755115
v -0.7849250 -0.7670630 0.0569017
v 0.7010570 0.8902150 0.6273164
v 0.4937660 -0.9846849 -0.0567887
v 0.6805230 0.8840890 0.6331945
v 0.4902790 -0.9848011 -0.0317241
v 0.4816040 -0.9854120 -0.0066879
v 0.0245239 0.9579630 0.1935605
v 0.4760470 -0.9856480 0.0142562
v 0.4624950 -0.9857640 0.0303057
v 0.4501210 -0.9855740 0.0529765
v 0.4382330 -0.9855779 0.0771599
v 0.6130740 0.5757530 0.0870974
v 0.6049010 0.5780160 0.1106045
v -0.9220770 -0.7704720 -0.2947554
v -0.0029914 0.2169070 -0.0364568
v -0.5524561 -0.0181719 -0.5015615
v 0.1220309 -0.3000420 -0.6615295
v 0.9003220 -0.3274240 -0.1256506
v 0.0229848 0.2244370 -0.0991505
v 0.0326515 0.2172970 -0.0719179
v 0.5655069 -0.5532100 -0.4649155
v 0.6272510 0.5674200 0.0275576
v 0.4636329 -0.1470990 -0.5688805
v 0.5731359 -0.5834121 -0.4180146
v -0.0762741 0.2548640 -0.1961005
v 0.5515759 -0.6109600 -0.3728445
v 0.4581029 0.5374219 -0.2082655
v 0.0112508 -0.9198370 0.0428347
v 0.5727500 -0.9804100 -0.2175225
v 0.0328310 -0.4439050 -0.7218015
v 0.0444090 -0.4181730 -0.7275915
v 0.5617280 -0.9825270 -0.1741755
v -0.8001900 -0.8727980 -0.0745095
v 0.9458899 0.5150011 -0.2113366
v 0.5312270 -0.9842970 -0.1115495
v 0.9419660 0.5056990 -0.1856566
v -0.1524620 0.2656700 -0.1402215
v -0.5796301 -0.9212880 -0.3600544
v -0.1410360 0.2650050 -0.1878555
v 0.6070559 -0.4853970 -0.5115766
v -0.0142353 0.2144850 -0.3281855
v 0.5108560 0.5848560 -0.1760555
v 0.0988551 0.7194840 0.1017995
v 0.5825159 -0.5177619 -0.4926375
v 0.6657220 0.7609390 0.3542874
v 0.5816369 -0.5351890 -0.4772565
v 0.5838169 -0.5655020 -0.4405885
v 0.8896360 -0.3864430 -0.1736086
v 0.6003129 -0.5741210 -0.4170066
v 0.0336686 -0.9309350 -0.5420185
v 0.2928840 0.8148110 0.0312112
v 0.6157529 0.2194660 -0.6169435
v 0.5664089 -0.6152270 -0.3523256
v 0.6190849 0.1050730 -0.6463845
v 0.5589130 -0.6271000 -0.3307195
v 0.5205160 -0.6636029 -0.2559755
v 0.4755990 -0.8305759 -0.3047115
v 0.5665929 0.5754510 -0.3623396
v -0.6019720 -0.9244800 -0.3386834
v 0.8657330 -0.4107930 -0.2666476
v -0.5900960 -0.9389890 -0.3129414
v 0.5807220 -0.9808830 -0.1929575
v 0.5881610 -0.9815190 -0.1685375
v 0.7664021 0.7722820 0.4041325
v 0.7516780 0.7727560 0.3816485
v 0.1959360 -0.9844379 0.3161435
v 0.5684280 -0.9827850 -0.1504805
v 0.1947080 0.2090550 -0.1944915
v 0.1746230 0.2000000 -0.2119385
v 0.5490830 -0.9840090 -0.1323065
v 0.2355730 -0.9531220 -0.0377538
v 0.5426220 -0.9847310 -0.0867245
v 0.5976500 0.5820791 0.1359315
v 0.5239440 -0.9845260 -0.0656446
v 0.1316760 -0.7495620 0.3062715
v 0.5169520 -0.9846801 -0.0383083
v 0.7648290 0.8194060 0.5025014
v 0.1951370 0.2102410 -0.1682035
v 0.5136930 -0.9856820 -0.0096911
v 0.1685350 0.2017060 -0.1797055
v 0.4987500 -0.9858810 0.0138155
v 0.4870410 -0.9863220 0.0331493
v 0.4768160 -0.9861950 0.0536215
v 0.4663340 -0.9859660 0.0774995
v 0.5981910 0.5538070 0.0970103
v 0.5153399 0.0926585 -0.5049645
v 0.0225731 0.1813090 -0.3600575
v 0.0410687 0.1673000 -0.3756935
v -0.6047400 -0.9437690 -0.2912474
v 0.6510600 0.7767500 0.4456685
v -0.6168380 -0.9477640 -0.2676244
v -0.6299461 -0.9492990 -0.2427844
v 0.6045429 -0.5058370 -0.4953125
v -0.1068061 0.2419490 -0.3334745
v -0.0929210 0.2435620 -0.3161865
v 0.5945289 -0.5463530 -0.4606975
v 0.6107389 -0.5562400 -0.4386536
v 0.5889919 -0.5901890 -0.3949125
v 0.5773469 -0.6039840 -0.3733855
v -0.2110471 0.1885510 -0.4408075
v 0.6793270 0.6262660 0.0585648
v 0.5548820 -0.6386520 -0.3082035
v 0.4537860 -0.9854450 0.1020275
v 0.5519310 -0.6477460 -0.2860265
v 0.7109320 0.7385660 0.2664585
v 0.5474190 -0.6564879 -0.2628815
v 0.5351050 -0.6705470 -0.2121425
v -0.2703000 0.2761280 -0.1461895
v 0.5590430 -0.9843470 -0.1071825
v -0.6525460 -0.9556090 -0.1725324
v -0.4329890 -0.9685200 0.0534361
v 0.6251179 -0.4387270 -0.5339785
v 0.6148529 -0.4631230 -0.5247056
v 0.4954070 0.5614810 -0.3143915
v 0.7666920 0.8724580 0.5984334
v 0.6232429 -0.4945770 -0.4970886
v 0.6022669 -0.5262290 -0.4780775
v -0.0406483 0.7404350 0.1780355
v 0.3694080 0.7041270 -0.0806306
v 0.6787360 -0.8752600 -0.1145755
v 0.6159349 -0.5808600 -0.3922145
v 0.9288050 -0.1266640 -0.1870366
v 0.5792440 -0.6189750 -0.3358195
v 0.5709360 -0.6400900 -0.2945065
v 0.5415590 -0.6648990 -0.2379745
v 0.6078150 -0.9789560 -0.1878776
v 0.2133000 -0.9332860 -0.0262219
v 0.6351700 -0.8829960 -0.1685596
v 0.5943290 -0.9823641 -0.1444365
v 0.5762070 -0.9832580 -0.1265515
v 0.5695330 -0.9844650 -0.0827138
v 0.5530850 -0.9851230 -0.0625938
v 0.0262605 -0.9472510 -0.5691775
v 0.5391540 -0.9850450 -0.0453460
v 0.9828820 0.0882627 -0.2342726
v 0.8915930 -0.3403390 -0.2724236
v -0.0775947 -0.0189360 -0.5695275
v 0.9780890 0.0780374 -0.2094296
v 0.5405570 -0.9856950 -0.0238101
v 0.9859910 0.1050350 -0.2112276
v 0.5254010 -0.9865630 0.0171638
v 0.9194890 -0.2955590 -0.1938146
v 0.9038610 -0.3197280 -0.2002456
v 0.5108390 -0.9864711 0.0357128
v 0.9692710 0.2644780 -0.1699266
v 0.6606820 -0.9465261 -0.1863115
v 0.2161180 -0.9652320 -0.0856350
v 0.2796690 0.5146540 0.0275855
v -0.1223620 0.2588060 -0.1147305
v 0.4981840 -0.9865299 0.0515765
v 0.9000770 -0.3351110 -0.1555576
v 0.4971260 -0.9861341 0.0763802
v 0.4823550 -0.9850430 0.1027215
v 0.8725070 -0.0272259 -0.3144226
v 0.7941419 -0.0720280 -0.4420086
v -0.1037040 0.2567170 -0.1284575
v -0.1281410 0.2615210 -0.1360735
v -0.4656340 -0.9678270 -0.0394087
v 0.1447630 -0.1868830 0.2958065
v 0.1640380 -0.1772760 0.2882935
v -0.8140661 -0.8473060 -0.3216714
v 0.6392770 0.6146170 0.0925330
v 0.1248219 0.0543104 -0.4623435
v -0.3476990 -0.9658200 -0.1939165
v 0.6314269 -0.4768140 -0.5073696
v 0.6551520 0.4586850 0.2762105
v 0.6283839 -0.5128820 -0.4786375
v 0.6201099 -0.5365890 -0.4588546
v -0.5344510 -0.9680580 -0.2465534
v -0.0639727 0.2517680 -0.2171725
v -0.1225531 -0.9701480 -0.6033505
v 0.6270619 -0.5639820 -0.4145176
v 0.6030149 -0.5963891 -0.3713585
v -0.1564230 0.2554850 -0.0512264
v 0.5903089 -0.6093140 -0.3520415
v 0.8954560 -0.3619500 -0.1638506
v -0.1632810 0.2684530 -0.2001325
v 0.5805580 -0.6287510 -0.3142695
v 0.5744530 -0.6466630 -0.2724435
v 0.9350550 -0.2159160 -0.2180926
v 0.8564350 0.3151660 -0.0020683
v -0.1700200 0.2615630 -0.0736716
v 0.4071120 0.4768160 -0.1431595
v 0.5633030 -0.6627491 -0.2218995
v 0.5573350 -0.6675880 -0.1955435
v 0.0731228 0.2151990 -0.1923695
v 0.0894021 0.2068780 -0.2154375
v -0.2165360 0.2551520 -0.0257533
v -0.8409280 -0.8507150 -0.2725464
v 0.5857090 -0.9839571 -0.1028405
v 0.4084210 0.0383244 -0.4716605
v 0.8956269 0.5014369 -0.4087226
v 0.5165530 0.5758410 -0.2725515
v 0.6890661 0.5280030 0.5521474
v -0.4036410 -0.9630070 -0.2002365
v 0.2087060 0.8621041 0.1317095
v -0.3595040 -0.9661310 -0.3080564
v 0.0050483 0.1978080 -0.3443305
v 0.9753780 0.0700507 -0.2560206
v 0.1247280 -0.7699500 0.3106725
v -0.2261080 -0.9704670 -0.1873155
v 0.5939490 0.7698510 0.6084355
v 0.6039260 0.6278690 0.1887215
v 0.6875260 0.9098639 0.6703585
v -0.2323210 -0.9728080 -0.1377205
v 0.7230279 0.2599150 -0.6821645
v 0.0743631 -0.9203089 0.0925531
v 0.6412349 -0.4545910 -0.5169505
v -0.1313480 0.2513340 -0.0506203
v -0.1168190 0.2612330 -0.1812405
v -0.0989678 0.2584170 -0.2007335
v 0.9731699 0.1902750 -0.5233466
v 0.6445189 -0.4914870 -0.4901775
v 0.6567049 -0.5058630 -0.4705775
v 0.4330700 -0.8619601 0.1127065
v 0.6456489 -0.5262580 -0.4548745
v 0.6362989 -0.5460420 -0.4359965
v -0.1192260 0.2535240 -0.0734014
v -0.1443660 0.2577760 -0.0730285
v 0.6516959 -0.5523350 -0.4125406
v -0.7238660 -0.4629390 0.1120936
v -0.0521159 0.2429390 -0.2662265
v 0.0604233 0.6181800 0.0486303
v 0.9223489 0.2084240 -0.6076955
v -0.4288290 -0.9633470 -0.1028704
v 0.6861449 -0.9362890 -0.0004644
v 0.3886530 0.7485280 0.0138658
v 0.2663420 0.8362530 0.0841703
v 0.6144809 -0.6032990 -0.3477965
v 0.0953433 -0.9360750 0.2194075
v 0.1009320 0.1992090 -0.2355525
v 0.1099480 0.1900860 -0.2582375
v 0.1202920 0.1783250 -0.2811425
v -0.2712841 -0.1809140 -0.6946585
v 0.5913180 -0.6351360 -0.2917196
v -0.2480341 -0.1771300 -0.6998155
v 0.4535869 0.5024630 -0.2463635
v 0.5048280 -0.5298280 0.1586725
v 0.5678150 -0.6557519 -0.2468565
v 0.6305230 -0.9767640 -0.1830505
v -0.4196670 0.2394620 -0.1061864
v 0.6168980 -0.9804640 -0.1614425
v 0.6152890 -0.9817560 -0.1377465
v 0.6016140 -0.9830110 -0.1217045
v 0.5961030 -0.9845530 -0.0790196
v -0.0872822 0.2344250 -0.3404545
v 0.5800450 -0.9851940 -0.0579543
v 0.5617650 -0.9854360 -0.0384567
v -0.4358030 0.2300770 -0.0905882
v 0.5437030 -0.9858440 0.0010300
v -0.8633801 -0.5335560 -0.3494084
v 0.5361879 -0.9861010 0.0402995
v 0.5192659 -0.9864080 0.0591143
v -0.4330550 0.2365830 -0.1462394
v -0.3225940 -0.9523480 -0.3618745
v -0.4376630 -0.8967550 0.2523005
v 0.8706220 -0.3904320 -0.2843596
v -0.2521990 0.2744880 -0.1276605
v -0.3036241 -0.3987390 -0.7345195
v 0.6521419 -0.4312480 -0.5258326
v -0.2636130 0.2769440 -0.1751074
v 0.6567889 -0.4702880 -0.5003585
v 0.0970003 -0.9774890 0.2524595
v 0.6453809 -0.5691650 -0.3869985
v 0.6290179 -0.5877340 -0.3660316
v 0.4690630 0.5700099 -0.1791465
v -0.0716927 0.2128310 -0.3752835
v 0.6232740 -0.6112000 -0.3244895
v -0.0777584 0.2010960 -0.3991715
v 0.7724119 0.5599840 -0.4078415
v 0.6006490 -0.6393780 -0.2719536
v 0.7641849 0.5507830 -0.4371246
v 0.6505290 0.3292880 0.0878602
v 0.5889390 -0.6478699 -0.2549375
v 0.5867210 -0.6587440 -0.2070395
v 0.4082720 0.7281930 0.0170579
v 0.6449550 -0.9768870 -0.1659005
v -0.7086270 -0.4591960 0.1286866
v 0.6115890 -0.9836160 -0.0990955
v 0.6101310 0.7618010 0.5360715
v 0.8476539 0.5494879 -0.3675345
v 0.8669409 0.5362340 -0.3811806
v 0.5663180 -0.9856360 -0.0131969
v 0.5685050 -0.9861650 0.0126630
v 0.5484670 -0.9858080 0.0225254
v -0.5607751 -0.9194090 -0.3822524
v 0.5587589 0.5314890 -0.4631366
v -0.5718540 -0.9352400 -0.3352564
v -0.5507020 -0.9391690 -0.0057192
v -0.0614256 0.6962730 0.2139755
v -0.3637361 -0.9646320 -0.2182865
v -0.0844128 0.7418960 0.2153425
v 0.1357420 0.2004120 -0.1352985
v 0.1313480 0.2017520 -0.1566545
v 0.5411749 -0.6229780 -0.3501455
v -0.1212891 -0.4475310 -0.7621955
v 0.0116372 -0.9245410 -0.2436745
v -0.1186360 -0.9171700 -0.0050151
v -0.1434500 0.2623780 -0.1167915
v -0.4125661 0.1333830 -0.4567575
v 0.6749749 -0.4264580 -0.5181625
v 0.6673189 -0.4471990 -0.5097145
v 0.6693209 -0.4859990 -0.4828835
v -0.0837434 0.2543330 -0.1492895
v 0.6705369 -0.5166010 -0.4489505
v 0.6605919 -0.5352070 -0.4319055
v -0.1101330 0.2593880 -0.1552995
v -0.0693689 0.2494020 -0.2554845
v 0.6780410 -0.5186599 0.0731610
v 0.6388400 -0.5965390 -0.3403206
v 0.6068610 -0.6235620 -0.3082505
v 0.6115700 -0.6301100 -0.2888986
v 0.6103910 -0.6423190 -0.2508886
v -0.2296090 0.2677980 -0.0731701
v 0.7783290 -0.4876120 0.0123720
v -0.1894780 0.2714320 -0.1857565
v 0.5896250 -0.6528090 -0.2336505
v 0.5797530 -0.6618530 -0.1798525
v 0.5698340 -0.6590720 -0.1277415
v 0.3974260 0.3265780 -0.1590045
v 0.7045510 0.8195570 0.6569944
v 0.5760000 0.7530640 0.6834014
v 0.6704540 -0.9635620 -0.1681655
v 0.6368930 -0.9806010 -0.1418245
v 0.1570839 0.1627860 -0.3034535
v 0.1111179 0.1548370 -0.3478355
v 0.1225079 0.1439630 -0.3615405
v 0.1408639 0.1564440 -0.3185935
v 0.6267550 -0.9823300 -0.1191175
v 0.6215450 -0.9844030 -0.0759422
v 0.6070120 -0.9853820 -0.0548715
v 0.8197080 0.5721411 -0.3121805
v -0.0646657 -0.6466900 0.4349275
v 0.5909899 -0.9860250 -0.0301996
v 0.6889310 0.6266960 0.5757504
v 0.5525270 -0.9840320 0.0925314
v -0.5821400 -0.9490800 -0.2923484
v 0.1749350 -0.1317190 0.2763325
v -0.5895400 -0.9537790 -0.2712404
v -0.5996740 -0.9572110 -0.2453424
v 0.9311070 -0.1560410 -0.1607076
v 0.2892690 -0.8031230 0.1666535
v 0.3044770 -0.7952570 0.1395915
v -0.0804204 0.1246700 -0.4922945
v -0.0837072 0.2556020 -0.2157925
v -0.1356920 0.2638750 -0.1612725
v -0.6127270 -0.9597120 -0.2164624
v 0.6958540 0.9004591 0.6463525
v -0.6342520 -0.9578220 -0.1935504
v -0.2130591 -0.9592710 -0.6116915
v -0.6428530 -0.9581029 -0.1460884
v -0.3234990 -0.9690470 -0.1417645
v -0.6780730 -0.9387540 -0.1027384
v 0.7545200 0.5848210 -0.3173296
v 0.7325740 0.5860690 -0.3303035
v 0.6806709 -0.4980400 -0.4638295
v 0.1609509 0.1518080 -0.3263225
v 0.6947099 -0.5056000 -0.4430125
v 0.6222600 -0.5057150 0.1413795
v -0.7447080 -0.7952060 0.0545950
v 0.7628770 0.5865051 -0.1928175
v 0.6658539 -0.5545731 -0.3935606
v 0.4016619 0.2707660 -0.3534825
v 0.3964719 0.2806800 -0.3295075
v 0.6549789 -0.5794150 -0.3560945
v 0.6439490 -0.6052520 -0.3185866
v 0.6191249 -0.6464880 -0.2217555
v 0.5996841 0.7259790 0.4743425
v 0.6099141 0.7464050 0.4922774
v 0.6089890 -0.6531640 -0.1899906
v -0.8293070 -0.8662790 -0.2275774
v 0.8976700 0.0111572 -0.2909156
v -0.6956720 -0.2990060 0.1811036
v -0.3881451 0.2409050 -0.3073895
v -0.9210470 -0.7929111 -0.2420614
v 0.6594220 -0.9775500 -0.1474125
v -0.4495880 0.2136770 -0.0406671
v 0.6989039 0.0394605 -0.6548795
v 0.6374380 -0.9828629 -0.0952182
v 0.6160550 0.7483560 0.4655135
v 0.6088920 -0.9861350 -0.0130684
v 0.5903680 -0.9864550 -0.0016513
v 0.5924010 -0.9865370 0.0251063
v 0.7358880 0.5625809 0.2970704
v -0.4594321 -0.0510579 -0.5577944
v 0.9346120 -0.1696850 -0.1938656
v 0.6218801 0.7494130 0.4395075
v 0.6854829 -0.4633140 -0.4916005
v 0.6116070 0.7323300 0.4217584
v 0.6892029 -0.4816480 -0.4748926
v 0.7020169 -0.4872340 -0.4588026
v -0.2382940 0.2757130 -0.1874415
v 0.6844779 -0.5243340 -0.4263915
v 0.1920650 -0.5966800 0.2319135
v 0.6743209 -0.5410700 -0.4092585
v -0.0511687 0.1979820 -0.3916255
v -0.0554193 0.1851220 -0.4158545
v -0.2104200 0.2722270 -0.2287815
v 0.6715999 -0.5618790 -0.3710015
v -0.2083790 0.2609460 -0.0481527
v 0.6240680 -0.6312710 -0.2729505
v 0.6425730 -0.6414510 -0.1931065
v 0.6232780 -0.6479090 -0.1726566
v -0.0866225 0.2250810 -0.3608125
v 0.2449979 -0.9720010 -0.4647295
v 0.2432759 -0.9717430 -0.4389065
v 0.6005140 -0.6552300 -0.1647435
v 0.5925510 -0.6500551 -0.1151555
v 0.5666540 -0.6496910 -0.0750251
v 0.6516070 0.0835011 0.0969461
v -0.6632231 -0.0092653 -0.3837284
v -0.4361030 -0.9639421 -0.2567835
v 0.6575410 -0.9809690 -0.1187505
v 0.9961350 0.1917880 -0.2510736
v 0.6433300 -0.9840339 -0.0729052
v 0.6328650 -0.9852000 -0.0535785
v 0.6191590 -0.9859400 -0.0321050
v 0.5366339 -0.5663180 -0.4601885
v 0.6181070 -0.9845200 0.0345048
v -0.2572520 -0.9759910 -0.0891212
v 0.3446060 -0.9822530 0.1054085
v 0.9261930 0.3922550 -0.1774886
v -0.4127140 -0.9039270 0.2629305
v 0.0579664 -0.9229350 -0.3607025
v 0.7088639 -0.5122120 -0.4194525
v -0.1917540 0.2694860 -0.1246685
v 0.6861699 -0.5464330 -0.3859905
v -0.2103980 0.2695200 -0.1014095
v 0.1690170 -0.0107992 0.2249495
v -0.1319260 0.2585750 -0.0951067
v -0.3464170 -0.9699390 -0.0809276
v 0.6637080 -0.5898629 -0.3261606
v 0.6583650 -0.6072350 -0.3006035
v 0.9768210 0.2399910 -0.1806906
v 0.7530230 -0.5053940 0.0117118
v 0.6491740 -0.6211110 -0.2761025
v -0.0237661 -0.9233290 -0.2946405
v 0.6373860 -0.6331820 -0.2502725
v 0.1950920 -0.9702491 -0.1267645
v 0.1556510 -0.9546731 -0.1817485
v -0.1559500 0.2660590 -0.2281465
v -0.3185201 -0.6632940 -0.7026424
v -0.8096191 -0.5581630 -0.3613554
v -0.7478070 -0.0813094 -0.0643117
v 0.2265910 -0.7993840 0.2433885
v 0.5641840 -0.6413540 -0.0279311
v 0.1258809 -0.9266800 -0.3420625
v 0.1652920 0.1400320 -0.3533185
v 0.4142030 -0.3935240 0.2369175
v 0.1403060 0.1359610 -0.3672795
v 0.9663580 0.1278290 -0.1267416
v 0.6838190 -0.9727139 -0.1390985
v -0.2303101 -0.1663260 -0.6943655
v 0.6635790 -0.9824409 -0.0850961
v 0.8907359 0.5282280 -0.3666456
v -0.0645889 -0.1626950 0.3585345
v 0.1112789 -0.7913890 -0.6454785
v 0.3478450 0.4742870 -0.0092031
v 0.1423110 -0.9468570 -0.2052935
v -0.0006613 -0.9236010 -0.1395395
v 0.9327979 0.3897550 -0.4447226
v -0.3948360 -0.9728870 -0.0060170
v 0.2319540 -0.9629010 0.3765785
v -0.2583880 0.2656600 -0.0587927
v -0.1454501 0.2566700 -0.3003885
v -0.1570611 0.2612410 -0.2780375
v -0.1701370 0.2655440 -0.2513115
v 0.7061909 -0.4688480 -0.4733166
v 0.7189019 -0.4742790 -0.4571415
v 0.8758039 -0.4083200 -0.1292106
v 0.6974959 -0.5305430 -0.4028035
v 0.6792509 -0.5700220 -0.3435766
v -0.2357780 0.2611990 -0.0413907
v 0.6858750 -0.5772560 -0.3199995
v 0.6809420 -0.5922970 -0.3009225
v 0.6737840 -0.6084321 -0.2780516
v -0.1806820 0.2318330 0.0266769
v -0.1971730 0.2649530 -0.0741595
v 0.6646700 -0.6213210 -0.2532445
v 0.6308630 0.7692209 0.4848095
v 0.4112049 -0.9733790 -0.4257355
v 0.6344841 0.7661231 0.4554555
v 0.2097040 -0.9472530 -0.0576210
v 0.0176417 0.1055750 0.1480135
v 0.6163900 -0.6444730 -0.1274285
v 0.6321480 0.5659200 -0.0258114
v 0.5267240 -0.8561610 -0.2211695
v 0.6122341 0.5996190 0.5765875
v 0.5913750 -0.6414911 -0.0627009
v 0.5720150 -0.6338710 -0.0091783
v 0.6933340 -0.9759790 -0.1024765
v 0.4332739 -0.6153539 -0.4491705
v 0.6607570 -0.9837220 -0.0540914
v 0.2528250 0.8160460 0.0017131
v 0.6442620 -0.9853801 -0.0305171
v 0.6295310 -0.9855750 -0.0098314
v 0.7114919 0.0581321 -0.6755865
v 0.7208549 -0.4899930 -0.4377565
v 0.4817890 0.3382570 0.0154404
v 0.7092909 -0.5360470 -0.3785825
v 0.6979089 -0.5516690 -0.3580065
v 0.4692400 0.5257720 -0.2967325
v 0.7627090 0.0667503 0.0552235
v 0.6735220 0.7557050 0.3285294
v 0.4057559 0.3034490 -0.3186035
v 0.6539880 -0.6326970 -0.2257805
v 0.6740500 -0.6254660 -0.2031446
v -0.3703161 0.2400830 -0.3301355
v 0.1318159 -0.5924520 -0.5156045
v 0.6434500 -0.6399360 -0.1629275
v -0.4552560 0.2177110 -0.0713936
v 0.4940600 -0.6966590 0.0295617
v 0.6147720 -0.6366650 -0.0789533
v -0.3998921 0.2462700 -0.2631965
v -0.4060711 0.2389150 -0.2882054
v -0.5196641 -0.9320860 -0.4200724
v 0.3124440 0.7765220 -0.0251260
v 0.0600430 0.2080050 -0.0624789
v 0.6619809 0.4966940 -0.5289596
v 0.6446590 -0.9831589 0.0414091
v 0.6366729 0.4607780 -0.5403035
v 0.6686980 -0.9838639 -0.0267252
v 0.9599760 0.0531134 -0.2746776
v 0.7286680 -0.5221000 0.0094530
v -0.1601581 0.2014100 -0.4237195
v -0.1331270 0.2026000 -0.4159455
v -0.1373021 0.1864090 -0.4399495
v 0.9911920 0.2211600 -0.2533616
v 0.6861239 0.0190290 -0.6051145
v 0.6798559 0.0132783 -0.5792475
v 0.2354540 -0.9263300 0.0203926
v 0.9953300 0.1314630 -0.2583576
v 0.3238610 0.4981400 0.0265349
v 0.3039530 0.4953960 -0.0151314
v 0.1467570 -0.1362760 0.2842805
v 0.6739309 0.0076109 -0.5511945
v 0.3718520 0.4970920 0.0316121
v 0.4642940 0.3482350 -0.0035984
v -0.5525991 -0.9327821 -0.3574404
v 0.1620150 -0.1542600 0.2833705
v -0.2266810 -0.9782870 0.2275935
v 0.6187010 0.7638750 0.5119074
v -0.2604680 -0.0759073 0.2600996
v 0.7213509 -0.5190769 -0.3943385
v -0.1961910 0.2685130 -0.2501065
v -0.2211990 0.2710960 -0.2497735
v 0.7187379 -0.5384640 -0.3578416
v 0.2188010 -0.9718879 -0.2536125
v 0.9507399 0.0631651 -0.4318156
v 0.7007150 -0.5613281 -0.3285115
v 0.7037710 -0.5739580 -0.2994916
v 0.6955320 -0.5940599 -0.2777975
v 0.6884130 -0.6083000 -0.2562535
v 0.6809150 -0.6174830 -0.2311035
v 0.6934000 -0.6124181 -0.1830795
v -0.1643710 0.2684940 -0.1671725
v -0.1931500 0.2714900 -0.1537925
v -0.1765101 -0.0726983 -0.5847715
v -0.1432340 0.2625460 -0.2545505
v 0.6396950 -0.6381921 -0.1381445
v 0.6421990 -0.6249740 -0.0721799
v -0.5621230 -0.9495620 -0.3077454
v 0.2621320 0.1040140 -0.4179355
v 0.6836050 -0.9813640 -0.0424091
v 0.6790650 -0.9807590 -0.0030355
v 0.4560980 0.3878020 -0.0213080
v 0.7280260 0.8613480 0.5681054
v 0.6635490 -0.9826280 0.0198322
v 0.7557870 0.8567261 0.5608135
v 0.7430729 0.0616016 -0.6754085
v 0.7279439 0.0391884 -0.6560336
v 0.2899529 -0.6283230 -0.5464705
v -0.0676508 -0.6020809 0.4485505
v 0.7159509 0.0243767 -0.6354676
v 0.0910868 0.9441960 0.1331815
v 0.0732104 0.9574140 0.1547855
v 0.4209720 0.4867160 -0.1654945
v 0.1710390 0.1989020 -0.1021255
v 0.1531940 0.1945410 -0.0794398
v 0.7089409 0.0151252 -0.6125925
v 0.9321589 -0.1901970 -0.2319076
v 0.3340220 0.7909570 0.0394814
v 0.6989569 0.0022151 -0.5603846
v -0.0460024 -0.9229800 -0.2992095
v 0.7571629 -0.4519000 -0.4338906
v -0.1737031 0.2506570 -0.3337435
v 0.7464649 -0.4767860 -0.4238595
v 0.7337549 -0.4992230 -0.4100586
v -0.1513261 0.2428990 -0.3513525
v -0.1281030 0.2328000 -0.3667925
v -0.1855730 0.2697620 -0.2209935
v 0.7315019 -0.5249420 -0.3689005
v -0.1026010 0.7772950 0.2879215
v -0.5107390 -0.5218040 0.3217095
v 0.4629909 0.5322419 -0.2440455
v 0.0629160 0.2082880 -0.2498895
v 0.7258680 -0.5599650 -0.2847245
v -0.0738714 0.2499720 -0.1175125
v 0.7053699 -0.5953480 -0.2575805
v 0.7027080 -0.6025240 -0.2365795
v 0.2825170 -0.9703701 -0.3198595
v 0.4307600 0.6817610 -0.0806110
v -0.3057870 -0.9700450 -0.1638935
v 0.6085910 0.8564670 0.6803195
v 0.0431718 0.2183590 -0.2383715
v 0.0306915 0.0769588 0.1822025
v 0.6527300 -0.6281770 -0.0995975
v -0.3027191 0.1890130 -0.4387095
v 0.7080140 -0.9696490 -0.0404853
v 0.6894370 -0.9793520 -0.0237613
v 0.7290809 0.0153866 -0.6175205
v -0.6294200 -0.5728130 0.2159646
v 0.7047809 0.0079620 -0.5868545
v -0.4221841 -0.9660000 -0.3010535
v -0.6307361 -0.1880110 -0.5355564
v -0.3373260 0.2363360 -0.3624965
v 0.4710519 -0.0504073 -0.5338655
v -0.4561710 -0.9703400 -0.0141255
v -0.3049600 0.2141210 -0.4039415
v -0.3128951 0.2012510 -0.4217454
v -0.0626599 -0.9234411 -0.2799605
v -0.2765571 -0.8176160 -0.6473535
v 0.7450709 -0.5062470 -0.3831495
v 0.8706229 0.5436500 -0.3536126
v 0.7179950 -0.5458159 -0.3375455
v 0.5171370 -0.6764981 -0.1553135
v 0.7206970 -0.5529740 -0.3119905
v 0.7318610 0.1453100 0.0846725
v 0.8747829 -0.0769781 -0.3481266
v 0.7149940 -0.5802090 -0.2707875
v 0.6978730 -0.9625380 -0.0090504
v 0.3556139 -0.2994570 -0.5792295
v 0.6975250 -0.6081090 -0.2108355
v 0.0499820 0.7005520 0.2020545
v 0.6636450 -0.6304690 -0.1470595
v -0.3483620 -0.9678980 -0.1164835
v -0.6138941 0.0377565 -0.4115374
v -0.4765430 -0.7970099 0.2652006
v 0.6413420 -0.6152020 -0.0409571
v 0.4764929 0.5552930 -0.2274855
v -0.9702050 -0.5067140 -0.2221344
v 0.6178230 -0.6207290 -0.0229997
v -0.6658220 -0.9299420 -0.0518323
v 0.7423310 0.5802050 -0.0328275
v -0.8305940 -0.8477330 -0.2981304
v -0.9390620 -0.7717431 -0.2478964
v 0.7568949 0.0400806 -0.6505906
v 0.7418149 0.0243504 -0.6328005
v 0.6031210 0.7437570 0.5179575
v 0.7287569 0.0073887 -0.5956395
v 0.7139899 -0.0055326 -0.5435825
v 0.3793229 -0.5283810 -0.5372345
v 0.1840230 0.0542187 0.1922635
v -0.8462541 -0.8533000 -0.2455824
v 0.7227220 0.5980870 -0.0007913
v -0.4627380 -0.9652300 -0.0656303
v 0.7215919 0.5908459 -0.0235305
v -0.2066301 0.2656810 -0.2738014
v 0.5671020 -0.6184820 0.0284263
v -0.1940711 0.2613280 -0.2935925
v -0.1708961 0.2579400 -0.3035065
v 0.7671999 -0.4614830 -0.4110546
v 0.7570429 -0.4849890 -0.3985385
v 0.7354439 -0.5318340 -0.3442515
v 0.7340350 -0.5395670 -0.3233106
v -0.2211630 0.2731270 -0.1340295
v 0.6883980 -0.9130350 -0.0174432
v 0.7198980 -0.5858840 -0.2446065
v 0.7168850 -0.5908850 -0.2184815
v -0.7627800 -0.1240610 -0.0552950
v -0.7528670 -0.0993603 -0.0468404
v -0.7434400 -0.0953685 -0.0220511
v 0.6905830 -0.6160530 -0.1515805
v 0.6772520 -0.6227980 -0.1309945
v 0.6749750 -0.6203901 -0.1095125
v 0.6655300 -0.6088850 -0.0570223
v 0.1895379 -0.9659491 -0.3310205
v -0.3389771 -0.9707760 -0.5288994
v -0.7544090 -0.0888048 -0.1130874
v -0.7821701 -0.3604820 -0.3480744
v -0.8993091 -0.5364350 -0.3461244
v 0.0775935 -0.9266371 -0.2755475
v -0.0638072 0.1089150 0.1653475
v 0.7710859 0.0257014 -0.6215575
v 0.1968080 0.1793600 -0.2971875
v 0.7499499 0.0120557 -0.6080585
v 0.7269079 -0.0022226 -0.5656165
v 0.7148239 -0.0126000 -0.5207896
v 0.7902060 0.5822560 -0.2008786
v 0.7723500 0.5869280 -0.2224696
v 0.4404809 -0.4570910 -0.5633275
v 0.6170810 0.5552250 -0.0090948
v 0.4114099 -0.7319630 -0.4736605
v 0.7263609 -0.4551020 -0.4664755
v 0.6321620 0.6686680 0.7272684
v 0.7763089 -0.4368060 -0.4208275
v 0.6362430 0.6409160 0.7099854
v -0.7317751 -0.1583590 -0.3818234
v 0.7768389 -0.4688220 -0.3870275
v 0.8361180 -0.4625160 -0.1601066
v -0.6394570 -0.6000800 0.2033126
v 0.6532190 0.7470570 0.3375325
v 0.7555059 -0.5125290 -0.3521485
v 0.5590080 -0.9777840 -0.3008925
v 0.4338220 0.1560390 0.1203565
v -0.0505903 -0.9690551 0.2213475
v 0.7517670 -0.5261140 -0.3236345
v 0.7427040 -0.5398860 -0.2979545
v 0.7422510 -0.5491750 -0.2714565
v 0.7323780 -0.5659150 -0.2571465
v -0.1644391 -0.8185960 -0.6348965
v 0.7113790 -0.5929680 -0.1929925
v 0.6943670 -0.6106130 -0.1225235
v 0.4584419 0.0644354 -0.4577815
v -0.7996141 -0.8255850 -0.3675444
v 0.7820989 0.0456909 -0.6401026
v -0.1297200 0.2185880 -0.3919155
v 0.7527919 -0.0008508 -0.5814245
v 0.7342119 -0.0110999 -0.5363446
v -0.3312941 -0.9431170 -0.3810115
v 0.6165720 0.5555730 0.4874555
v -0.3303300 -0.9288930 -0.3986055
v 0.5082759 -0.8564980 -0.5985735
v -0.0369879 -0.9201180 -0.3694435
v -0.0287015 -0.9222020 -0.1029325
v 0.4598820 -0.6486360 0.0959185
v 0.5210649 0.5347840 -0.4273205
v 0.7882709 -0.4135590 -0.4308895
v -0.4195501 -0.9681430 -0.3701124
v -0.1174680 0.2432520 -0.0275239
v 0.7849919 -0.4456910 -0.3984126
v 0.7929889 -0.4523350 -0.3762445
v 0.4910780 0.5542580 0.0093098
v 0.4937559 0.5391960 -0.3762655
v -0.4039071 -0.9649590 -0.2830355
v 0.5170790 -0.9833651 -0.1850785
v -0.7402011 -0.1839190 -0.3826364
v 0.7674739 -0.4907370 -0.3720835
v 0.7721330 -0.5072080 -0.3239875
v 0.7667940 -0.5209171 -0.2985205
v 0.0049296 0.2330060 -0.2142795
v 0.5871810 0.7180150 0.5487705
v 0.1768610 -0.1040930 0.2732585
v 0.7359630 -0.5699110 -0.2253215
v 0.7263510 -0.5785789 -0.2020375
v 0.5919350 0.6913739 0.3830805
v 0.7120910 -0.5964730 -0.1657525
v 0.2019209 0.1612520 -0.3343095
v 0.7131480 -0.5970840 -0.1369645
v 0.6916800 -0.6059780 -0.0967532
v 0.6882170 -0.6007880 -0.0710283
v -0.2475420 -0.9756891 -0.1140755
v 0.7766589 0.0052868 -0.5955666
v 0.7550029 -0.0097822 -0.5524586
v 0.3894629 -0.4204700 -0.5714405
v 0.7406729 -0.0415393 -0.4943796
v 0.0238221 -0.9243740 -0.2979345
v -0.3675531 -0.1106220 -0.6274504
v 0.7963669 -0.4238840 -0.4089345
v -0.3224441 0.2262350 -0.3843924
v 0.0674077 -0.9412180 -0.7098475
v 0.5201910 -0.6852720 -0.0770232
v 0.7781739 -0.4920990 -0.3458745
v 0.8919450 -0.3537840 -0.1095816
v 0.7818339 -0.5163950 -0.2731026
v -0.7863730 -0.3062600 -0.3291464
v 0.1589970 0.5747000 0.0704658
v 0.7596990 -0.5338540 -0.2725735
v 0.2109059 0.1758420 -0.3138315
v 0.7518040 -0.5475010 -0.2453735
v 0.2264849 0.1705830 -0.3344235
v 0.7419680 -0.5639440 -0.1958255
v 0.6205850 0.5967489 0.0997668
v 0.7281080 -0.5782740 -0.1789345
v -0.1129811 0.1729700 -0.4524355
v -0.6817101 -0.1496880 -0.4543344
v 0.7110990 -0.5938680 -0.1095525
v -0.1859171 0.1960050 -0.4316455
v 0.7075720 -0.5901810 -0.0842238
v 0.7048180 -0.5846190 -0.0605724
v -0.1002991 -0.9189980 -0.3743935
v 0.4460989 -0.4357590 -0.5710786
v -0.8029420 -0.3475350 -0.0713790
v -0.1840091 0.2135830 -0.4099104
v 0.8029009 0.0535947 -0.6292996
v 0.7930779 0.0353821 -0.6213666
v -0.1809011 0.2287410 -0.3860455
v -0.2040320 0.2381340 -0.3688264
v 0.8064569 0.0035017 -0.5786886
v 0.7793819 -0.0063255 -0.5665515
v 0.5967391 0.7412220 0.5432685
v 0.7658160 0.5703080 -0.0702562
v 0.7571649 -0.0156874 -0.5244935
v -0.2612420 0.2727450 -0.1060825
v 0.7585249 -0.0254363 -0.4996735
v 0.7001740 0.6047930 0.0060635
v 0.7617389 -0.0436500 -0.4776315
v -0.0477894 0.0844953 0.1843985
v -0.2796100 0.2712180 -0.0947606
v 0.0190578 -0.9249480 -0.2164355
v -0.2767390 0.2676770 -0.0729102
v 0.8029729 -0.4327500 -0.3870235
v 0.8068069 -0.4392880 -0.3679996
v -0.1283760 -0.4002470 0.4674755
v 0.9245210 -0.1116020 -0.1726046
v 0.9110170 -0.0792795 -0.1462946
v -0.7775131 -0.2871030 -0.3441234
v 0.7860019 -0.4728080 -0.3626385
v 0.4591419 0.5522790 -0.1872835
v 0.6570320 0.7639101 0.3813575
v 0.7876480 -0.4895560 -0.3242685
v 0.7890570 -0.4974230 -0.2986715
v 0.4916880 0.6163690 -0.1280465
v 0.4819309 0.5566080 -0.2553465
v 0.7735770 -0.5295891 -0.2493045
v 0.9563980 0.4965600 -0.2308526
v 0.7548510 -0.5498919 -0.2148265
v 0.7359680 -0.5653020 -0.0828748
v 0.7438550 -0.5629470 -0.1037045
v 0.7317700 -0.5794880 -0.1509405
v -0.2653271 -0.9695200 -0.5264305
v -0.2524571 -0.9706841 -0.5486355
v -0.2761761 0.1886720 -0.4395955
v -0.1049121 -0.9171571 -0.3984425
v -0.7965890 -0.3502790 -0.0463100
v -0.4673411 -0.3207710 -0.6627534
v 0.8138769 0.0364504 -0.6137986
v -0.4636611 -0.3422280 -0.6721384
v 0.2289460 0.5670410 0.0903933
v 0.7794779 -0.0124789 -0.5372695
v 0.7795479 -0.0238258 -0.4865885
v 0.7396930 0.8490460 0.5425515
v -0.0420801 -0.9540850 -0.6649954
v -0.0041037 0.2351810 -0.1469715
v 0.3754220 -0.2086190 0.2631145
v 0.0074123 0.2333310 -0.1704075
v -0.0536449 -0.9218280 -0.3237415
v 0.8012909 -0.4547100 -0.3543006
v 0.5140299 -0.8069350 -0.5365306
v 0.2081020 0.5992160 0.1226655
v 0.7949920 -0.4738010 -0.3388425
v 0.1800960 0.6071460 0.1279095
v 0.7942860 -0.5135840 -0.2482356
v 0.7675710 -0.5375910 -0.2287206
v -0.0854062 0.8377690 0.3531395
v 0.8286889 0.5608820 -0.3528335
v 0.7598330 -0.5464640 -0.1878805
v 0.9332430 0.3513900 -0.1800206
v 0.7191369 0.3512040 -0.6468505
v 0.6594900 0.7439110 0.3179184
v 0.9485230 0.3362990 -0.2772586
v 0.6355740 -0.6359670 -0.1146325
v 0.9841580 0.0974163 -0.2924476
v 0.9719300 0.0832404 -0.3143716
v -0.2386081 -0.9623630 -0.5999975
v 0.8765830 0.4192780 -0.0902774
v 0.8293589 0.0571720 -0.6270486
v 0.8230259 0.0184957 -0.5966836
v -0.7859320 -0.2390750 -0.2946734
v 0.8036889 -0.0056617 -0.5477325
v 0.7788339 -0.0174492 -0.5109015
v 0.9203120 0.3295620 -0.0875237
v 0.9227690 0.3082020 -0.0705009
v 0.5820481 0.7414390 0.6401095
v -0.0132888 -0.9212620 -0.0057951
v 0.0656925 -0.9264610 -0.2317965
v -0.3668070 -0.1676150 0.2907906
v 0.8204349 -0.4220300 -0.3727466
v 0.8172959 -0.4348880 -0.3497795
v 0.7680610 0.1876190 0.0776975
v 0.8107640 -0.4546210 -0.3312135
v 0.6745329 0.6004781 0.0133513
v -0.7842440 -0.2776150 -0.3223764
v 0.4532290 -0.7207520 -0.3494645
v 0.6440180 0.6322230 0.1141495
v 0.7848189 -0.5256650 -0.2272936
v 0.7734430 -0.5355080 -0.2074856
v -0.5136611 -0.9409140 -0.3969954
v -0.5326631 -0.9339830 -0.3776514
v 0.5387699 0.5487680 -0.4296516
v -0.2906280 -0.9439240 0.1536105
v -0.7937780 -0.7139510 0.0612876
v -0.7123160 -0.9167510 -0.2584974
v 0.6710900 0.8932400 0.6536325
v -0.0559378 0.2386840 -0.2933505
v -0.0359778 0.2282650 -0.3113435
v 0.4919849 -0.8279510 -0.3263005
v -0.7384700 -0.8579370 0.0113164
v -0.0155466 0.2367440 -0.1231435
v 0.4041850 0.5034910 -0.1504985
v 0.8393699 0.0353876 -0.6100765
v -0.3743560 -0.9649230 -0.1438304
v 0.8317079 0.0095892 -0.5772446
v -0.4310120 -0.2011970 0.2925366
v 0.1428559 -0.7508370 -0.5312154
v 0.0445038 0.6348950 0.1325655
v 0.1487940 0.1895240 -0.0507223
v 0.4120840 0.6151220 0.0640818
v 0.3358600 -0.9715830 -0.4850355
v 0.3238269 -0.9722830 -0.4609585
v 0.6443821 0.8608460 0.6365184
v 0.6234140 0.8354990 0.6315615
v -0.2910241 -0.9709790 -0.1809255
v 0.6573250 0.8358680 0.5864064
v 0.3199320 -0.6629640 0.1349295
v 0.8013449 -0.0116477 -0.5196045
v -0.8059520 -0.4285490 -0.2770544
v 0.7969199 -0.0163932 -0.4976496
v 0.8279780 -0.4327510 -0.3247435
v 0.8187200 -0.4537370 -0.3055165
v -0.4796621 -0.9635820 -0.2072004
v 0.0671817 -0.1387140 -0.5902385
v 0.9627579 0.0757926 -0.4450606
v 0.7428451 0.8936660 0.6651414
v 0.7161630 0.9079159 0.6666874
v -0.1670321 -0.9705410 -0.5870525
v 0.3836700 -0.9842290 0.0775550
v 0.7806030 -0.5317510 -0.1827486
v 0.8035730 -0.5106040 -0.2248076
v 0.6724541 0.7781370 0.4009455
v 0.8255449 0.1798240 -0.6789115
v -0.4523441 -0.9622380 -0.1958614
v -0.0213857 -0.9185359 -0.4078355
v -0.0441669 -0.9224859 -0.1234035
v 0.8174889 0.1550260 -0.6658016
v -0.6865560 -0.8168110 0.0575443
v -0.5445990 -0.9456249 -0.3324674
v -0.7961450 -0.2773050 -0.2572524
v 0.8534759 0.0508421 -0.6227686
v 0.8258149 -0.0038359 -0.5273915
v -0.4219310 -0.4926920 0.3676296
v 0.8177699 0.2374630 -0.6968926
v 0.8454909 0.2388670 -0.6823745
v 0.8023039 -0.0180923 -0.4750285
v -0.1907430 -0.9126340 0.0761538
v 0.5916640 0.5639790 0.4191615
v -0.3354441 -0.9661150 -0.2930335
v 0.6501141 0.5186270 0.4926895
v 0.8226199 0.2942120 -0.6777986
v -0.0901848 -0.9180840 0.0023582
v 0.1491469 -0.9684370 -0.5857275
v 0.8274399 0.2669090 -0.6870086
v 0.5855150 0.7031360 0.5324435
v 0.1011689 -0.9261670 -0.3231755
v 0.8209329 0.3140840 -0.6681055
v 0.8018399 -0.4743090 -0.3141855
v 0.1906099 -0.9668790 -0.6251825
v 0.8008440 -0.5157120 -0.1802346
v 0.8040239 0.3351030 -0.6623625
v -0.2195761 0.2564260 -0.3234034
v 0.7867220 -0.5242240 -0.1569486
v -0.2253971 0.2477080 -0.3502245
v 0.8021230 -0.4959260 -0.2688935
v -0.1991381 0.2494460 -0.3429235
v -0.4661030 -0.4074050 0.3358696
v -0.5654261 -0.9581420 -0.2789024
v -0.5668610 -0.9638290 -0.2506754
v 0.8252510 -0.4854430 -0.1560866
v -0.5807230 -0.9651670 -0.2230764
v -0.3549820 -0.9707969 0.1194915
v 0.8694869 0.0367196 -0.6043145
v 0.8482109 0.0201237 -0.5888465
v 0.8514479 0.0099106 -0.5639146
v 0.6012789 -0.8704669 -0.3789316
v 0.8283919 0.0019997 -0.5555286
v -0.4449140 -0.5881970 0.3494456
v 0.8878829 0.4039870 -0.1012756
v -0.9506370 -0.7586560 -0.2246834
v 0.9712870 0.0675454 -0.1867996
v -0.4377040 -0.9707820 -0.0288373
v 0.9289780 -0.1777460 -0.1459296
v 0.8218969 -0.0084176 -0.4955156
v 0.6082940 -0.0686535 0.1935715
v -0.2107640 -0.9410030 0.1767155
v -0.2946801 -0.1998990 -0.6974255
v 0.8965570 -0.0178875 -0.1775346
v 0.7233529 0.3744530 -0.6361476
v 0.7281309 0.3959330 -0.6244256
v -0.0211542 -0.9217110 -0.0577086
v -0.1420790 -0.9253340 0.1734365
v -0.6857140 -0.3469290 0.1932696
v -0.6675020 -0.3396230 0.2104906
v 0.6828129 0.0600486 -0.6725716
v -0.4694460 -0.9624150 -0.1586554
v -0.0875660 -0.9146340 -0.4405735
v -0.7660340 -0.1456600 -0.0391130
v 0.6317980 -0.6191250 -0.2989185
v 0.7977359 0.0184426 -0.6061766
v -0.5894240 -0.9662369 -0.2016104
v 0.3034129 -0.9646879 -0.2136295
v -0.6071960 -0.9646460 -0.1871194
v -0.0009371 -0.9240160 -0.1694245
v -0.2050430 -0.9116690 0.1219775
v -0.4075190 -0.9631060 -0.2258925
v 0.6693079 -0.6299540 -0.1736825
v -0.3572181 -0.0852998 -0.6074174
v 0.7331599 0.5795230 -0.3632875
v -0.1746870 -0.9144630 0.0260302
v 0.8755859 0.0609907 -0.6236655
v -0.8303341 -0.5665060 -0.3749394
v -0.8328611 -0.5455920 -0.3571174
v 0.7413020 0.3854160 0.0666799
v 0.8740689 0.0205597 -0.5756286
v 0.6739050 0.8209020 0.5371495
v 0.4740660 -0.4816750 0.1938925
v 0.8504189 0.0033767 -0.5371456
v -0.3109370 -0.7082840 0.3741485
v 0.8275429 -0.0051377 -0.4598235
v -0.0303543 0.1817420 -0.4069325
v 0.0655407 -0.9670990 -0.6615845
v -0.2440170 -0.3115860 0.4235835
v 0.3968350 0.5412110 0.0504283
v 0.5149420 -0.8768290 -0.2735035
v -0.1458210 -0.9778070 0.2272195
v 0.5861430 0.7661170 0.6329024
v -0.4293871 -0.9625330 -0.2107424
v -0.1929241 -0.1619180 -0.6950725
v -0.1255160 -0.9684570 0.2093975
v 0.1679229 -0.9674710 -0.6052685
v -0.0990796 -0.9723760 0.2186165
v -0.6153630 -0.9638849 -0.1416194
v 0.5532410 -0.8357960 0.0312112
v 0.5732170 -0.8502710 0.0384732
v -0.1569801 0.2174430 -0.4014225
v -0.6312960 -0.9579710 -0.1190504
v -0.6479390 -0.9473820 -0.0933448
v 0.4579120 0.5848590 -0.1609745
v -0.1323400 -0.9465801 0.1905845
v 0.0578858 -0.9164430 -0.4590675
v 0.8952559 0.0539714 -0.6063026
v 0.2872230 -0.9597059 0.0182423
v 0.8933000 0.3844760 -0.0867847
v 0.6653140 0.6355090 0.0888288
v -0.1209960 -0.3271280 0.4674915
v 0.6805400 0.5883020 -0.1559735
v 0.7711470 -0.0711000 0.0967262
v 0.8224159 -0.0088963 -0.4297256
v -0.9556910 -0.7340610 -0.2779174
v 0.1037649 -0.9142390 -0.4796835
v -0.0739983 0.2470360 -0.2765365
v 0.0189252 -0.9233130 -0.3272065
v -0.6190550 -0.9336790 -0.0256515
v -0.1202810 -0.9142710 0.1009812
v 0.9948940 0.1390130 -0.3089446
v 0.1179689 -0.9473180 -0.5489914
v -0.0260478 0.2370440 -0.0994615
v 0.6430290 -0.5979910 0.0146583
v 0.5304090 0.5817950 -0.2367325
v 0.1948119 -0.9480900 -0.6674194
v 0.0690969 -0.9841150 0.2891915
v -0.1519090 -0.9658550 0.2026465
v -0.1008660 -0.9156070 0.0772230
v 0.0831594 -0.9251270 -0.3389445
v 0.5009309 -0.6229171 -0.3735255
v 0.6365049 -0.4138130 -0.5433906
v 0.2510730 -0.6851890 0.1226215
v -0.1249060 -0.9144750 0.1512915
v -0.0397841 0.2306830 -0.0481563
v -0.1400230 -0.9190390 -0.0715224
v -0.4521100 -0.9619690 -0.1445374
v -0.2486290 -0.9745770 -0.1909215
v -0.0943750 -0.3224440 0.4715335
v 0.5956060 0.7239770 0.5006725
v -0.0051948 -0.9694970 -0.6233555
v 0.8958069 0.0362449 -0.5854575
v 0.4024060 0.3285590 -0.1291505
v 0.1164750 -0.9664220 0.3492045
v 0.4437840 0.6953560 -0.0060455
v 0.6507980 0.6717300 0.7031824
v 0.8746209 0.0115557 -0.5472246
v 0.4798329 0.5477210 -0.2984405
v -0.0829586 -0.9207220 -0.0899812
v 0.8729469 0.0062597 -0.5195336
v 0.8718439 0.0050198 -0.4926866
v 0.7424640 0.6743110 0.1641165
v -0.0034808 -0.9233410 -0.3075695
v -0.0368063 -0.9236250 -0.2758545
v 0.9217830 -0.1114980 -0.1480436
v 0.1028540 0.7518930 0.2216385
v 0.4991699 -0.8089730 -0.1740005
v 0.6489530 -0.1178420 0.1833375
v 0.1911370 -0.0823500 0.2654865
v -0.9810840 -0.6918030 -0.2119834
v 0.8048349 0.1936240 -0.6915916
v 0.8062949 0.2158920 -0.6986236
v 0.5023740 -0.8873820 0.1000139
v 0.7895529 0.2329090 -0.7024166
v -0.7348511 -0.8321730 -0.4067294
v -0.2950830 -0.9727470 -0.0086186
v -0.2149370 -0.9658630 -0.1611735
v -0.3041980 -0.9759250 -0.0305258
v -0.7589980 -0.3920890 0.0589904
v 0.7965739 0.2590800 -0.6985776
v 0.0922471 -0.9289620 -0.7149814
v 0.0033180 -0.9543869 -0.6798365
v 0.7995209 0.3096620 -0.6780476
v -0.0391130 -0.9190060 -0.3946215
v -0.2579030 0.1216720 -0.4980924
v -0.6175270 -0.9191730 -0.0018078
v -0.2377371 -0.8342310 -0.6235825
v 0.0208631 -0.9691550 -0.6336595
v -0.4500530 -0.9619859 -0.1698234
v 0.0231976 -0.9666229 -0.6627115
v 0.3608070 0.4806010 0.0149907
v 0.3853970 0.4787430 0.0149287
v 0.9114399 0.0518342 -0.5903265
v -0.4462640 -0.1818760 0.2810425
v -0.4635640 -0.1632940 0.2735426
v 0.8565129 0.0055502 -0.4537156
v -0.6923450 -0.9230990 -0.2666124
v 0.0231900 -0.9249721 -0.1874005
v -0.0656292 -0.9208640 -0.0703197
v 0.7941149 0.3856750 -0.6303346
v -0.6006731 -0.8835310 -0.3949374
v 0.7214390 -0.4802280 0.0900486
v -0.8133270 -0.4159170 -0.1639454
v -0.8150300 -0.4425750 -0.1744654
v 0.0952915 -0.8988791 -0.7138544
v -0.1374310 -0.9222380 -0.2390275
v -0.1023040 -0.9208930 -0.1102675
v 0.9985190 0.1683050 -0.3025096
v -0.0703565 -0.9149880 0.1511795
v 0.7121220 0.8457040 0.5473655
v -0.1540130 -0.9146650 0.1512905
v 0.3835630 0.5188900 0.0431151
v 0.6627059 0.0270029 -0.5989055
v 0.4085460 0.5184510 0.0363652
v -0.0807963 -0.9211750 -0.3280795
v -0.0972698 -0.9210680 -0.3072195
v 0.4439200 0.3364590 -0.3541285
v 0.4576159 0.3460110 -0.3716685
v 0.4677959 0.3407220 -0.3952495
v -0.1123760 -0.9215820 -0.2866715
v -0.3372411 -0.9668870 -0.3215275
v 0.8839680 -0.0279198 -0.1015886
v -0.0209438 -0.9229161 -0.1255615
v 0.8418589 0.0025880 -0.4363455
v -0.4303910 -0.9625289 -0.1291694
v -0.1495791 -0.9686670 -0.6062164
v 0.6635300 0.6060200 0.0394810
v 0.8712129 0.0075477 -0.4700196
v 0.0628451 -0.9241140 -0.3409255
v 0.0456055 -0.9244010 -0.3205905
v -0.0296653 -0.9237010 -0.2514925
v -0.7965020 -0.3017190 -0.0461043
v -0.2132170 -0.9236420 0.1626755
v -0.7759700 -0.1699410 -0.0496564
v -0.2243840 -0.9155560 0.1451915
v 0.9178539 0.0429348 -0.5708656
v 0.4581590 -0.4084840 0.2350425
v 0.9598230 0.4458810 -0.2450836
v 0.0777628 -0.1586400 -0.5938195
v 0.9007469 0.0246597 -0.5562375
v 0.5897310 0.6660640 0.6993155
v 0.8959449 0.0151948 -0.5287406
v 0.9725280 0.0628194 -0.2302196
v 0.9598970 0.0444895 -0.2259696
v 0.8943419 0.0124606 -0.5025606
v 0.8921829 0.0137169 -0.4763146
v 0.9172600 0.0347434 -0.1065276
v 0.8855009 0.0163391 -0.4478736
v -0.0208200 0.2045040 -0.3558185
v 0.8632649 0.0126959 -0.4277636
v -0.9342210 -0.7809770 -0.2215794
v 0.7093600 0.7067270 0.2006135
v 0.3967970 0.4966760 0.0280312
v -0.7293760 -0.9051501 -0.2766594
v 0.5308380 -0.7919379 -0.1091335
v 0.4362950 0.6365139 -0.1228305
v 0.6943619 -0.0034011 -0.5343625
v -0.2324301 0.2341840 -0.3759175
v 0.5066190 0.5973580 -0.1476635
v 0.8037969 0.5331540 -0.4496625
v -0.0164202 -0.9116950 -0.4950365
v 0.7928839 0.5269370 -0.4683555
v 0.1425759 -0.9676610 -0.6131924
v 0.7368749 -0.4658660 -0.4465716
v 0.1623739 -0.9669850 -0.6319414
v -0.6818720 -0.9222150 -0.2854254
v -0.2642230 0.2754470 -0.2236745
v -0.2471280 0.2720350 -0.2497785
v -0.6689690 -0.9196510 -0.3070004
v 0.1317119 0.1664610 -0.3017375
v 0.1503790 -0.9227830 0.0500362
v -0.3150780 -0.9685010 -0.1929595
v -0.3132030 0.2729490 -0.1385425
v 0.0327613 0.6633080 0.0628533
v -0.1598430 -0.9457500 0.1852295
v -0.1772050 -0.9152091 0.1541055
v 0.9329240 -0.2128760 -0.1904716
v -0.9655960 -0.5885760 -0.3148044
v -0.8315890 -0.5375251 -0.0397698
v -0.1160510 -0.9802639 0.2627115
v -0.0970464 -0.9798120 0.2464435
v 0.5160789 -0.5586190 -0.4763225
v 0.0829974 0.1696000 0.0434728
v 0.1024940 0.1624010 0.0508957
v 0.4929549 0.5635990 -0.2828965
v 0.4311070 -0.7576780 -0.2599305
v 0.0546477 -0.0932278 0.2834165
v -0.0846246 -0.9167080 -0.4148345
v 0.6027220 0.7619270 0.5644735
v 0.6563240 0.5870700 -0.1551026
v -0.0631536 -0.9162500 -0.4310605
v 0.9693860 0.2726890 -0.3298536
v 0.6293619 -0.9594390 -0.3864315
v 0.3209469 -0.9654980 -0.1986285
v -0.0401468 -0.9152400 -0.4468395
v 0.8176730 0.5755470 -0.2880296
v 0.2311630 -0.9719369 -0.3990645
v 0.2190109 -0.9713260 -0.3763615
v 0.9809350 0.2108230 -0.1787906
v 0.7935830 -0.5222710 -0.2043376
v 0.9143349 0.0254052 -0.5336376
v 0.6887939 -0.1177450 -0.5301716
v 0.9147959 0.0228687 -0.5122696
v 0.1011870 -0.9275860 -0.2759905
v 0.4747660 -0.5009660 0.1818395
v 0.0852716 -0.9269429 -0.2532005
v 0.6737140 0.4506270 0.2512664
v 0.6359380 -0.2105700 0.2077695
v -0.1017530 -0.9221990 -0.2666145
v 0.2998109 -0.9626030 -0.1921895
v -0.1477780 -0.9221780 -0.2154275
v 0.8125740 -0.4945080 -0.2427056
v -0.1641880 -0.9238560 -0.1661575
v -0.1454200 -0.9158720 0.0121174
v 0.0414286 -0.9222310 -0.0029260
v 0.0370863 -0.9211290 0.0280166
v -0.1461270 -0.9149890 0.0447562
v 0.3416520 0.2442690 -0.0898870
v 0.0427837 -0.8680919 -0.7018565
v -0.1640430 -0.9135740 0.0745080
v -0.1834030 -0.9126760 0.0988240
v 0.4604200 -0.8306880 -0.2804575
v 0.4817719 -0.8500921 -0.2847325
v -0.1977440 -0.9140790 0.1475095
v 0.6423890 -0.4672120 0.1692985
v -0.2296980 -0.9599800 0.1844405
v -0.2647381 -0.9610120 -0.3010215
v -0.2666720 -0.9702550 -0.2753924
v -0.4955570 -0.9681590 -0.0352249
v -0.4385021 -0.9207439 -0.5745284
v -0.0318466 -0.9213870 -0.0298000
v 0.9381399 0.0552058 -0.5589905
v 0.2083190 0.7106460 0.1798525
v 0.9256429 0.0370718 -0.5468115
v 0.1938370 0.6872150 0.1757975
v 0.9288390 -0.2549260 -0.1404486
v 0.3821819 -0.6071301 -0.5064005
v 0.9307789 0.0350687 -0.5232375
v 0.7946689 0.1411310 -0.6766025
v 0.9149959 0.0227706 -0.4867486
v 0.9113829 0.0319011 -0.4315986
v -0.4264740 -0.9621511 -0.1564004
v 0.5534109 -0.8095750 -0.4822105
v 0.4856319 -0.7998440 -0.5311956
v 0.7836959 0.2080760 -0.6988545
v 0.8678549 0.0174384 -0.3999876
v 0.5909110 0.6604980 0.2889615
v 0.0562674 -0.9205730 -0.4038585
v -0.3744180 -0.9729919 0.2108365
v -0.1440080 -0.9209610 -0.1479315
v 0.7730799 0.2999310 -0.6854206
v 0.5180750 -0.5397100 0.1442825
v -0.2489030 -0.9751590 0.2045205
v -0.2527630 -0.9203470 0.1435205
v 0.8599649 -0.3781090 -0.3456146
v -0.2160560 -0.9114600 0.0920300
v -0.2374180 -0.9350390 0.1665225
v 0.5106980 0.3187280 0.0434886
v 0.8030389 0.4047740 -0.6111355
v -0.1741950 -0.9234320 -0.1166925
v 0.4283280 0.7081881 -0.0314607
v -0.2579860 -0.9202760 -0.3488635
v 0.1264859 -0.4958500 -0.5670435
v -0.2381271 0.2627540 -0.3020255
v -0.2571151 -0.9334600 -0.3274665
v 0.4648689 -0.9808810 -0.2291405
v 0.7840349 0.4549470 -0.5716955
v -0.2567851 -0.9508160 -0.6092114
v -0.2222030 -0.9244530 -0.0286261
v -0.4481950 -0.9639010 -0.0835491
v 0.7991939 0.4884570 -0.5251666
v 0.9155260 -0.2928040 -0.0784666
v 0.7685820 0.6255950 0.1355234
v -0.8109710 -0.4034710 -0.2074484
v -0.8122110 -0.3984350 -0.1799044
v -0.3854181 -0.9672370 -0.3237905
v -0.9940290 -0.5620090 -0.1645494
v -0.3400691 -0.9656760 -0.3493265
v -0.4855091 -0.9482220 -0.4566305
v -0.2013591 -0.9120520 -0.4318595
v -0.8005690 -0.2835580 -0.0662527
v -0.0613920 -0.9180380 -0.4049735
v -0.1111390 -0.9197460 -0.0816495
v 0.9341989 0.0354199 -0.4992316
v 0.9132429 0.0256546 -0.4595006
v -0.3554210 -0.9755710 0.1706065
v -0.4166290 -0.9704911 0.0786039
v -0.1691710 -0.9181110 -0.0592034
v 0.0772479 0.0233210 0.2201475
v 0.3523650 -0.9665869 -0.1667465
v 0.1954670 -0.7475760 0.1379425
v 0.6071380 -0.1099730 0.2073445
v 0.6178450 -0.0933458 0.1986825
v 0.5732289 -0.8298810 -0.5222135
v -0.0414220 0.2200830 -0.3401365
v -0.2233880 -0.9169130 -0.0012682
v 0.5271879 0.5530990 -0.4104396
v 0.6286410 0.7509919 0.4154015
v 0.6191670 0.7369241 0.4011545
v -0.2241480 -0.9125960 0.0468127
v 0.8084380 -0.5072351 -0.1548286
v 0.7263530 0.7131810 0.2224655
v 0.9117960 -0.3112470 -0.1014706
v -0.5263621 -0.9457560 -0.3536314
v 0.4388740 0.4740550 0.0084744
v 0.2946250 -0.1639330 0.2665165
v -0.5346920 -0.9580970 -0.3101874
v -0.2928280 0.2758900 -0.1639985
v 0.8864130 -0.3486640 -0.0836135
v -0.3450861 -0.9382890 -0.4203055
v 0.8154189 0.5401810 -0.4265786
v -0.5989440 -0.9666981 -0.1616394
v 0.4036889 -0.9710619 -0.4936705
v -0.2794971 0.2763590 -0.1965765
v 0.9356279 0.0382129 -0.4724436
v 0.9103469 0.0403663 -0.4045996
v -0.1314590 -0.5993590 0.4377105
v 0.8908069 0.0304969 -0.3896996
v 0.9974720 0.1914870 -0.2973636
v -0.2463410 -0.9134400 -0.3741515
v -0.3038930 0.2713470 -0.1093805
v -0.2719861 -0.9724780 -0.2507355
v -0.1519160 -0.9591650 0.2958725
v -0.6001610 -0.9645100 -0.1153044
v -0.2753211 -0.9707470 -0.5452405
v 0.5917230 0.4587510 0.1220215
v -0.2872460 -0.9710211 -0.2023164
v -0.9854410 -0.6015790 -0.2708154
v -0.3912330 -0.9742100 0.0203574
v 0.2773840 0.5354100 -0.0559841
v -0.2576180 0.2702170 -0.0848470
v -0.3300900 0.1901830 -0.4333664
v 0.6804510 0.5780700 0.6216615
v 0.6650250 -0.5897510 -0.0013305
v -0.2636670 -0.9375050 0.0071181
v 0.6442020 0.5833811 -0.1293955
v -0.2746150 -0.9719180 -0.0297328
v -0.4075971 0.1544860 -0.4390714
v -0.2466330 -0.9602129 -0.0442758
v -0.7829760 -0.2144550 -0.2911374
v -0.2381870 -0.9668920 -0.0721772
v -0.0772087 0.2530690 -0.2359165
v -0.0897075 0.2533410 -0.2567785
v -0.2356220 -0.9707770 -0.0953174
v -0.2226510 -0.9662390 -0.1129335
v -0.3138240 -0.9324390 0.0991489
v 0.9345890 0.3090330 -0.0954923
v -0.3106700 -0.9388109 0.1344555
v -0.4344310 -0.9671850 0.1319176
v 0.9229980 -0.2910770 -0.1460636
v 0.7304640 -0.3094090 0.1799845
v 0.3059610 -0.1446020 0.2607425
v -0.8001251 -0.8441080 -0.3422054
v -0.0426169 0.6719470 0.1695435
v 0.9533020 0.2980390 -0.3398276
v 0.6596280 0.8653260 0.7340514
v -0.2867500 -0.9699520 -0.2678715
v 0.2594550 0.7144040 0.1585245
v -0.2879570 -0.9688129 -0.2915845
v 0.6933030 0.6958170 0.1798595
v 0.4583980 -0.4332310 0.2226135
v 0.0399765 -0.9229860 -0.3467965
v 0.6056100 0.3241680 0.0809258
v 0.0477821 -0.9220980 -0.7057635
v 0.0838744 -0.9680490 -0.6501125
v 0.6552500 0.2420630 0.0974569
v -0.2047620 -0.9487849 -0.1084775
v 0.5435610 -0.6654730 -0.1141085
v 0.9110469 0.0450463 -0.3781516
v 0.5109850 -0.2771270 0.2597375
v 0.5718429 -0.4512700 -0.5493966
v -0.3079290 0.2749370 -0.1933514
v -0.2962291 -0.9692950 -0.2480045
v 0.0861593 -0.7817270 -0.6328005
v 0.1963049 0.1893460 -0.2773255
v -0.0349450 -0.9181870 0.0432828
v 0.7793229 0.1831750 -0.6922125
v 0.5994990 -0.6159400 -0.3305245
v -0.6887091 -0.8943070 -0.3477834
v 0.3417729 -0.9657720 -0.2030635
v -0.0718602 -0.9235539 -0.2361795
v 0.0703850 -0.9253370 -0.1514665
v -0.4091790 -0.9461440 0.2403125
v -0.0166818 -0.9148450 -0.4625535
v 0.7204259 0.3037470 -0.6674865
v 0.7729419 0.3500330 -0.6579625
v -0.8042400 -0.8609149 -0.3017604
v 0.3562259 0.0022136 -0.5036425
v 0.7782239 0.4059190 -0.6185896
v 0.6887339 0.4851180 -0.5463685
v 0.7863409 0.4235720 -0.6015275
v 0.7729890 0.5795120 0.1097664
v -0.7526130 -0.3233200 0.0911658
v 0.7770180 0.6007420 0.1479854
v 0.3483260 -0.9663180 -0.1369735
v -0.3094080 -0.9381320 0.0699869
v 0.6602120 0.8888820 0.7370345
v -0.0802515 -0.9232540 -0.2602795
v -0.4133310 -0.9716090 -0.0177739
v 0.6119240 -0.2824150 0.2245295
v 0.6336870 -0.2722160 0.2152915
v -0.0551079 -0.9218270 -0.0967990
v 0.5594440 -0.2664150 0.2348735
v -0.0727047 -0.9213170 -0.1180715
v -0.9860590 -0.6806980 -0.1653334
v 0.1362100 -0.9768050 0.3443265
v 0.2019309 -0.9588031 -0.6472495
v -0.7566120 -0.2256530 0.0530134
v -0.2068010 -0.9578540 -0.1338235
v -0.2012030 -0.9547180 -0.1854065
v 0.9319119 0.0505436 -0.4176766
v -0.8006780 -0.2524020 -0.0778909
v -0.7967630 -0.2534090 -0.0519716
v -0.7950670 -0.2298590 -0.0648567
v 0.9295469 0.0574292 -0.3911116
v -0.7808720 -0.1964830 -0.0360921
v -0.7889220 -0.2103400 -0.0558032
v 0.9148929 0.0446302 -0.3529946
v 0.9197700 0.0427211 -0.3317396
v -0.3571600 -0.9732120 -0.0317025
v -0.8164300 -0.8627250 -0.2774874
v 0.8733930 0.5285970 -0.1055036
v -0.0601910 -0.9194300 -0.3799115
v -0.7412590 -0.3277410 0.1157826
v 0.0367373 0.2085340 -0.0434383
v 0.0127330 0.2172450 -0.0525128
v 0.0395412 -0.9214560 -0.3761075
v 0.0353683 0.2234980 -0.1247325
v 0.0622403 0.2168430 -0.1299795
v 0.5901850 0.7038440 0.4563794
v 0.0277176 -0.9196711 -0.4044895
v 0.7294890 0.4992890 0.3643725
v -0.2716871 -0.9699121 -0.5665125
v 0.0679808 0.2173660 -0.1596345
v 0.1291669 -0.9291180 -0.3140555
v 0.8995980 -0.3408140 -0.1816356
v 0.1100189 -0.9278620 -0.2985275
v 0.8533350 -0.3921320 -0.3276986
v -0.1899280 -0.9302779 -0.1016155
v 0.4384629 -0.9783510 -0.3667965
v 0.4036439 -0.9780540 -0.3328165
v 0.9913470 0.1155700 -0.2355966
v -0.6441430 -0.6672950 0.1655826
v -0.4503831 -0.9518560 -0.5364984
v -0.5247021 -0.5188490 -0.6096604
v -0.4468101 -0.9609540 -0.5077934
v 0.5159779 0.5622650 -0.3670835
v 0.6060989 -0.8496979 -0.4492936
v -0.1377810 -0.9214990 -0.1738085
v 0.5844259 -0.8277990 -0.4520206
v 0.6168840 0.6484590 0.1925155
v -0.3902010 -0.9655340 0.2279995
v 0.8876750 -0.3802620 -0.1195226
v 0.9427950 0.5226380 -0.2381706
v 0.9331239 0.0554995 -0.3413006
v 0.9361419 0.3609700 -0.4522536
v -0.4777921 -0.9566900 -0.4350505
v 0.9546790 0.5051579 -0.2580286
v -0.5073051 -0.6656621 -0.6140414
v -0.4870431 -0.9576540 -0.3926445
v 0.9479520 0.3306830 -0.2253976
v 0.9548390 0.3755090 -0.2535926
v -0.5065871 -0.9505121 -0.3730585
v -0.5206620 -0.9571000 -0.3308194
v 0.8376610 -0.4552740 -0.1801636
v 0.2560380 0.5219131 0.0107906
v 0.2788130 0.5089411 -0.0069722
v 0.3012200 0.5006469 0.0133994
v -0.2912751 -0.9705040 -0.5302255
v -0.5425230 -0.9616950 -0.2870904
v -0.5472130 -0.9646029 -0.2664334
v -0.7594370 -0.8674290 -0.3384824
v -0.5490220 -0.9684700 -0.2229204
v 0.5932190 0.6865669 0.7414835
v -0.3125690 -0.9489000 0.2783855
v -0.5645660 -0.9693220 -0.1996534
v 0.9531020 0.2620100 -0.1159066
v 0.9201880 -0.2226670 -0.1171486
v -0.5810300 -0.9687080 -0.1797064
v -0.3445111 -0.9579030 -0.3739225
v -0.3313930 0.2642600 -0.0841382
v -0.2997020 0.2670690 -0.0772045
v 0.4903010 -0.6979680 -0.1539395
v -0.1040620 -0.9221359 -0.2382125
v -0.6190690 -0.9568030 -0.0939125
v -0.7733451 -0.2290610 -0.3340854
v 0.6040089 -0.9129159 -0.3485225
v -0.2867700 -0.9134840 -0.3850124
v 0.4268180 0.4380500 -0.0266624
v -0.1850210 -0.9314280 -0.2275835
v -0.2388900 0.2718610 -0.1044295
v -0.1928000 -0.9425890 -0.2094595
v 0.9297979 0.0584742 -0.3652726
v 0.0688204 -0.9224420 -0.3803085
v -0.1313570 -0.9219110 -0.1981595
v 0.4323310 0.6609360 -0.1023855
v -0.8605650 -0.8282170 -0.0645268
v 0.6075090 0.5397440 0.4256445
v 0.9873739 0.2371090 -0.3055556
v -0.3109410 -0.9676230 -0.2744575
v -0.1025460 0.2579160 -0.2290845
v 0.1145249 -0.9184250 -0.4515345
v -0.1062600 0.2470260 -0.0522712
v -0.0977152 0.2495360 -0.0731724
v 0.9423700 0.3210820 -0.3262386
v 0.9827530 0.2438270 -0.2323156
v 0.1884770 0.6596550 0.0046849
v -0.7731290 -0.2937110 0.0431180
v 0.9468189 0.0708485 -0.3511986
v 0.9358780 0.0492778 -0.3174766
v 0.8966460 -0.3667250 -0.1888126
v 0.8898930 -0.3876610 -0.1952816
v 0.9384040 0.0412046 -0.2910506
v 0.6521160 0.2986430 0.0901876
v -0.0417784 -0.9232880 -0.2053025
v -0.3207781 -0.9690430 -0.5645655
v -0.3368991 -0.9702080 -0.5498575
v 0.6412820 -0.3481880 0.2161455
v 0.6294900 -0.3745370 0.2150755
v 0.7284929 -0.2651240 -0.5411466
v 0.8083640 -0.4738690 -0.2872385
v 0.0387193 0.8812060 0.2784255
v 0.4170980 -0.9741729 -0.2407105
v 0.6475959 -0.3884350 -0.5527455
v -0.4059791 -0.9599380 -0.5601525
v 0.8373060 0.1339630 0.0357170
v -0.4296401 -0.9565310 -0.5493944
v 0.8365890 0.1046600 0.0263149
v -0.4313541 -0.9620860 -0.5277054
v 0.6200760 0.5750510 0.0672481
v -0.7018200 0.0028770 -0.1669314
v 0.8608919 0.5283509 -0.4079056
v 0.0254275 -0.9236460 -0.1238865
v -0.6780591 -0.8691560 -0.3834294
v 0.9432079 0.2798570 -0.4565726
v -0.6876051 -0.8485290 -0.3996734
v 0.2784149 -0.9683330 -0.2976085
v -0.8154280 -0.8775570 -0.1856494
v 0.9721689 0.1823430 -0.4535696
v 0.9461149 0.0472614 -0.5127975
v -0.2022580 -0.9132590 0.0374666
v 0.9564620 0.0606054 -0.3020386
v -0.4924760 -0.7380010 0.3083985
v -0.7791460 -0.8889540 -0.0892908
v 0.7625669 0.2251710 -0.7007355
v 0.7680069 0.2512330 -0.7001886
v 0.7727589 0.2760210 -0.6946205
v -0.4649530 -0.9297440 0.1481376
v -0.5020201 -0.9590740 -0.3485065
v -0.5206470 -0.3988910 0.3089876
v -0.5140930 -0.9636580 -0.3118724
v -0.5191890 -0.9655770 -0.2925934
v -0.5337410 -0.9691060 -0.1955354
v 0.7694949 0.3907710 -0.6311205
v -0.5525720 -0.9714490 -0.1726114
v -0.5728290 -0.9698750 -0.1531824
v 0.7933959 -0.0445973 -0.4409575
v -0.7713110 -0.2001820 -0.3270224
v 0.7737449 0.4706900 -0.5584546
v -0.0494327 -0.9210440 -0.0499789
v 0.7733309 0.4863060 -0.5397696
v -0.0774971 -0.9198411 -0.0449422
v -0.1868550 -0.9226100 -0.2771155
v -0.7977550 -0.2532470 -0.2093254
v -0.9882481 -0.6741190 -0.1925454
v -0.2676110 -0.9397250 0.1594075
v 0.2327529 -0.9322290 -0.6324764
v 0.7781540 -0.5248470 -0.1086636
v -0.7898610 -0.2264830 -0.0412356
v 0.9158589 0.0694717 -0.6024255
v 0.8066500 -0.2650970 0.1003731
v 0.8987319 0.0766408 -0.6212485
v -0.5392380 -0.8432600 0.1214646
v 0.6819180 0.7743530 0.3730834
v -0.0892983 -0.9578460 -0.6481065
v -0.1996560 -0.9141420 0.0115813
v 0.9205460 0.2838020 -0.0571644
v 0.2522470 -0.4337730 0.2269295
v 0.9196240 0.3487700 -0.1276956
v 0.9146900 0.3479330 -0.1037026
v -0.5970230 -0.9609801 -0.0898452
v 0.4757780 -0.5913860 -0.4427315
v 0.8188850 0.0437677 0.0107376
v 0.8213280 0.0184034 -0.0011877
v -0.4851890 -0.9667000 -0.0619024
v -0.4746170 -0.9639510 -0.0869919
v 0.2162360 -0.9751410 -0.3315835
v 0.2050629 -0.9694730 -0.3542875
v -0.1665221 -0.9202141 -0.2941585
v -0.7074221 -0.8308181 -0.4122234
v 0.4352729 -0.7836910 -0.2676455
v 0.9440769 0.0503833 -0.5344586
v -0.7962790 -0.2782710 -0.0371249
v 0.5272590 -0.6745189 -0.1853845
v 0.4564909 -0.6074080 -0.4303855
v 0.8418249 0.0034175 -0.4094045
v 0.2587909 0.1242830 -0.4041355
v 0.4239390 -0.5453030 -0.5038275
v -0.1858100 -0.9265070 -0.2498765
v -0.1064551 -0.9668090 -0.6261665
v -0.0774934 -0.9682710 -0.6232965
v -0.1222000 0.2617800 -0.2067185
v -0.1060111 0.2338120 -0.3544895
v 0.9734090 0.2641400 -0.1950216
v -0.1110151 -0.9689770 -0.5773625
v 0.9356669 0.3500800 -0.4766126
v -0.1548520 -0.9149870 -0.4147105
v -0.7645000 -0.3152240 0.0649592
v -0.3331080 -0.9530040 0.1128605
v 0.8241630 -0.4764460 -0.0838767
v 0.1210390 -0.0055791 0.2357585
v -0.1496160 -0.9197590 -0.3135355
v 0.2767930 -0.3103160 0.2661365
v -0.3634090 -0.9676189 -0.3623995
v -0.1899111 -0.9102910 -0.4594764
v -0.1736231 -0.9127550 -0.4370015
v 0.9736040 0.1520150 -0.1375796
v -0.3478231 -0.9468070 -0.3957464
v -0.2474371 -0.9697090 -0.2562275
v -0.2798071 -0.9717259 -0.2267615
v 0.4342609 -0.9664921 -0.5905905
v -0.2691371 -0.9729800 -0.1846815
v -0.0709494 -0.9108510 -0.4897805
v -0.1136631 -0.9116250 -0.4687065
v 0.7877080 0.5752530 -0.1379816
v 0.5834360 0.6818570 0.4361305
v -0.0268970 -0.9696280 -0.6158695
v -0.7640870 -0.2830130 0.0671020
v -0.1740810 0.2688170 -0.1410645
v -0.3433360 -0.9700260 -0.5042624
v -0.3639111 -0.9564790 -0.4147744
v 0.0083646 0.7204760 0.2261275
v -0.2449971 -0.9420090 -0.3070804
v 0.0195477 0.7000279 0.2073065
v -0.2382191 -0.9237770 -0.3277625
v 0.9235880 -0.2530680 -0.1153496
v -0.4917760 -0.7752759 0.2769496
v 0.6276000 0.3135780 0.0866356
v 0.4457709 -0.9710830 -0.5106276
v -0.1472411 -0.9180990 -0.3637845
v -0.1179891 -0.9192240 -0.3560965
v -0.3172740 0.2605040 -0.0537783
v -0.2115311 -0.9132360 -0.4048325
v -0.9057460 -0.5558400 -0.0280304
v 0.4617559 -0.9719620 -0.5327945
v 0.1041010 -0.9214799 0.0825137
v -0.1540890 0.2312050 -0.3769295
v -0.2440740 -0.9590549 -0.2818805
v -0.1243371 -0.9177220 -0.3815395
v -0.1007171 0.2188590 -0.3799695
v 0.6241020 0.0145530 0.1464835
v 0.0321559 0.6783160 0.0807314
v 0.9783249 0.2470200 -0.2058406
v 0.9769379 0.2652730 -0.3039276
v -0.2652011 -0.9641891 -0.5914415
v 0.2406610 -0.2689490 0.2923035
v -0.0736347 -0.9565450 0.2061665
v 0.2375990 -0.2359760 0.2896055
v 0.7743870 -0.1389120 0.1189504
v -0.2812871 -0.9479610 -0.6056275
v 0.7678580 -0.1129420 0.1163464
v -0.0572430 -0.9330980 0.1951365
v 0.7327590 0.3035410 0.0782167
v 0.7040140 0.3223160 0.0824546
v 0.7204900 -0.2634440 0.1814255
v -0.3404310 -0.9725699 -0.0546733
v 0.7352730 -0.0475108 0.1116045
v 0.7427400 -0.0274209 0.0982881
v -0.9399450 -0.5410680 -0.0544124
v 0.7540210 0.3137630 0.0687844
v -0.1083730 -0.9140320 0.1262705
v 0.7330640 0.3326670 0.0723031
v 0.6070130 0.2692960 0.0894163
v 0.3051040 -0.2763590 0.2706645
v 0.2417420 -0.4578260 0.2285315
v -0.7699121 -0.8390400 -0.3736904
v -0.2955871 -0.9702851 -0.5549225
v -0.3880800 -0.9736021 0.0749959
v -0.4088020 -0.9716130 0.1271785
v 0.6236629 -0.0562769 0.1746775
v 0.6000540 -0.0419420 0.1834355
v 0.6579530 -0.0423250 0.1519175
v 0.1508109 -0.9267980 -0.3805745
v 0.6393670 -0.0254783 0.1536295
v 0.8521700 0.1871990 0.0361719
v 0.8296800 0.1817110 0.0454488
v -0.3774061 -0.9613130 -0.5710534
v -0.4102801 -0.9654959 -0.5342824
v 0.8449579 0.1627460 0.0370193
v 0.7460169 0.0894019 -0.6907446
v -0.2215810 -0.9734660 0.2036925
v -0.1989380 -0.9759450 0.2171065
v 0.6208200 0.6028280 0.6674845
v -0.1709150 -0.9762501 0.2206585
v -0.6939100 -0.9112620 -0.3049624
v -0.7059320 -0.8985710 -0.3263664
v 0.7731719 0.1280690 -0.6894895
v 0.0614277 0.6793560 0.1842125
v 0.0421670 0.6619040 0.1694165
v -0.7052590 -0.9138610 -0.2822704
v 0.0699187 0.6577690 0.1656015
v 0.0745767 0.6365100 0.1421405
v 0.8392830 0.5211610 -0.0579058
v -0.1925870 -0.9249680 0.1675425
v -0.1857530 -0.9442379 0.1811605
v -0.6797030 -0.9078211 -0.3270214
v 0.7553329 0.1718360 -0.6994166
v -0.1181300 -0.9213541 -0.1571855
v -0.1138980 -0.9218071 -0.1819985
v 0.5144939 -0.8839051 -0.6126935
v -0.4253341 -0.9674571 -0.4836295
v 0.7582319 0.1989560 -0.6979095
v 0.1281679 -0.9197880 -0.4964285
v -0.4532020 -0.9627970 -0.4783764
v -0.4500141 -0.9647490 -0.4323964
v 0.5629589 0.0671145 -0.5037846
v 0.7471899 0.2907970 -0.6842466
v -0.4685510 -0.9623860 -0.4122154
v 0.7440459 0.3378940 -0.6613576
v -0.2628240 -0.9746230 -0.1381465
v -0.0794195 -0.9193870 -0.3693815
v -0.0819099 -0.9181941 -0.3901915
v 0.7531499 0.4031240 -0.6226526
v 0.7600139 0.4221780 -0.6077775
v 0.4349090 0.3706250 -0.2802385
v -0.4976711 -0.9642490 -0.3247775
v -0.5250821 -0.9671210 -0.2695474
v 0.7439519 0.4963820 -0.5338185
v 0.9326739 0.3214390 -0.3800706
v -0.5052890 -0.9669380 -0.2512495
v -0.7814340 -0.3026290 0.0232500
v -0.5823590 -0.9588660 -0.0714883
v 0.6421270 -0.4855770 0.1503935
v 0.4242429 0.3796240 -0.2319365
v -0.0677354 -0.9143020 -0.6636815
v 0.7608490 0.1567240 0.0768787
v 0.4324959 -0.4782830 -0.5491626
v -0.0952031 0.0533572 0.2058885
v -0.1009180 0.0723229 0.1914765
v -0.7581351 -0.8560150 -0.3594974
v 0.6990460 0.4791700 0.3451245
v 0.1538660 -0.7703540 0.2768945
v -0.1284990 -0.9160550 -0.4067005
v -0.4922750 -0.9637730 -0.1616824
v -0.1717250 -0.9194660 -0.3169905
v 0.5924520 0.4762010 0.1640925
v -0.1614511 -0.9188950 -0.3371855
v -0.0014586 -0.8907070 -0.6876715
v -0.7780941 -0.8500570 -0.3507564
v -0.2629631 -0.9115030 -0.3941424
v 0.9171530 -0.2634450 -0.0855560
v -0.2379000 -0.9122020 -0.3999895
v 0.7154930 0.4849570 0.3218475
v -0.0545884 -0.2893750 0.4713285
v -0.0667975 -0.3172080 0.4774595
v 0.7518780 0.7247519 0.2763554
v -0.7874680 -0.8604290 -0.3238224
v -0.0497612 -0.9591720 -0.5710185
v 0.4956369 -0.5041590 -0.5229256
v -0.7830710 -0.8713700 -0.3021724
v -0.2288081 -0.9111100 -0.4269364
v -0.5119640 -0.9685889 -0.0588887
v -0.0288161 0.7576160 0.2716125
v -0.7933480 -0.3017610 -0.0235982
v -0.7930430 -0.8727520 -0.2820594
v 0.4316840 -0.0725784 0.2396035
v 0.2548210 0.5245620 -0.0183613
v 0.2336480 0.5352170 -0.0045739
v 0.2179730 0.5589091 -0.0228636
v 0.1323870 -0.9302599 -0.2821885
v 0.1820260 0.5620250 0.0110566
v 0.1894180 0.5694690 -0.0109993
v 0.1153010 -0.9289470 -0.2485645
v 0.6211829 -0.9672840 -0.4836386
v -0.3849631 -0.9676940 -0.5420204
v 0.2382350 0.8331929 0.0204951
v -0.6181280 -0.2092530 0.2088116
v -0.1036110 0.2541240 -0.0980825
v -0.4167950 -0.9669321 -0.5096804
v -0.4742531 -0.9627050 -0.1804494
v 0.9337850 -0.1455280 -0.2023766
v 0.5896970 0.6490810 0.2648605
v 0.6030590 0.6616840 0.2466515
v -0.7196950 -0.0281368 -0.0909075
v -0.2438410 0.2757650 -0.1566285
v -0.4350590 -0.9666890 -0.4562265
v -0.4131840 -0.9678370 -0.3244444
v -0.2141301 0.2618290 -0.2974885
v -0.1952951 0.2567060 -0.3163745
v 0.9197299 -0.1299550 -0.1200566
v 0.0922013 -0.9270689 -0.2269915
v -0.0604592 -0.9223220 -0.1464585
v 0.9529060 0.2861120 -0.1323576
v -0.1078541 -0.9204160 -0.3312245
v 0.9446520 0.2861810 -0.1053036
v -0.3324470 0.2681160 -0.1178805
v -0.4028850 -0.9690289 -0.3483325
v 0.1965309 -0.9704250 -0.5248924
v 0.9712940 0.2813970 -0.2811536
v -0.3905500 -0.9686060 -0.3747714
v -0.4590481 -0.9649680 -0.3889104
v 0.9370989 0.2971850 -0.5264055
v -0.4809071 -0.9654610 -0.3399965
v -0.9127331 -0.7152050 -0.3589934
v 0.1647440 0.6435190 0.1580365
v 0.9705129 0.1643180 -0.5574705
v -0.3658721 -0.9623160 -0.3885095
v 0.9658319 0.1442960 -0.5721166
v -0.4960391 -0.9668630 -0.3010755
v -0.1931410 -0.9243420 -0.0750916
v -0.0950247 -0.9186701 -0.0231026
v 0.8633130 0.0398654 -0.0305561
v -0.0862671 -0.9174139 0.0292558
v 0.2014550 0.7982410 0.1807305
v -0.8850780 -0.8241580 -0.2487674
v -0.1646700 -0.9192179 -0.0924166
v 0.9150810 -0.1487480 -0.0956627
v 0.6610200 0.9025240 0.6767154
v -0.6712170 -0.9315360 -0.2649084
v -0.3545870 -0.9560840 -0.4407945
v 0.1704390 -0.8162360 0.3207765
v 0.9001950 0.3833810 -0.1117476
v 0.7911990 0.5603880 -0.0733194
v 0.9095070 0.3641020 -0.1158966
v -0.3316840 0.2515400 -0.0304299
v -0.3432500 0.2405130 -0.0079970
v -0.4997581 -0.9675190 -0.2764584
v 0.9069670 -0.0599774 -0.1695116
v -0.5123770 -0.9665530 -0.2210914
v 0.2021789 -0.9608730 -0.4937905
v -0.0251594 -0.9235840 -0.2272445
v -0.1039830 -0.9503210 0.1975135
v -0.0117409 -0.9223120 -0.0845934
v 0.9435760 0.1203310 -0.0817199
v 0.6647590 0.8271670 0.5624544
v -0.0035690 -0.9229881 -0.1113485
v -0.0494426 -0.9232000 -0.1751075
v 0.5028650 0.0211941 0.1988925
v 0.6423220 0.4765000 0.3279495
v -0.0609201 -0.1386230 0.3001705
v -0.6722430 -0.7183720 0.0774070
v -0.0724184 -0.9161410 0.0803875
v -0.1327211 -0.9126270 -0.4563785
v -0.0232694 -0.9235420 -0.1843605
v 0.3372519 -0.9713290 -0.5135574
v 0.1926609 -0.9691401 -0.5734745
v -0.2968081 -0.9655250 -0.5841265
v 0.2744590 -0.7700551 0.1259255
v -0.2203521 -0.9335370 -0.4938405
v 0.2634730 -0.7524509 0.1193205
v 0.6306310 -0.3002580 0.2204055
v -0.5216220 -0.9682070 -0.1660854
v -0.5418010 -0.9720870 -0.1389514
v 0.7949930 0.5679700 -0.1123196
v 0.3127180 -0.5902120 0.1608905
v 0.3096980 -0.5621850 0.1747025
v -0.1843061 -0.9144770 -0.4095505
v 0.0839639 -0.9266890 -0.1782045
v -0.6671100 -0.4983890 0.1779246
v -0.0012005 -0.9667420 -0.6513665
v 0.6123590 0.5910090 0.5511435
v 0.2232779 -0.9625230 -0.4527255
v 0.5750000 -0.8369660 0.0146686
v 0.0453678 -0.9254400 -0.2088755
v -0.6535060 -0.5034831 0.1946446
v -0.1101830 -0.9245000 0.1772835
v 0.7499979 0.1160210 -0.6975245
v 0.7529839 0.1438400 -0.7001246
v 0.7243260 0.4911790 0.3459634
v 0.7325999 0.1882040 -0.7017376
v -0.2354620 -0.9123909 0.1199195
v 0.7356309 0.2160630 -0.6971475
v 0.7409719 0.2428680 -0.6942405
v -0.3168471 -0.9216480 -0.6023275
v 0.7112479 0.2346290 -0.6862375
v -0.3065860 -0.9735661 -0.0748585
v 0.2701190 0.5520630 0.0805789
v -0.8007580 -0.8754590 -0.2582694
v -0.8073260 -0.8769660 -0.2339374
v 0.7471299 0.2676280 -0.6916576
v 0.1435900 0.0023173 0.2217005
v 0.7458209 0.3141550 -0.6740375
v -0.2634230 -0.9131310 0.0805647
v 0.6283500 0.0356333 0.1345195
v 0.7464289 0.3621300 -0.6482045
v -0.0916514 -0.9201910 -0.3516465
v 0.7486779 0.3835180 -0.6353216
v -0.1505721 -0.9131320 -0.4411075
v 0.7338599 0.4166010 -0.6115726
v 0.7401789 0.4362370 -0.5968725
v 0.9543439 0.2078360 -0.5636275
v -0.7370110 -0.9075660 -0.2513774
v -0.7029440 -0.3547030 0.1734546
v -0.6527131 -0.8732710 -0.3803504
v 0.0133826 -0.9113170 -0.5030085
v 0.0078304 -0.9138670 -0.4743415
v -0.1560770 -0.9221230 -0.1917485
v -0.7852650 -0.1905620 -0.0617403
v -0.2717080 -0.9453580 -0.4873525
v -0.8459961 -0.7613890 -0.3880464
v -0.4397931 -0.9669890 -0.3211695
v -0.7998380 -0.4115960 -0.0416566
v -0.7974150 -0.3797590 -0.0324485
v -0.4570850 -0.9669890 -0.3430144
v -0.9766040 -0.6402650 -0.2920054
v -0.9620700 -0.6390510 -0.3188284
v -0.4029000 -0.9649320 -0.0954884
v -0.2244461 -0.9552931 -0.2606744
v 0.6958300 0.5037690 0.4925375
v -0.1080860 -0.9219500 -0.2066835
v 0.8970940 -0.0818196 -0.0979548
v -0.0259616 -0.9158790 0.1335535
v -0.1232550 -0.9206910 -0.1298525
v -0.6398720 -0.4808080 0.2094896
v 0.1810959 0.1526430 -0.3359285
v -0.2838491 -0.9249510 -0.3601044
v -0.0832729 0.7119700 0.2145335
v -0.2286740 -0.9671940 -0.2348365
v -0.7614630 -0.8976690 -0.2452384
v 0.5704929 -0.8327960 -0.4062316
v -0.0338782 -0.9174960 0.0649010
v -0.7962821 -0.4445530 -0.0354619
v 0.5819260 0.5579610 0.3459515
v -0.0744719 -0.9760979 0.2325185
v -0.1082351 -0.9153970 -0.4234495
v 0.5944350 0.6888220 0.3560565
v 0.7523989 -0.1129690 -0.4904875
v -0.0137323 -0.9171140 -0.4318495
v 0.4860700 -0.6072940 0.0821844
v -0.0713209 -0.9221550 -0.3036765
v -0.0396453 -0.9173440 -0.4195405
v 0.1690409 -0.9340650 -0.3706515
v 0.0450284 -0.9689080 -0.6178305
v 0.4800040 -0.6395500 0.0791834
v -0.2038630 -0.9628390 0.1906355
v -0.0601663 -0.9635960 -0.6453094
v 0.0311997 -0.0163197 0.2545275
v -0.4702980 -0.9628050 0.0289718
v -0.1893971 -0.9659710 -0.5402675
v -0.2743781 -0.1571590 -0.6677915
v -0.3070021 0.0796951 -0.5172455
v -0.7992440 -0.4683380 -0.0478083
v 0.1655429 -0.9361730 -0.3485075
v -0.0684693 -0.9429100 -0.6636034
v -0.2547261 -0.9736840 -0.2309335
v 0.5867780 0.5371280 0.3279904
v 0.5156780 -0.7138840 -0.0382898
v 0.1929379 0.1459780 -0.3534865
v 0.2241220 0.8489230 0.0367349
v -0.1320340 -0.9197700 -0.1009245
v -0.1513280 -0.9203150 -0.1212015
v -0.1268201 0.2436070 -0.3412295
v -0.2166340 0.2738800 -0.1699805
v -0.3061240 0.2548540 -0.0283006
v -0.0472419 -0.9383310 -0.5470384
v 0.6611120 -0.5197910 0.0905750
v -0.7508020 -0.1541170 -0.3381714
v -0.2867410 0.2622720 -0.0494502
v 0.0443997 -0.9682831 -0.6475315
v -0.2089271 0.2232580 -0.3940215
v -0.2247591 -0.9409040 -0.2846245
v -0.8822940 -0.8315310 -0.1686464
v -0.2653030 -0.9478530 -0.3197834
v -0.2751291 -0.9386090 -0.3379214
v 0.9686559 0.2182960 -0.4082356
v -0.0939016 -0.9700050 -0.6002715
v -0.2110500 0.2068220 -0.4187435
v 0.8347430 -0.4606370 -0.2010486
v 0.8303930 -0.4746250 -0.1803196
v 0.6045930 -0.8215460 -0.1010035
v -0.0827436 -0.9308760 0.1891925
v -0.7846710 -0.8871140 -0.2395104
v 0.6645859 0.5914299 -0.2063495
v 0.9288580 0.2660560 -0.0689517
v -0.7700861 -0.8824060 -0.2882884
v -0.7632090 -0.8770390 -0.3133724
v -0.3485840 -0.9732890 0.0456872
v 0.8846250 0.4558850 -0.1078106
v 0.0471257 -0.0014917 0.2442085
v 0.8681320 0.4720340 -0.0839359
v -0.1772251 0.2410340 -0.3606355
v 0.3300329 -0.9681460 -0.2937145
v 0.6112570 -0.8225230 -0.0716880
v -0.2095510 -0.9580290 0.2916615
v -0.5135731 -0.0291385 -0.5192584
v -0.5237751 -0.0531291 -0.5245964
v -0.7009670 -0.3275140 0.1785956
v 0.1838190 0.8112450 0.1883955
v 0.1992780 0.8278500 0.1709215
v 0.5042579 -0.4522910 -0.5587376
v -0.9156940 -0.5362819 -0.0453586
v 0.6022201 0.5579690 0.4446214
v 0.6663950 0.4940920 0.4304034
v -0.1945240 -0.9157300 -0.3826165
v 0.6157760 -0.8534430 0.0086979
v 0.0895254 -0.9553300 -0.7008345
v 0.6246540 0.3808060 0.0810314
v 0.6214050 0.3469730 0.0823690
v 0.2528910 -0.7298650 0.1164125
v -0.3662110 -0.9748580 0.1452785
v 0.0875655 -0.9659160 -0.6737425
v 0.0662437 -0.9613160 -0.6882995
v 0.5763790 -0.9392030 -0.2887395
v -0.2216381 -0.9256530 -0.3059885
v -0.7539040 -0.8955530 -0.2701864
v 0.2489490 0.6874520 0.1624185
v -0.7776190 -0.8855751 -0.2638824
v -0.8657770 -0.8431410 -0.2135874
v 0.6250540 -0.3275590 0.2233095
v 0.7478700 -0.1960120 0.1597985
v -0.7891480 -0.2681140 -0.2993774
v -0.3096911 -0.9443040 -0.6025535
v -0.4704171 -0.9677930 -0.3160765
v 0.1214660 -0.2069790 0.3265815
v -0.3291421 -0.9602550 -0.5890505
v -0.3473851 -0.9664950 -0.5694755
v -0.1000390 -0.2738630 0.4543255
v -0.3588481 -0.9697670 -0.5474114
v 0.5743320 0.3693920 0.0659533
v -0.3643221 -0.9704980 -0.5225134
v -0.3902551 -0.9688990 -0.5157434
v -0.1262230 -0.2825010 0.4524165
v 0.7268269 0.1050180 -0.6994695
v -0.3687131 -0.9700800 -0.4968865
v -0.3957781 -0.9692340 -0.4888635
v -0.4160621 -0.9676160 -0.4279355
v -0.4353870 -0.9669430 -0.3862365
v -0.6620750 -0.4331470 0.1833386
v 0.7084229 0.2044630 -0.6962976
v 0.8565309 0.3122790 -0.6448455
v -0.3260961 -0.7123640 -0.6930205
v -0.4147381 -0.9677780 -0.3958385
v -0.3161141 -0.7406690 -0.6873815
v -0.6747470 -0.4364240 0.1657046
v -0.4400570 -0.9659300 -0.4074835
v -0.4458511 -0.9667670 -0.3671075
v -0.3093871 -0.6915450 -0.6983185
v -0.1614051 -0.9596150 -0.6266835
v 0.1131780 -0.3162830 0.4552865
v 0.1039920 -0.3397620 0.4638345
v 0.1252059 -0.9327140 -0.5244565
v 0.6123639 -0.8993670 -0.3690065
v 0.1143530 -0.4096990 0.4599785
v 0.2574300 -0.9742130 -0.3579635
v 0.1566579 -0.9661640 -0.5581214
v 0.1299410 -0.4834120 0.4370355
v 0.1099220 -0.5021610 0.4450965
v -0.0763479 -0.9224210 -0.1690635
v 0.1122480 -0.7861400 0.3197655
v -0.7398300 -0.1254110 -0.3356404
v 0.1226890 0.8627660 0.2167865
v 0.4645400 0.6256011 -0.1273755
v 0.5034389 0.6235420 -0.1112425
v -0.6895120 -0.4039390 0.1616116
v 0.7227929 0.4833780 -0.5517996
v 0.7059029 0.4649730 -0.5678826
v 0.0835654 -0.3553240 0.4728955
v 0.1015860 -0.3704390 0.4673995
v 0.0975753 -0.3976790 0.4687195
v -0.7260090 -0.0407637 -0.2221114
v -0.4277130 -0.8209490 0.2877966
v 0.0989500 -0.4235700 0.4673265
v 0.1045260 -0.4494230 0.4628045
v 0.1084210 -0.4762900 0.4548585
v -0.7346980 -0.0588561 -0.0616559
v 0.1094420 -0.5470550 0.4228345
v 0.0969641 -0.8113660 0.3313965
v 0.9332070 -0.1909490 -0.2063616
v 0.1195550 -0.8305880 0.3375695
v 0.9232900 -0.1934540 -0.1193236
v 0.9035280 0.3660910 -0.0961335
v 0.1158430 -0.8515780 0.3489645
v 0.7217869 0.0809859 -0.6896955
v 0.1788710 0.6648680 0.1686635
v -0.5462840 -0.9533700 -0.0296216
v 0.1059350 -0.9204930 0.3556675
v 0.0987819 0.8610640 0.2354595
v 0.0957906 0.8262150 0.2401205
v 0.7512580 0.6983830 0.2219955
v 0.0926843 0.7964621 0.2387345
v -0.6695841 0.0041800 -0.3616574
v -0.6506961 0.0163259 -0.3786464
v 0.7472970 0.6856780 0.1918655
v 0.0865020 0.7696650 0.2333685
v -0.7662171 -0.4184890 0.0443218
v 0.9241160 -0.2851510 -0.2415766
v 0.0925306 0.7277330 0.2123155
v 0.1067340 0.7140170 0.2015455
v 0.0739180 -0.9299190 0.2112635
v -0.0400720 0.9525900 0.3281675
v 0.0986407 -0.0944025 0.2850925
v 0.1271850 0.6036950 0.1100195
v 0.6707270 0.4233110 0.1437555
v 0.4425510 0.4902540 -0.2050995
v 0.3394160 -0.4214540 0.2270585
v -0.7747560 -0.1360440 -0.1330164
v -0.7697040 -0.1664230 -0.2908704
v 0.3298410 0.4840710 -0.0525493
v 0.0843517 -0.4690580 0.4713895
v 0.0876694 -0.4961260 0.4624095
v 0.0900725 -0.5210940 0.4510955
v 0.0921318 -0.5432980 0.4390595
v 0.0937843 -0.5611219 0.4281285
v 0.9127290 0.4263730 -0.1515466
v 0.0843591 -0.5836650 0.4238695
v 0.0867774 -0.7548040 0.3443905
v 0.0033179 -0.9324350 -0.5492555
v 0.0912486 -0.7803020 0.3337785
v 0.0950247 -0.8420060 0.3447645
v 0.0985229 -0.8721960 0.3539345
v 0.0930147 -0.9001170 0.3549025
v -0.4848130 -0.1465150 0.2642846
v -0.3363521 -0.5842890 -0.7213255
v 0.0715978 0.8428880 0.2542415
v -0.3220341 -0.6030920 -0.7258925
v 0.0312632 0.8558249 0.2819125
v 0.2062310 0.1393260 -0.3703115
v -0.6636741 -0.0742209 -0.4286114
v 0.1851279 0.1303240 -0.3745685
v -0.2348120 -0.8545260 0.3063965
v 0.2126450 0.8608160 0.0504438
v 0.0774085 0.7454110 0.2250115
v -0.0669520 0.2523960 -0.1722145
v -0.1005010 -0.9192190 -0.0430155
v -0.1481621 0.2516110 -0.3244295
v 0.0736110 -0.1065400 0.2882805
v -0.2307170 0.2673140 -0.2750735
v 0.0912261 -0.3123890 0.4626715
v 0.5451909 -0.8188450 -0.5394146
v 0.0733820 -0.3803090 0.4781045
v 0.0753982 -0.4123960 0.4775055
v 0.0796268 -0.4408700 0.4763125
v 0.0760756 -0.5624470 0.4405945
v -0.7327350 -0.3560010 0.1251246
v 0.0851470 -0.6116230 0.4112665
v 0.9622329 0.2348040 -0.1295776
v 0.8123990 0.4551390 0.0028554
v 0.0749043 -0.6901520 0.3819055
v 0.1805650 0.1980630 -0.2365795
v 0.0821434 -0.7046280 0.3684095
v 0.0778979 -0.7286110 0.3592075
v 0.6719940 0.7963639 0.4730034
v 0.0731052 -0.7750010 0.3462715
v 0.0702473 -0.8282480 0.3400085
v 0.3291490 0.6140820 -0.0814708
v -0.9824460 -0.5252180 -0.2206614
v 0.9104429 -0.3162360 -0.1747726
v 0.0745852 -0.9228480 0.3512125
v 0.9241530 -0.2937510 -0.1672236
v -0.1869681 0.1781020 -0.4528154
v -0.5834020 -0.7053450 0.2218886
v 0.4909659 0.5753779 -0.1899705
v -0.7797360 -0.2201750 -0.3110994
v -0.1877510 0.0189190 0.2392625
v 0.9286039 0.4171430 -0.4327816
v 0.3343780 0.5731710 -0.1065335
v 0.0561086 0.8214329 0.2601985
v 0.0732596 0.8120710 0.2496135
v 0.5967481 0.7109981 0.7544205
v 0.0761097 -0.2593370 0.4445345
v 0.0691827 0.7858330 0.2446485
v 0.0623269 0.7622900 0.2367765
v -0.3037840 -0.9672160 0.0190594
v 0.5931360 0.4929640 0.2086035
v 0.0741075 -0.0758818 0.2791755
v -0.5737370 -0.9267040 0.0029428
v 0.5982219 -0.4470360 -0.5424365
v 0.1918200 0.6426620 0.1554955
v 0.3318509 -0.9647300 -0.2527135
v 0.7618260 -0.5441910 -0.1083115
v 0.0612765 -0.3074830 0.4683925
v 0.7186479 -0.0896035 -0.5034845
v 0.7277909 -0.0635591 -0.4962725
v 0.0761998 -0.3331490 0.4717475
v 0.0614778 -0.3529280 0.4792275
v -0.7143700 -0.3359560 0.1603626
v 0.0425817 -0.3720490 0.4835575
v -0.7462730 -0.9116729 -0.1539664
v 0.4251780 0.5160249 -0.1702925
v 0.0610939 -0.4880390 0.4757985
v 0.0659756 -0.5161270 0.4669555
v 0.0710057 -0.5406870 0.4540565
v 0.6097860 0.6723770 0.7348815
v 0.0599938 -0.5828680 0.4404965
v 0.0637298 -0.6058460 0.4286535
v 0.0641363 -0.6317670 0.4175785
v 0.0655870 -0.6572430 0.4053445
v 0.7193410 0.3856490 0.0735667
v 0.0659828 -0.6769720 0.3950095
v 0.0628911 -0.7117640 0.3775655
v 0.0628971 -0.7574650 0.3583725
v 0.0705563 -0.7980980 0.3395135
v 0.0456495 -0.8448280 0.3421935
v 0.4610530 -0.5796210 0.1166555
v 0.0706572 -0.8584321 0.3489205
v 0.7075589 0.0965777 -0.6982586
v 0.0709283 -0.8892390 0.3532205
v 0.2290620 0.6140480 0.1332955
v 0.0517280 0.8000530 0.2557955
v 0.7063039 0.1182640 -0.7041306
v 0.7290209 0.1313540 -0.7048675
v 0.0519507 0.7412130 0.2280825
v 0.7306609 0.1597600 -0.7053426
v 0.7064829 0.1753140 -0.7032235
v 0.0656180 0.7225530 0.2142705
v -0.2780870 -0.9596660 0.0007568
v -0.7976500 -0.8862751 -0.1958094
v 0.3174560 0.7392440 0.1167685
v -0.2437121 -0.7389899 -0.7028295
v -0.2038811 -0.9164910 -0.3562995
v -0.2208661 -0.9144040 -0.3783824
v -0.2301911 -0.9156150 -0.3523275
v 0.0005008 -0.9188020 -0.4069005
v 0.9223050 0.0130500 -0.2139026
v 0.4791410 -0.9492640 0.1313825
v -0.7684610 -0.2108310 0.0102570
v -0.7691790 -0.1909540 -0.0075088
v 0.0542291 -0.3318610 0.4763295
v -0.0198425 -0.9164770 0.1610855
v -0.2793131 -0.6663229 -0.7133975
v -0.2679681 -0.5852720 -0.7432905
v 0.0524531 -0.4300490 0.4826535
v 0.0571516 -0.4589850 0.4810735
v -0.2515191 0.0493214 -0.5457135
v 0.0531000 -0.5612080 0.4537975
v 0.0446765 -0.6002320 0.4406235
v 0.0471050 -0.6760350 0.4063595
v -0.7335390 -0.3833420 0.1064776
v 0.0536076 -0.6947089 0.3927565
v 0.0504100 -0.7365710 0.3738485
v -0.2522691 -0.7110400 -0.7065835
v 0.0533437 -0.7835180 0.3539155
v 0.0459193 -0.9065560 0.3477565
v 0.0455858 0.8381430 0.2696555
v 0.7794729 0.0817232 0.0539727
v 0.0454405 0.7767071 0.2479625
v 0.5332040 -0.8889410 -0.2705155
v 0.0411921 0.7570590 0.2392395
v 0.0251394 -0.9226331 -0.0506652
v 0.2719709 -0.9450340 -0.5821614
v 0.3258469 -0.9656440 -0.2723735
v 0.6104560 -0.9563100 -0.3308615
v 0.7164729 0.3269860 -0.6568806
v 0.1962140 -0.6973560 0.1394175
v 0.5778970 -0.6272550 0.0097112
v 0.7141119 0.4294770 -0.5989936
v 0.0369959 -0.3457100 0.4813395
v 0.0479728 -0.4007180 0.4828605
v 0.0927909 -0.9720560 0.3347555
v 0.0330370 -0.4761020 0.4810595
v 0.6101680 0.6124740 0.6246825
v 0.0333716 -0.5074470 0.4746325
v 0.0451369 -0.5372601 0.4664215
v 0.0361700 -0.5819530 0.4509475
v 0.4226210 0.4363620 -0.1540785
v 0.0418980 -0.6227050 0.4333605
v -0.7320020 -0.0443204 -0.1097984
v 0.7719970 -0.5338860 -0.1332186
v 0.0392221 -0.6527510 0.4220105
v 0.9289720 -0.1200570 -0.2108206
v 0.9214730 -0.0927222 -0.2206216
v 0.0394099 -0.7160870 0.3896265
v -0.2825100 -0.9101090 -0.4125004
v 0.0346505 -0.7650870 0.3700105
v -0.2289721 -0.8882509 -0.6148835
v 0.0435245 -0.8115259 0.3444625
v 0.0219716 -0.8617100 0.3407685
v 0.5754181 0.7160950 0.7128565
v 0.0457182 -0.8751630 0.3488305
v 0.5769210 0.7257479 0.6879265
v 0.0217644 -0.8911901 0.3437005
v 0.3430130 0.5318770 -0.1077575
v -0.6111441 -0.1992120 -0.5557165
v 0.0366336 0.8142821 0.2686195
v 0.0284377 0.7905110 0.2620715
v 0.8894670 -0.3818990 -0.2364166
v 0.9191020 0.4536650 -0.1435436
v -0.6704031 -0.8868760 -0.3662754
v 0.6261460 -0.1165250 0.1965735
v 0.7213560 0.6921279 0.1772225
v 0.7365650 0.6632210 0.1370815
v -0.0373094 -0.9193881 0.0170833
v 0.0336648 -0.2935580 0.4691425
v 0.0350238 -0.3203950 0.4764025
v -0.9346090 -0.6335731 -0.0212874
v 0.0155425 -0.3620360 0.4845835
v -0.9439920 -0.6520900 -0.0321477
v 0.9152320 0.3980190 -0.1574276
v -0.7190020 -0.3821760 0.1352956
v 0.0289091 -0.4473890 0.4826555
v 0.0158607 -0.5345820 0.4713455
v 0.0273639 -0.5594630 0.4634485
v 0.0200963 -0.6059610 0.4453145
v 0.0263507 -0.6766590 0.4161335
v 0.3020319 -0.9656810 -0.2800795
v -0.0878329 0.7246450 0.2364485
v 0.0309494 -0.6958710 0.4042645
v -0.8575540 -0.7601720 0.0192008
v 0.0240679 -0.7392930 0.3864495
v 0.0319946 -0.7908200 0.3590845
v 0.0202886 -0.8321340 0.3407985
v -0.0008803 -0.8487130 0.3373865
v 0.1904299 -0.8261840 -0.6208014
v 0.0193240 -0.9224070 0.3391505
v 0.0040032 0.8918270 0.3080485
v 0.0174028 0.8734930 0.2948075
v 0.5744970 0.6092319 0.3634165
v 0.0226359 0.8304690 0.2820415
v 0.0193823 0.7642570 0.2511445
v -0.6745770 -0.0587571 0.0837532
v -0.1675510 0.0048979 0.2552065
v -0.6641181 -0.0665754 0.1073916
v -0.0531387 -0.9150450 0.1297855
v 0.0456724 -0.9245200 -0.1462645
v 0.7326670 0.7912920 0.5972704
v 0.5877550 -0.9663680 -0.2874475
v 0.5929900 -0.9471550 -0.3089765
v 0.3897440 0.2950840 -0.2843805
v 0.3920929 0.2881730 -0.3066345
v 0.5353110 -0.7873600 -0.0820029
v 0.0298632 -0.2665440 0.4592835
v 0.0133257 -0.3348160 0.4833265
v 0.0195302 -0.3901050 0.4818215
v 0.4006209 0.3052510 -0.2977725
v -0.0028689 -0.4076070 0.4785455
v 0.2116470 0.8678120 0.0718244
v 0.0244330 -0.4186910 0.4813805
v 0.0010656 -0.4358290 0.4805005
v -0.2128100 0.2735920 -0.2022445
v 0.6236500 -0.8358120 -0.1206275
v 0.0108795 -0.4886410 0.4793695
v 0.1835940 -0.7030470 0.1724395
v 0.9257400 -0.2361570 -0.1360536
v 0.2544300 -0.5386060 0.1843505
v 0.2484640 -0.5198100 0.1960405
v 0.0106466 -0.5805370 0.4579955
v 0.0163166 -0.6360990 0.4379805
v 0.0095643 -0.6641660 0.4292325
v 0.6876309 -0.2443200 -0.5573665
v 0.0141200 -0.7168580 0.4011295
v 0.6052030 0.4002940 0.0777333
v 0.6074570 0.4529190 0.1721545
v 0.0060774 -0.7604320 0.3831585
v 0.6238860 0.4808830 0.3113485
v 0.6067790 0.4973740 0.3164275
v 0.0106375 -0.7841700 0.3689855
v 0.0156426 -0.8074120 0.3543075
v 0.3391630 0.5066510 -0.0937551
v 0.0026338 -0.9035790 0.3374485
v -0.7631680 -0.8349560 0.0176064
v 0.0201388 -0.9445040 0.2144405
v -0.0982371 -0.9219249 -0.1677815
v -0.1568511 -0.1594610 -0.6910005
v -0.2314870 -0.9645200 0.2822715
v 0.0931878 0.9483480 0.1600525
v 0.0085215 0.8473290 0.2963755
v 0.9768730 0.1778430 -0.1480166
v 0.9674960 0.1732150 -0.1232046
v 0.0132991 0.8060560 0.2777285
v -0.0393260 0.6925139 0.2087155
v 0.0033484 0.7824620 0.2698175
v -0.0538410 0.6840230 0.1925915
v -0.6950291 -0.0397048 -0.3623934
v 0.0999879 -0.9201090 -0.4275945
v 0.7670190 -0.5321330 -0.0906195
v 0.2127260 -0.2496440 0.2943945
v 0.0786143 -0.9151940 -0.4761655
v 0.0880598 -0.9177030 -0.4537005
v 0.7115779 -0.1146360 -0.5164875
v 0.0732705 -0.9262789 -0.2039005
v 0.6687120 -0.9687890 0.0446964
v 0.0115035 -0.3082590 0.4785245
v 0.6935539 -0.0920602 -0.5149055
v 0.7018809 -0.0653969 -0.5022076
v 0.7139489 -0.0351106 -0.4992736
v -0.0098408 -0.3791130 0.4844245
v -0.7446131 -0.9086781 -0.2259604
v 0.0827984 0.7019510 0.1975825
v -0.0123481 -0.5345730 0.4718045
v 0.0005714 -0.5576160 0.4681885
v 0.1366430 0.8204970 0.2161605
v 0.1157730 0.8079090 0.2291685
v -0.0066130 -0.5997140 0.4536435
v -0.0018402 -0.6209450 0.4450255
v 0.0042300 -0.6925900 0.4168375
v -0.0018428 -0.7382650 0.3967645
v -0.0094105 -0.8014580 0.3638665
v -0.5895571 -0.2680740 0.2481506
v -0.0049532 -0.8240310 0.3483345
v 0.4975120 -0.9732760 0.1257795
v -0.0187960 -0.8600620 0.3311405
v -0.0029453 -0.8782520 0.3362535
v 0.2265620 -0.1584230 0.2758835
v -0.7484151 -0.4707570 -0.4089574
v -0.6530150 -0.4015500 0.2062796
v -0.2305260 -0.9776990 0.2565916
v -0.6486130 -0.5576450 0.1995006
v 0.5083490 -0.4222000 0.2308475
v -0.0053750 0.8649230 0.3110565
v -0.0008843 0.8217260 0.2940165
v -0.0107399 0.7975121 0.2875855
v 0.6965569 0.0791912 -0.6891935
v -0.0204712 0.7753429 0.2791805
v -0.6475260 -0.5805190 0.1976196
v 0.7057759 0.1459430 -0.7062015
v 0.3604349 -0.9652010 -0.2173485
v -0.1579470 -0.9212320 -0.2635735
v -0.3164050 -0.9744800 -0.0529987
v 0.6841590 -0.9600900 0.0198298
v 0.3996289 -0.9693680 -0.1846545
v 0.8224540 0.1561450 0.0464366
v -0.1508661 -0.3877820 -0.7595634
v -0.8135450 -0.4582970 -0.2396604
v -0.0103275 -0.3232520 0.4833685
v 0.3375129 0.0787642 -0.4381235
v -0.4139051 -0.0811232 -0.5988204
v -0.3493241 -0.8370430 -0.5990245
v -0.3725261 -0.8363560 -0.5903395
v -0.0087536 -0.3495840 0.4867445
v -0.2513801 -0.2378740 -0.7285615
v -0.2340321 -0.2127850 -0.7251315
v -0.2966201 -0.0308056 -0.5507315
v 0.7265420 -0.4361190 0.1257465
v 0.7795380 0.1085270 0.0639948
v 0.0056429 -0.4643230 0.4820445
v -0.2315901 -0.7632869 -0.6923295
v -0.3010611 -0.6503710 -0.7151465
v 0.6464349 0.0172208 -0.5375035
v 0.0002845 -0.5104200 0.4756185
v -0.2978461 -0.5954781 -0.7353874
v -0.0245458 -0.5561939 0.4669275
v -0.0141880 -0.5777060 0.4636065
v -0.2629251 0.0733842 -0.5324645
v -0.0144570 -0.6452050 0.4410105
v -0.0177611 -0.6755670 0.4302895
v -0.0129511 -0.7165920 0.4094845
v -0.3147260 -0.1623270 0.3017185
v -0.0157688 -0.7551090 0.3914315
v -0.0171571 -0.7776960 0.3798135
v -0.6805881 -0.7570961 -0.4249334
v -0.0322945 -0.8173130 0.3574065
v -0.2189391 -0.4184450 -0.7635655
v -0.2029621 -0.4340900 -0.7698954
v 0.6628950 -0.8584861 -0.1142855
v -0.0186868 0.8837500 0.3262385
v -0.0150586 0.8380940 0.3105315
v -0.6955711 -0.8791209 -0.3680384
v -0.8320970 -0.8098930 -0.0022659
v -0.1401440 -0.9337879 0.3072205
v -0.2985631 -0.9456720 -0.3496585
v -0.3154851 -0.9628630 -0.3362345
v 0.2899260 -0.6104060 0.1490565
v 0.3525990 -0.3403300 0.2523655
v -0.4323251 -0.9631820 -0.2361094
v 0.5987880 0.4887000 0.2361875
v 0.1454380 -0.8233510 0.3303715
v 0.4061580 0.3501360 -0.1493415
v -0.1160160 -0.9166250 0.0224291
v -0.2829150 -0.9748490 -0.0811831
v 0.1389270 -0.8448430 0.3473005
v 0.1166800 -0.1819250 0.3018055
v -0.9970520 -0.6033890 -0.1456664
v -0.5077920 -0.9552250 -0.0067383
v -0.0243358 -0.3989150 0.4802325
v -0.0276230 -0.4235990 0.4767475
v 0.9567730 0.0817276 -0.1183436
v -0.0214762 -0.4531700 0.4802705
v -0.7998140 -0.2249170 -0.1085914
v -0.0181199 -0.4846370 0.4792765
v 0.3244530 0.2320800 -0.0288377
v -0.8032070 -0.2736200 -0.0957543
v -0.0278478 -0.5129080 0.4735935
v -0.0375798 -0.5356990 0.4678515
v -0.0344776 -0.5737350 0.4613145
v -0.0305638 -0.5942390 0.4579405
v 0.3399050 0.4861670 0.0140057
v 0.2012330 -0.9813240 -0.2089115
v -0.0241125 -0.6180120 0.4504315
v -0.0436367 -0.6351340 0.4458665
v -0.0226949 -0.6972280 0.4197995
v -0.8909360 -0.6699350 0.0250056
v 0.5779270 0.6182210 0.2621765
v -0.8754150 -0.7315511 0.0198648
v 0.8450230 -0.4115990 -0.3159086
v -0.8837500 -0.7514499 0.0002961
v -0.0283683 -0.7370330 0.4008095
v -0.0302492 -0.7965580 0.3711345
v -0.9321180 -0.7747940 -0.1096084
v 0.2168119 -0.9735230 -0.2791235
v 0.2493339 -0.9692330 -0.2887525
v -0.0242477 -0.8398089 0.3400115
v 0.0891455 0.6193260 0.1210335
v -0.0300647 -0.8807310 0.3281555
v -0.0182383 -0.9029289 0.3316935
v 0.4113629 0.2964310 -0.3441955
v -0.0434330 0.8760480 0.3443605
v -0.9495170 -0.6737970 -0.0473820
v -0.0289011 0.8557560 0.3277855
v -0.9492410 -0.6216850 -0.0401444
v 0.1241460 -0.9234580 -0.0341314
v -0.6382790 -0.9074270 0.0052684
v 0.9212050 0.0162826 -0.2479706
v -0.3821510 -0.9743550 0.1232955
v 0.1014549 -0.9248130 -0.3525085
v 0.4433990 0.3323760 -0.0155579
v 0.5862200 0.6784180 0.6654325
v 0.0951665 -0.9235860 -0.3784405
v -0.1690391 0.0061034 -0.5670185
v -0.0079209 -0.9168090 0.1080965
v 0.6100700 0.7077310 0.3429935
v -0.0279067 -0.3375780 0.4838385
v -0.3485640 -0.9666730 -0.1480425
v -0.7259411 -0.7156800 -0.4272704
v -0.0320865 -0.3606720 0.4855385
v -0.7063451 -0.6928231 -0.4220784
v -0.0345049 -0.3828960 0.4831735
v -0.7001411 -0.7166290 -0.4231014
v 0.9860240 0.1278560 -0.1867586
v -0.0503511 -0.5177890 0.4694305
v -0.3196611 -0.4779160 -0.7391955
v -0.9871790 -0.5307910 -0.2008714
v -0.1692571 -0.3735430 -0.7579825
v 0.7030149 0.3868700 -0.6226775
v -0.0415666 -0.6608900 0.4360265
v -0.0441278 -0.7128130 0.4133575
v 0.1932150 0.8706760 0.0533721
v 0.2855250 0.8249640 0.0715558
v -0.0383244 -0.7589240 0.3899625
v -0.2827230 -0.1690220 0.3318385
v -0.0291601 0.9405169 0.2705575
v 0.7071790 0.5929220 -0.2774546
v -0.4442871 -0.3694530 -0.6905565
v -0.3718350 -0.9737630 0.0974936
v 0.5147430 0.5770870 -0.2491295
v 0.1499459 0.1132260 -0.4021515
v -0.3990170 -0.9728850 0.1015906
v -0.0365541 -0.3131080 0.4796355
v -0.1672780 0.2659910 -0.1194185
v -0.0503365 -0.3413040 0.4817735
v 0.2635970 -0.6614990 0.1288385
v -0.0456652 -0.4008280 0.4766225
v -0.0562507 -0.4250840 0.4732835
v -0.0432281 -0.4438330 0.4764835
v -0.0446417 -0.4673600 0.4766785
v -0.2767130 0.2739710 -0.1196615
v -0.0479875 -0.4949140 0.4736365
v -0.0472792 -0.5571680 0.4600455
v 0.9245289 0.4137990 -0.4603976
v 0.8227909 -0.2875140 -0.4518775
v 0.4817810 0.3618410 0.0081033
v -0.0482466 -0.6098140 0.4520705
v -0.0454042 -0.7818580 0.3792125
v 0.2217200 0.6864730 0.1702375
v -0.0482743 -0.8012021 0.3687665
v 0.7001319 -0.2730210 -0.5538935
v -0.0498347 -0.8353930 0.3414225
v 0.1500850 0.6659850 0.1719005
v 0.1324790 0.6421500 0.1557815
v 0.9128570 -0.1479920 -0.3196356
v -0.0402205 -0.8564930 0.3278005
v 0.7145009 -0.2415630 -0.5497325
v -0.0454710 -0.9085960 0.3240205
v 0.6527290 0.4175580 0.1249945
v -0.6692520 -0.6261359 0.1536886
v -0.0579793 -0.3730810 0.4790505
v 0.5978110 0.4554150 0.1469155
v 0.7784390 0.8466220 0.5638855
v -0.0700698 -0.4776400 0.4702555
v -0.0613718 -0.5357900 0.4604315
v -0.0543947 -0.5830270 0.4540225
v -0.0666861 -0.6231060 0.4438925
v 0.6858019 -0.1428280 -0.5423406
v -0.0867637 -0.6327410 0.4331185
v -0.0495901 0.8015260 0.3168835
v -0.0848743 -0.6564111 0.4241895
v -0.0584673 0.7767520 0.3054665
v -0.5155440 -0.1983520 0.2624446
v -0.0638857 -0.6698440 0.4254485
v 0.8584430 0.4468180 -0.0650400
v 0.4651319 -0.6199430 -0.4054915
v 0.4552999 -0.6451390 -0.3927355
v 0.9150560 -0.1251120 -0.2990956
v 0.8706080 0.4406280 -0.0894166
v -0.0675548 -0.6930630 0.4186345
v -0.7248460 -0.0582782 -0.2944004
v -0.0660687 -0.7641730 0.3888765
v 0.3823940 -0.8773940 0.1361775
v -0.0758001 -0.8344110 0.3433955
v 0.6921689 -0.0133199 -0.5075956
v -0.0660474 -0.8526560 0.3265025
v -0.0568589 -0.8791090 0.3217555
v 0.6238890 0.5650420 0.5434385
v -0.2965751 -0.1249860 -0.6211265
v 0.4528830 -0.9623410 0.1405325
v -0.3543101 -0.1508230 -0.6417515
v -0.3326871 -0.1390400 -0.6362275
v 0.6355570 -0.2425260 0.2101035
v 0.6613600 -0.2294310 0.1954495
v 0.0669675 0.6078809 0.0735082
v -0.0724953 -0.4019020 0.4704675
v -0.1613371 -0.7834660 -0.6705894
v -0.0648637 -0.4503380 0.4731605
v -0.0904513 -0.4582590 0.4685085
v -0.0968584 -0.4862250 0.4623575
v -0.0742799 -0.5088800 0.4632315
v -0.0707636 -0.5596750 0.4506185
v -0.7171601 -0.1058100 -0.3741894
v -0.0804048 -0.5845910 0.4463665
v -0.3011910 -0.9768630 0.2021445
v -0.0827740 -0.6767451 0.4193795
v 0.6872139 0.1025760 -0.6976835
v -0.0771180 -0.7183501 0.4140735
v -0.0875196 -0.7447490 0.4027955
v 0.6805429 0.1597760 -0.7012226
v 0.6817089 0.1899880 -0.6943116
v -0.0727554 -0.7920320 0.3738005
v -0.3746061 -0.1899220 -0.6619704
v -0.3462951 -0.1858170 -0.6666904
v 0.6843629 0.2180940 -0.6836465
v -0.0886226 -0.8162240 0.3600595
v -0.3579081 -0.2092090 -0.6829364
v -0.0879943 -0.8490020 0.3292765
v -0.3570431 -0.1712990 -0.6526524
v -0.3623821 -0.8164580 -0.6070834
v -0.0872849 -0.8740170 0.3177655
v -0.0655750 0.8171370 0.3375835
v -0.0748909 -0.9036170 0.3190805
v -0.2918161 -0.0524658 -0.5570725
v -0.3156281 -0.0437731 -0.5518365
v -0.3248310 -0.9750980 0.1809465
v -0.0891417 -0.3763070 0.4701735
v -0.3148731 -0.0178245 -0.5436705
v -0.1042710 -0.4069500 0.4678165
v 0.4328080 0.4949900 -0.1843135
v -0.2068071 0.0667661 -0.5436915
v -0.7614700 -0.4449330 0.0516957
v -0.2211481 0.0276490 -0.5602875
v -0.2016441 0.0415322 -0.5557265
v -0.3019021 -0.6240380 -0.7279325
v -0.2782441 -0.6173910 -0.7395965
v -0.2816601 0.1082960 -0.5028884
v -0.2836801 0.0874959 -0.5180244
v -0.2604201 -0.7593499 -0.6954795
v 0.0590871 -0.9212540 0.0449766
v -0.0864844 -0.5362459 0.4494165
v 0.2480040 0.2120450 -0.0122611
v -0.8624630 -0.7127430 0.0358888
v -0.8899950 -0.7009391 0.0197834
v 0.7348500 -0.5093820 0.0320115
v 0.6873119 0.5072280 -0.5222126
v 0.5684950 -0.8680850 -0.2082305
v -0.8056390 -0.2911680 -0.1167984
v 0.7104280 -0.5258909 0.0297425
v 0.4682240 0.4621690 -0.0000774
v -0.4742450 -0.9670230 -0.2865075
v 0.1211110 0.7352390 0.1019785
v -0.1017070 -0.9035350 0.3159545
v 0.5842310 0.7787240 0.7728564
v -0.0777108 -0.3468270 0.4756035
v 0.6884529 0.4185850 -0.5984076
v -0.0831402 -0.4301800 0.4701775
v -0.1098570 -0.4386100 0.4661775
v -0.0953086 -0.7694449 0.3861425
v -0.1046240 -0.5134350 0.4517045
v 0.6054611 0.6369600 0.6977424
v -0.0966591 -0.5633740 0.4423055
v 0.9165650 -0.1784500 -0.0974424
v -0.7763220 -0.1937150 -0.3023534
v -0.8829770 -0.5164940 -0.3303294
v -0.1050090 -0.5907440 0.4401785
v 0.9198260 0.4823970 -0.1414856
v -0.7968150 -0.2124670 -0.1271674
v -0.0863223 -0.6087680 0.4416385
v -0.1091930 -0.6446520 0.4257525
v -0.0942319 -0.6942919 0.4154325
v 0.5779880 0.6503220 0.4407875
v -0.1114180 -0.7187650 0.4091985
v -0.8022550 -0.2465010 -0.1025624
v -0.1172340 -0.7485580 0.3959255
v -0.1046850 -0.7949070 0.3732925
v -0.1013730 -0.8363880 0.3440495
v -0.1095180 -0.8547770 0.3245175
v 0.3967810 -0.2728460 0.2633175
v 0.5816530 0.5397789 0.2138785
v 0.9071770 0.3294190 -0.0644515
v -0.0653609 -0.1825060 0.3959345
v -0.1096530 -0.3010490 0.4614915
v -0.0543026 -0.1981050 0.4142975
v -0.1176340 -0.3790000 0.4688295
v 0.1041640 0.6561110 0.0200321
v -0.9600880 -0.6485339 -0.0538503
v -0.1163670 -0.4659220 0.4610015
v -0.1232400 -0.4917550 0.4513345
v -0.1151280 -0.5411110 0.4432275
v -0.7203760 -0.0355531 -0.0658262
v -0.1241260 -0.5698500 0.4374725
v -0.1039180 -0.6699140 0.4174835
v -0.1235500 -0.7732570 0.3812345
v -0.0884453 0.8303601 0.2897775
v -0.1303960 -0.8398340 0.3411105
v -0.7818710 -0.1562260 -0.1165924
v -0.1170290 -0.8805360 0.3137965
v -0.1284080 -0.9075021 0.3128195
v -0.8080360 -0.3778660 -0.0824043
v -0.7168230 -0.8747330 0.0103355
v -0.7091340 -0.8931969 -0.0075832
v -0.1233250 -0.0643324 0.2760595
v -0.7540760 -0.1391870 -0.3086834
v 0.2539630 -0.0606887 0.2431615
v 0.9127690 -0.2345590 -0.0920093
v -0.5531120 -0.7914760 0.2188316
v -0.1346640 -0.3066690 0.4600935
v -0.7291840 -0.0383387 -0.1412024
v -0.7479960 -0.1144910 -0.2868414
v -0.1058100 -0.3510320 0.4694275
v -0.3416581 -0.1115080 -0.6246174
v -0.1356130 -0.3549960 0.4670245
v -0.1296580 -0.4221980 0.4652045
v -0.1347960 -0.4471330 0.4591985
v -0.1413590 -0.4715360 0.4503795
v 0.2144340 -0.8094680 0.2903595
v -0.1333450 -0.5185781 0.4458455
v -0.0813941 -0.0960696 0.2882605
v -0.1097820 -0.6183130 0.4360315
v -0.6134230 -0.7806120 0.0883994
v 0.6110160 0.6074280 0.6002805
v -0.4834361 -0.1123800 -0.5953024
v -0.4667221 -0.1492940 -0.6182484
v -0.4756191 -0.1322770 -0.6098544
v -0.1382430 -0.6309820 0.4320105
v -0.1312950 -0.6608790 0.4192985
v 0.1386829 0.1262290 -0.3876205
v -0.1219020 -0.6877760 0.4108105
v 0.1215089 0.1348460 -0.3812445
v -0.1399930 -0.7283880 0.3995295
v -0.5458550 -0.5963500 0.2757176
v 0.0836575 -0.7182970 -0.5661595
v 0.8755220 -0.0306984 -0.0744511
v 0.7168360 0.8855650 0.6115234
v 0.6866770 -0.5457799 0.0282322
v -0.1314950 -0.7975560 0.3712215
v -0.1342600 -0.8602920 0.3188445
v -0.7309700 -0.5841449 0.0787892
v -0.1569160 0.2624620 -0.0958506
v -0.1825521 0.2637220 -0.2752775
v -0.1309320 -0.0389708 0.2737775
v -0.2358490 0.2748120 -0.2203265
v -0.7398190 -0.5933880 0.0470493
v -0.2915990 0.2746250 -0.1353144
v 0.5895790 0.5965420 0.4606165
v 0.5724490 -0.0226698 0.1912565
v -0.6091231 -0.6298870 0.2227546
v -0.2451171 0.2558840 -0.3290135
v -0.3695190 0.2341580 -0.0086232
v 0.7271940 -0.5388970 -0.0118689
v -0.3566040 0.2465640 -0.0313495
v -0.2665180 -0.1595660 0.3179716
v -0.2597930 -0.1500250 0.2980236
v -0.1452660 -0.3288690 0.4658615
v -0.1423720 -0.3841130 0.4649605
v -0.2530121 0.2452550 -0.3555365
v 0.6735109 -0.2659320 -0.5643025
v -0.7538630 -0.2758440 0.0913565
v 0.8904480 0.0145078 -0.3185016
v 0.9287620 -0.2688250 -0.2610816
v 0.6672039 -0.2446560 -0.5645615
v -0.1501550 -0.4965730 0.4446035
v -0.1461320 -0.5468200 0.4367525
v -0.7571180 -0.2993820 0.0844522
v 0.6993689 -0.2168920 -0.5552695
v 0.5008900 -0.4691800 0.2057255
v -0.1377080 -0.7044870 0.4049535
v -0.1489680 -0.7788841 0.3771455
v -0.1525600 -0.7997230 0.3693375
v -0.1577950 -0.8637120 0.3138825
v -0.1434960 -0.8850271 0.3119045
v 0.4479429 0.4890200 -0.2273225
v 0.4669129 -0.8112450 -0.5491336
v 0.6129850 0.5512090 0.4646465
v 0.5624970 -0.0731730 0.2150045
v 0.6756109 -0.0680954 -0.5111155
v -0.1463450 -0.0636964 0.2745925
v 0.5782040 0.0081857 0.1765595
v 0.6843179 -0.0413137 -0.4997886
v 0.6662849 -0.0192600 -0.5026315
v 0.6784371 0.5155070 0.5297084
v 0.6533340 0.5223570 0.5190764
v -0.1437380 -0.2657820 0.4447395
v -0.1551140 -0.3117680 0.4592515
v -0.1572370 -0.3465910 0.4651495
v -0.7076871 -0.7761270 -0.4295054
v -0.1477210 -0.4079000 0.4639695
v -0.1526730 -0.4303190 0.4597385
v -0.1677140 -0.4763570 0.4434825
v 0.2353960 -0.6626620 0.1281755
v 0.2215180 -0.6429600 0.1408165
v -0.1603540 -0.5210230 0.4399795
v -0.7324411 -0.7491090 -0.4335484
v 0.2014390 0.6208950 0.1402305
v -0.6194540 -0.7550960 0.1168716
v 0.5774400 0.7531910 0.7669584
v -0.1707060 -0.5607049 0.4277105
v 0.4231539 -0.9768280 -0.2670775
v -0.1579670 -0.6063510 0.4334015
v -0.7929040 -0.3249650 -0.0375470
v -0.1597000 -0.6503680 0.4206365
v 0.6967790 0.3766700 0.0785093
v -0.1541310 -0.6800849 0.4086585
v 0.6824929 0.1296350 -0.7017705
v 0.3812099 -0.9710300 -0.2644245
v 0.7454040 0.5042350 0.2552875
v -0.7441731 -0.5939980 -0.3941744
v -0.7316591 -0.6186520 -0.4089184
v -0.1662640 -0.7348551 0.3912915
v -0.1443760 -0.7541150 0.3881335
v -0.1546861 -0.2306980 -0.7410464
v -0.1581860 -0.8331521 0.3439675
v -0.6900360 -0.0755672 0.0702095
v 0.1138999 -0.9453560 -0.7097045
v -0.1557360 -0.9106070 0.3101035
v 0.6420570 -0.5289190 0.0952829
v -0.1466781 0.0228418 -0.5583285
v 0.0924825 0.5997961 0.0792253
v -0.1512630 -0.2909530 0.4514055
v -0.2878151 -0.0754109 -0.5714645
v -0.1743881 -0.7666190 -0.6898125
v -0.1598151 -0.7459860 -0.7025225
v -0.1673900 -0.3289990 0.4621895
v -0.1601930 -0.3680990 0.4618805
v -0.1649620 -0.3934500 0.4584315
v -0.1663030 -0.4148340 0.4569955
v -0.1595110 -0.4527550 0.4512885
v -0.1697740 -0.5390170 0.4313925
v -0.2224591 -0.3768570 -0.7553345
v -0.2091771 -0.3479300 -0.7563225
v -0.2811351 -0.6426409 -0.7280115
v -0.1510450 -0.5783950 0.4331185
v -0.5155120 -0.6923790 0.3080046
v -0.1617750 -0.7085310 0.4002935
v -0.6551390 -0.9150800 -0.3279734
v -0.1720560 -0.7890370 0.3725165
v -0.7631820 -0.1150230 -0.1900344
v -0.2635141 -0.8334700 -0.6275275
v 0.4633259 -0.6971540 -0.2189035
v -0.2622771 -0.8010980 -0.6649555
v -0.2521911 -0.8505440 -0.6111245
v -0.1695690 -0.8868310 0.3084425
v -0.2643361 -0.8723410 -0.6060655
v 0.0872426 -0.8092620 -0.6755675
v -0.2504261 -0.8944139 -0.6107155
v -0.1689290 -0.9369020 0.3042145
v 0.4763440 0.4283310 -0.0049893
v -0.1833650 -0.9635659 0.2898235
v 0.7140750 0.4464080 0.1794515
v 0.6918460 0.4483510 0.2293415
v 0.6918110 0.4312870 0.1631945
v -0.1743240 -0.0648846 0.2719176
v -0.1581230 -0.0881829 0.2795605
v -0.1770410 -0.3057280 0.4522835
v -0.1770650 -0.3516490 0.4602895
v 0.8365640 0.4957330 -0.0439938
v -0.1758920 -0.4331570 0.4506226
v -0.7899760 -0.1838600 -0.1236454
v -0.8397420 -0.8370200 -0.0493407
v -0.1856950 -0.4566000 0.4442376
v -0.1768050 -0.5004420 0.4383515
v 0.4220630 0.3527310 -0.0683702
v -0.1843380 -0.5227680 0.4304395
v 0.5850330 0.5057610 0.1265815
v -0.9243230 -0.7254620 -0.0352950
v -0.1896890 -0.5449060 0.4243225
v -0.9311190 -0.7444190 -0.0581222
v -0.1766310 -0.5868660 0.4290485
v -0.9377120 -0.6980990 -0.0419901
v -0.9405640 -0.7181830 -0.0583972
v -0.1649590 -0.6279300 0.4277715
v -0.7879890 -0.3724500 -0.0077127
v -0.1830810 -0.6616970 0.4096755
v -0.1877600 -0.7144570 0.3912396
v -0.1707220 -0.7619950 0.3815535
v 0.8123109 -0.0853937 -0.4276145
v 0.8081389 -0.0582723 -0.4235176
v 0.1220310 0.7109820 0.0841047
v -0.1675930 -0.8134010 0.3608225
v -0.1861510 -0.8267430 0.3427716
v -0.1819580 -0.8630300 0.3092775
v -0.7558250 -0.8764530 -0.0298511
v -0.1839750 -0.9117810 0.3066695
v 0.3062740 -0.6372330 0.1389165
v 0.4849880 0.5868980 -0.1670535
v -0.7951040 -0.8636690 -0.0454016
v -0.7146391 -0.8839990 -0.3496334
v 0.5994480 0.6090950 0.5312575
v -0.7389561 -0.8698010 -0.3546474
v -0.8067650 -0.3048260 -0.1345024
v -0.8042410 -0.2641230 -0.1206924
v 0.5965220 -0.5543430 0.0973931
v 0.6170620 -0.5691140 0.0658213
v 0.4036629 -0.9769790 -0.3061815
v -0.8076050 -0.3453780 -0.0991634
v -0.3376101 -0.0530533 -0.5651045
v -0.3395921 -0.0316422 -0.5450085
v 0.6213900 -0.4403100 0.1991725
v -0.3537391 0.0282265 -0.5217544
v -0.2042590 -0.3153960 0.4461305
v -0.1903570 -0.3320870 0.4563465
v -0.1842200 -0.3767930 0.4536125
v -0.1891880 -0.4073660 0.4478725
v -0.2027580 -0.4352640 0.4434655
v -0.1955210 -0.4808970 0.4391095
v -0.2135440 -0.5514640 0.4209656
v 0.5340870 -0.8192230 0.0247767
v -0.2755721 -0.2083940 -0.7111175
v -0.1825790 -0.6124190 0.4275875
v -0.1843700 -0.6365280 0.4196796
v -0.1839590 -0.6883889 0.4004855
v 0.8956640 -0.3541100 -0.2308576
v -0.2950671 -0.2505550 -0.7227985
v -0.2088400 -0.6951830 0.3911766
v -0.1929750 -0.7412750 0.3813455
v -0.2008280 -0.7745150 0.3758735
v 0.8258229 -0.4513260 -0.2784455
v 0.8932050 -0.0518215 -0.1141316
v 0.4480319 -0.7180800 -0.3081145
v -0.1963030 -0.8858370 0.3037286
v -0.1979400 -0.9379640 0.3016025
v -0.5273240 0.1645550 -0.0385155
v 0.9586090 0.2960290 -0.3087566
v 0.6486240 0.0400278 0.1205515
v 0.5503500 0.1844460 0.0863725
v 0.6496480 0.0610085 0.1075175
v 0.9025540 -0.0719847 -0.1248216
v -0.0102509 -0.9241230 -0.2437525
v 0.9397779 0.2935650 -0.4402896
v 0.0954748 0.1664130 -0.3317545
v -0.0548991 0.2478180 -0.2405635
v -0.6155910 -0.7061950 0.1740186
v 0.5860180 0.5024461 0.1539915
v -0.2097370 0.2458010 -0.0037482
v -0.1898340 0.2522660 -0.0238087
v -0.2010950 -0.3561500 0.4528975
v -0.2240601 -0.1256380 -0.6229604
v -0.2202390 -0.4136410 0.4397736
v -0.3204750 0.2721570 -0.2213764
v 0.3799839 -0.9733191 -0.2919445
v -0.2040400 -0.5049770 0.4307695
v -0.2086570 -0.5283570 0.4221776
v 0.9346479 0.3683820 -0.4278336
v 0.7219399 0.4492870 -0.5842345
v 0.5201080 0.6260689 -0.0751373
v -0.2063550 -0.6195500 0.4191395
v -0.3447550 0.2563010 -0.0541737
v -0.2835340 0.2670730 -0.2816225
v -0.2081610 -0.6450390 0.4105096
v 0.5862300 0.6618900 0.5443434
v 0.6728149 -0.2232150 -0.5610935
v 0.6801679 -0.1954680 -0.5589545
v -0.2133460 -0.7188441 0.3803035
v -0.2228150 -0.7462430 0.3741705
v 0.6640419 -0.1505840 -0.5516925
v -0.2075050 -0.8161150 0.3505775
v 0.6662889 -0.1254490 -0.5420815
v 0.7235140 -0.4592670 0.1086815
v 0.6654999 -0.0950087 -0.5289345
v -0.2070590 -0.8600470 0.3049985
v -0.2223670 -0.8813550 0.2987565
v -0.2152520 -0.9112540 0.3023455
v 0.0804245 -0.7701430 -0.6071435
v 0.4964490 0.4524390 0.0009212
v -0.2238760 -0.9139040 0.0248542
v 0.0415411 -0.9236031 -0.0974622
v -0.4919330 0.0221380 -0.4957134
v -0.2197320 -0.3020920 0.4333436
v -0.9538561 -0.7161820 -0.3012794
v -0.2107630 -0.3368270 0.4492486
v -0.3120011 -0.1935800 -0.6863335
v -0.2141360 -0.3832810 0.4432046
v 0.7999360 0.5614409 -0.0916194
v 0.6254970 0.5712290 0.5755464
v -0.2142700 -0.4604130 0.4399706
v 0.5845441 0.6905960 0.5527264
v -0.2250870 -0.4855350 0.4333065
v -0.3930750 0.0723937 -0.4945844
v -0.3734801 0.0854714 -0.4923435
v 0.1173560 -0.9815190 0.2652275
v -0.2624501 -0.3400780 -0.7530525
v -0.2304361 -0.3078440 -0.7530335
v -0.2210700 -0.5750370 0.4233005
v -0.2706011 -0.5499181 -0.7356365
v -0.1036440 0.7921920 0.3139005
v -0.1952930 -0.5688510 0.4240845
v -0.2016310 -0.5940120 0.4237785
v -0.2278930 -0.6008130 0.4202535
v -0.2081780 -0.6706800 0.4009455
v -0.2298120 -0.7019830 0.3861566
v 0.3515060 -0.9819800 -0.0480280
v 0.1335420 -0.9242250 -0.0606901
v 0.4959770 0.3777060 0.0196099
v -0.7958411 -0.8043340 -0.3953454
v -0.5950460 -0.6852090 0.2074956
v 0.4136340 0.4262710 -0.0968649
v 0.3953090 0.4494790 -0.0955409
v -0.2188290 -0.7989750 0.3629055
v -0.0985507 0.7657970 0.2595155
v -0.7609261 -0.6714830 -0.4225604
v -0.2162390 -0.8432590 0.3174326
v -0.2258810 -0.9412440 0.2979125
v 0.5531080 0.2120480 0.0817350
v -0.1407941 0.1710260 -0.4604915
v -0.6087140 -0.6688480 0.2000166
v -0.1913771 -0.6780300 -0.7144495
v 0.5627670 -0.2148500 0.2283065
v -0.1769021 -0.8006990 -0.6533765
v -0.0007484 -0.9243140 -0.1979015
v -0.0039526 -0.9242150 -0.2227925
v -0.1524201 -0.8422000 -0.6262015
v -0.3674881 -0.2362210 -0.6975204
v -0.3397961 -0.2269190 -0.6984365
v -0.0188725 -0.9238690 -0.2074865
v -0.2332420 -0.2847020 0.4235806
v 0.3629210 -0.9720581 -0.1088075
v -0.6382510 -0.4020140 0.2225936
v -0.3008911 -0.1058600 -0.6069335
v -0.2353111 -0.3304500 -0.7566365
v -0.2096921 -0.3180780 -0.7544495
v 0.8267609 0.5649461 -0.1450986
v -0.2366290 -0.3975940 0.4344226
v -0.2319140 -0.4389110 0.4379115
v -0.1962691 -0.2462710 -0.7396865
v -0.2440970 -0.4636440 0.4335265
v -0.2288800 -0.5364090 0.4152595
v -0.2328440 -0.6275110 0.4121985
v -0.7778520 -0.1510370 -0.0899514
v -0.2338650 -0.6549740 0.4033285
v -0.7721320 -0.1316760 -0.1067324
v -0.2319220 -0.6811520 0.3951655
v 0.1395810 0.5938359 0.0020363
v -0.4312150 -0.9355750 0.2246696
v 0.2392030 -0.9718680 0.2197545
v 0.3350959 -0.9713070 -0.3166665
v -0.2442360 -0.7202350 0.3759356
v 0.5801620 0.7606350 0.6582105
v -0.2356650 -0.7748030 0.3705786
v -0.2368860 -0.8988860 0.2976075
v -0.2428740 -0.9208601 0.2981215
v 0.6273250 0.4727800 0.2871324
v 0.8107280 0.3261420 0.0338221
v -0.2203261 -0.9700950 -0.5526115
v -0.2155350 0.1820310 0.0943651
v 0.4879400 0.4808720 0.0045041
v 0.9552380 0.2110490 -0.1066896
v -0.2422550 -0.2609820 0.4163115
v 0.5839850 0.5395280 0.2878895
v -0.2264900 -0.3274770 0.4372796
v -0.2252040 -0.3541870 0.4413145
v -0.2425370 -0.3749910 0.4311225
v 0.6572009 0.4727510 -0.5458125
v -0.2596120 -0.3968830 0.4265955
v 0.2588070 0.5283149 0.0405440
v -0.2476600 -0.4181640 0.4334155
v 0.1322050 -0.9387439 -0.2271325
v -0.2809380 -0.9262140 0.1392905
v -0.8054890 -0.3297320 -0.1931854
v -0.8321040 -0.7774830 0.0284534
v 0.5954291 0.6487570 0.6727125
v -0.2348660 -0.5126140 0.4206825
v -0.9129700 -0.7567340 -0.0392899
v 0.1514500 -0.9575100 -0.2297905
v 0.9983500 0.1497930 -0.2805826
v 0.0232406 -0.9169800 0.1663375
v -0.2377440 -0.5562201 0.4155166
v -0.2470580 -0.5800509 0.4168926
v 0.9339669 0.3940550 -0.4186826
v -0.7708941 -0.5258600 0.0000247
v -0.2544760 -0.6058910 0.4102986
v -0.2518780 -0.6940290 0.3860245
v 0.8714130 -0.3686620 -0.2998046
v 0.5089229 -0.4303650 -0.5706635
v -0.8740240 -0.8383540 -0.1949994
v -0.8125590 -0.8771380 -0.2100354
v -0.7834120 -0.1630800 -0.1482764
v -0.2538090 -0.7488610 0.3674325
v -0.7823310 -0.5317620 -0.0252499
v -0.2469810 -0.7996280 0.3566785
v -0.2287770 -0.8172280 0.3459385
v 0.5782591 0.7805550 0.6771285
v 0.8626760 0.5621680 -0.2023716
v -0.2472450 -0.8785980 0.2946065
v 0.1887640 -0.9227750 -0.0119260
v 0.8220010 0.2995560 0.0309532
v -0.7422881 -0.7820240 -0.4335364
v 0.5861570 0.2509970 0.0860995
v 0.5851290 0.4430440 0.0664254
v -0.2624010 -0.2877470 0.4143055
v -0.8018330 -0.2385620 -0.1255674
v -0.2611180 -0.4418780 0.4313845
v -0.6933740 0.0035105 -0.0572503
v -0.2563420 -0.4886180 0.4257545
v -0.2526230 -0.5355710 0.4095446
v -0.8756240 -0.7937200 -0.0301008
v -0.3522151 -0.7536500 -0.6687815
v -0.7714560 -0.4967670 0.0142304
v -0.7627070 -0.5223780 0.0268773
v -0.2571250 -0.6677990 0.3928626
v 0.9303900 -0.2710660 -0.1553286
v 0.9253620 -0.2760820 -0.1316626
v 0.0784113 0.1775320 -0.3147425
v 0.0601969 0.1914710 -0.3015655
v 0.0409717 0.2126280 -0.2660425
v 0.0627516 0.2008400 -0.2757455
v 0.2343640 0.8496840 0.1165135
v 0.2588700 0.8323420 0.1103695
v 0.2323600 0.8582129 0.0856188
v -0.2666650 -0.7761010 0.3604006
v 0.1462070 0.7017980 0.0655398
v 0.5976641 0.6028250 0.5056104
v -0.2535460 -0.8204330 0.3381335
v -0.2564060 -0.8380940 0.3178105
v -0.0019542 0.6954260 0.1157585
v -0.0495714 -0.9691460 -0.6201725
v 0.0545182 0.2158410 -0.0968430
v -0.2646980 -0.9229320 0.2941926
v -0.0282268 0.2391310 -0.2477655
v -0.2563491 0.2765750 -0.2005755
v -0.5948460 -0.9467980 -0.0433321
v 0.5464240 0.2821130 0.0711966
v 0.7181080 0.7265900 0.2443545
v -0.2679290 0.0158032 0.2418775
v -0.2920181 0.2747130 -0.2233955
v -0.6634321 -0.9024770 -0.3470614
v 0.8557329 0.5080290 -0.4489746
v -0.2641481 0.2627960 -0.3062004
v -0.3614640 0.2564090 -0.0747889
v -0.2910371 0.2599750 -0.3109595
v -0.2720481 0.2542560 -0.3339755
v 0.0239420 -0.9487920 0.3358235
v -0.3228440 0.2727440 -0.1643455
v -0.3483160 0.2673910 -0.1584305
v -0.2684160 -0.2592040 0.4086005
v 0.8128700 -0.4913730 -0.0947141
v 0.6528149 -0.2047670 -0.5629995
v 0.6502469 -0.2318230 -0.5692115
v 0.3553190 -0.9825710 0.0273425
v 0.6589089 -0.1765420 -0.5588046
v -0.2725550 -0.3198110 0.4148975
v 0.6474029 -0.1348640 -0.5511126
v -0.2523750 -0.3443570 0.4263335
v 0.6437659 -0.1112820 -0.5453085
v -0.2706210 -0.3724190 0.4213386
v -0.2874420 -0.3957330 0.4193895
v 0.6508109 -0.0661148 -0.5211425
v 0.6596909 -0.0448957 -0.5078465
v -0.2755950 -0.4193870 0.4252575
v 0.0273488 -0.9165560 -0.4539785
v -0.2700110 -0.5133580 0.4154536
v 0.0430615 -0.9617220 0.2282775
v 0.3079849 -0.9746100 -0.4104695
v -0.5698630 -0.7219300 0.2378526
v 0.6357501 0.5758170 0.6335874
v -0.2716240 -0.5834080 0.4078155
v -0.2621620 -0.6352839 0.3974775
v -0.1910781 -0.9681240 -0.5981954
v -0.2498700 -0.2358540 0.4062316
v -0.2750330 -0.6823750 0.3800026
v -0.2707510 -0.7067980 0.3749625
v 0.9006850 -0.0030871 -0.1631346
v -0.2695210 -0.7286540 0.3680516
v -0.2776240 -0.8245240 0.3260596
v -0.6190780 -0.6493410 0.2043566
v -0.2731260 -0.8807510 0.2915666
v -0.2575040 -0.9017540 0.2939036
v -0.2454911 -0.5318220 -0.7368965
v -0.2237171 -0.5451781 -0.7421515
v 0.2704190 -0.9837160 0.2697635
v 0.8121140 0.2747830 0.0422535
v 0.4978680 0.5275750 0.0070229
v -0.4623050 -0.8506000 0.2633666
v 0.4100850 0.3533460 -0.1272455
v 0.9363980 0.4005940 -0.1943666
v -0.2714140 -0.9148440 0.0980587
v -0.1782400 -0.9650249 0.1968115
v -0.6076150 -0.9537110 -0.0708632
v -0.3010650 -0.3249190 0.4067695
v -0.5860530 -0.7327660 0.2185806
v -0.2852120 -0.3473380 0.4163165
v -0.3001290 -0.3717860 0.4154896
v -0.7951410 -0.4730450 -0.3038914
v -0.1794011 -0.3972990 -0.7642825
v -0.1939901 -0.3739800 -0.7579335
v -0.2746730 -0.4660900 0.4268895
v -0.1929891 -0.6260740 -0.7374555
v -0.2882140 -0.4903770 0.4199896
v -0.2841840 -0.5649580 0.4032845
v -0.1673211 0.1103790 -0.5142455
v -0.2628730 -0.5598069 0.4080786
v -0.1541481 0.0925153 -0.5242615
v -0.7045931 -0.4238670 -0.4794804
v 0.3562580 -0.9827310 0.0792443
v -0.2803870 -0.6064810 0.3975686
v -0.2820980 -0.6563710 0.3810546
v 0.3791040 0.4536830 -0.0749094
v -0.2935870 -0.6966110 0.3756765
v -0.2881600 -0.7486730 0.3608485
v -0.2751600 -0.8023601 0.3453045
v -0.3472831 -0.2575800 -0.7135845
v 0.5655959 -0.8215621 -0.4307475
v -0.2880690 -0.8576730 0.2982585
v -0.3745911 -0.1629970 -0.6441974
v -0.0278842 -0.9226390 -0.3172025
v -0.3041850 -0.8838480 0.2877345
v -0.3347331 -0.7735630 -0.6649555
v -0.3170591 -0.1188790 -0.6226414
v 0.3244160 -0.9830821 0.2144495
v -0.2817990 -0.9073390 0.2903015
v 0.3467560 0.4715200 -0.0388424
v -0.2849780 -0.9355830 0.2899165
v -0.6989151 -0.5246470 -0.4784694
v 0.8050810 0.2485820 0.0523628
v 0.5582780 -0.3221110 0.2390155
v -0.9556500 -0.5005970 -0.1333354
v 0.9309169 0.3824480 -0.4749726
v 0.7943110 0.7704200 0.4585805
v 0.4847110 0.5761710 0.0120677
v -0.3046010 -0.0194592 0.2398475
v -0.2901560 -0.0382232 0.2438695
v -0.2910290 -0.2988810 0.4088695
v -0.2900381 -0.7518660 -0.6944515
v -0.0022549 0.6443200 0.1340375
v -0.7754180 -0.8606520 -0.0260279
v 0.4844950 0.6586460 -0.0321783
v -0.3040671 -0.8148100 -0.6459485
v -0.2907310 -0.4435100 0.4241605
v -0.2768581 -0.8497310 -0.6120754
v -0.2908411 -0.8710210 -0.6029625
v 0.3558359 -0.9743980 -0.3347365
v -0.2843600 -0.5398080 0.4037075
v -0.8111990 -0.3745970 -0.1669264
v -0.2780381 -0.8969070 -0.6064645
v -0.3058670 -0.6042510 0.3896666
v 0.6482449 0.4469310 -0.5568846
v 0.6201640 0.4522340 0.1971835
v 0.6084010 0.4689570 0.2173815
v -0.2926250 -0.6284300 0.3829955
v 0.5996120 0.4723970 0.1908244
v -0.2921860 -0.7203060 0.3711445
v -0.2966540 -0.7794960 0.3480575
v -0.2974750 -0.8341399 0.3107896
v -0.8026260 -0.3135450 -0.2165104
v -0.3077670 -0.9176910 0.2856385
v 0.9687689 0.1998080 -0.4330836
v -0.9958660 -0.5820130 -0.1544444
v -0.3106910 -0.0409081 0.2431915
v -0.3164550 -0.3032700 0.4005336
v -0.7654280 -0.2438740 0.0431328
v -0.8365541 -0.8240660 -0.0248286
v -0.8583080 -0.8166560 -0.0393036
v -0.3131340 -0.3494900 0.4063396
v 0.4581819 0.4205720 -0.2811325
v -0.3048240 -0.4678030 0.4197275
v -0.7801360 -0.4697650 0.0009110
v -0.7807100 -0.4432020 0.0127184
v -0.3177630 -0.4904670 0.4101845
v -0.3016100 -0.5137780 0.4083216
v 0.3507920 0.6111250 -0.0963179
v -0.8086981 -0.5400640 -0.3442534
v -0.3048520 -0.5600680 0.3966056
v 0.6087030 0.6537811 0.7209255
v 0.9724289 0.1735090 -0.4272346
v -0.2949800 -0.5833170 0.3990456
v -0.7499111 -0.7273819 -0.4339504
v -0.7236061 -0.8084810 -0.4246774
v -0.7336220 -0.4797040 0.1022876
v -0.2171711 -0.7465690 -0.7080334
v 0.9380439 0.3058830 -0.4581956
v -0.2329951 -0.4014450 -0.7546065
v -0.3152140 -0.6528730 0.3728165
v 0.7463000 0.4447290 0.0800427
v -0.2961660 -0.6748310 0.3762145
v -0.1499161 -0.1727170 -0.7056655
v -0.2316291 0.0062050 -0.5643815
v 0.1494210 -0.9236960 -0.0413609
v -0.3197790 -0.7597820 0.3551376
v -0.3242740 -0.8267460 0.3109106
v -0.3158310 -0.8530530 0.2988966
v -0.7442370 -0.0661044 -0.1274784
v 0.3018990 0.2364580 -0.1595345
v 0.8817670 -0.0681703 -0.3221126
v 0.5569620 -0.3554100 0.2378375
v -0.9516600 -0.6944810 -0.0634778
v -0.9633080 -0.6711910 -0.0697203
v -0.3027360 -0.0625617 0.2502466
v -0.3037530 -0.0868696 0.2534176
v 0.2944809 0.1469210 -0.3789435
v -0.9796330 -0.6993600 -0.1852984
v -0.3268920 -0.3279810 0.3969545
v -0.7939110 -0.4006000 -0.0157468
v -0.3260580 -0.3720350 0.4046676
v 0.9399310 0.4311800 -0.1936136
v -0.3154070 -0.3934440 0.4143975
v 0.0839152 0.2091390 -0.1094445
v -0.3299170 -0.4190330 0.4098485
v 0.0887846 0.2102430 -0.1382995
v -0.3034980 -0.4185710 0.4200166
v -0.3193810 -0.4425060 0.4167536
v -0.3148860 -0.5352830 0.3941025
v 0.0935744 0.2103040 -0.1666835
v -0.0047637 0.2293750 -0.2677405
v 0.4821659 -0.7863330 -0.4660655
v -0.3298030 -0.5577250 0.3874196
v -0.3193030 -0.5816410 0.3930405
v -0.3162600 -0.6228369 0.3797425
v -0.9731410 -0.6880749 -0.2751564
v 0.6942710 0.5101850 0.5142484
v -0.3148390 -0.6858410 0.3751166
v -0.3323860 -0.7042530 0.3715155
v -0.3195500 -0.7312790 0.3677135
v 0.1127630 0.1509080 0.0716662
v -0.7207740 -0.4366960 0.1106406
v -0.8662011 -0.6839620 -0.4042354
v 0.6370049 -0.2699220 -0.5860435
v 0.4082359 -0.9712040 -0.2127805
v 0.6534309 -0.2565740 -0.5746456
v 0.5832480 0.5647660 0.1760875
v -0.3350990 -0.8734289 0.2909865
v -0.3309580 -0.9004830 0.2822025
v -0.3329160 -0.9278140 0.2810315
v -0.0332029 -0.9213250 -0.3430195
v -0.8227320 -0.8624570 -0.0868686
v -0.3662840 0.2504520 -0.0518452
v 0.4105100 -0.6838000 0.1174385
v -0.3269790 -0.0289564 0.2378825
v 0.1302159 -0.6219350 -0.5103635
v -0.5928870 -0.7449790 0.1996326
v -0.3406810 -0.3061530 0.3896855
v -0.3383290 -0.3512760 0.3947625
v 0.6392209 -0.1564150 -0.5568095
v 0.4257129 -0.7508720 -0.2336725
v -0.3321140 -0.4677640 0.4075226
v -0.3446890 -0.4896170 0.3982016
v -0.3299180 -0.5121670 0.3976305
v 0.6374179 -0.0844789 -0.5359775
v -0.3419460 -0.5335211 0.3846045
v 0.7043940 -0.4571310 0.1311645
v 0.6430739 -0.0259457 -0.5066425
v 0.3127850 -0.9842790 0.2777015
v -0.7350490 -0.4559110 0.0953092
v -0.3301590 -0.6039240 0.3846225
v 0.4353229 -0.9759630 -0.2204275
v 0.4412849 -0.8105410 -0.5409065
v 0.4368889 -0.7985020 -0.5214716
v -0.3374830 -0.6271400 0.3730485
v -0.3379510 -0.6775050 0.3695886
v -0.3400400 -0.7454120 0.3581735
v -0.2449741 -0.4498930 -0.7474165
v 0.7586440 0.5977060 0.0646651
v -0.4100671 0.1121820 -0.4730904
v -0.3516170 -0.9360321 0.2756175
v 0.8017240 0.1489300 0.0572265
v -0.2403211 -0.4255240 -0.7515665
v -0.1338421 -0.1585200 -0.6888815
v 0.3474890 0.5579100 -0.1151895
v 0.4143650 -0.6565440 0.1245395
v 0.8952470 -0.0358659 -0.2404436
v -0.3486840 -0.0121612 0.2309045
v -0.3540110 -0.2832380 0.3827876
v -0.4424311 -0.0694568 -0.5816985
v 0.4686530 -0.9843400 -0.0724222
v -0.4344641 -0.1414170 -0.6226984
v -0.3508240 -0.3309160 0.3853875
v -0.4155231 -0.1328090 -0.6254554
v -0.2763481 0.0464834 -0.5423665
v -0.3501220 -0.3728340 0.3929006
v -0.2918781 -0.2760030 -0.7355245
v -0.3390090 -0.3934650 0.4006805
v 0.6636040 -0.5495040 0.0480463
v -0.3429800 -0.4419180 0.4010345
v -0.7159351 -0.5906800 0.1048056
v -0.2440831 -0.0200284 -0.5650074
v -0.2247761 -0.4421560 -0.7610215
v -0.2638991 0.0298186 -0.5512664
v -0.2433781 0.0279526 -0.5568775
v -0.1388461 -0.2864030 -0.7513355
v 0.0592298 -0.9280380 -0.5332885
v -0.3436960 -0.5808700 0.3846146
v -0.5831110 -0.8185750 0.0832947
v -0.3542070 -0.6049250 0.3768426
v -0.1870631 -0.3026430 -0.7515295
v -0.3472380 -0.6521660 0.3657895
v -0.1847851 -0.3269370 -0.7559835
v -0.1692391 -0.8647780 -0.6280094
v -0.1795031 -0.8405170 -0.6215825
v 0.8166600 0.5768640 -0.2087976
v -0.1897061 -0.7021350 -0.7189505
v 0.1358860 -0.9774750 0.2545575
v -0.3493530 -0.7236210 0.3634845
v -0.3627090 -0.7436980 0.3509966
v -0.1828031 -0.5260470 -0.7492114
v -0.3462160 -0.7654480 0.3482296
v -0.3537590 -0.7871510 0.3349425
v -0.3466750 -0.8210940 0.3117006
v -0.1756631 -0.7242820 -0.7153215
v 0.8367280 0.5570250 -0.1259316
v -0.3466630 -0.8452330 0.3024445
v 0.6104970 0.0689624 0.1221745
v -0.3517160 -0.8886220 0.2844625
v -0.3570250 -0.9122070 0.2781305
v -0.7461991 -0.2081800 -0.3835634
v -0.6005500 -0.7483780 0.1783646
v -0.5935330 -0.7714000 0.1699316
v -0.2948491 -0.5658619 -0.7328225
v 0.4089310 -0.6298450 0.1350565
v 0.4109660 -0.7590080 0.0960994
v -0.2558741 -0.6814131 -0.7105595
v -0.2808281 -0.6964689 -0.7035695
v -0.3476800 -0.0438465 0.2368916
v -0.2993961 -0.7209780 -0.6978655
v -0.2718771 -0.7308739 -0.7042865
v -0.6268270 -0.6880890 0.1698976
v 0.3555060 -0.8027080 0.1182045
v 0.3637910 -0.7732610 0.1141375
v -0.3650320 -0.3094080 0.3799005
v -0.3613360 -0.3541170 0.3832055
v 0.9539150 0.1687270 -0.1016666
v -0.3564210 -0.4664860 0.3910165
v 0.5740820 0.7287300 0.7568675
v 0.1209140 -0.9285270 -0.1627645
v 0.2906840 0.5049140 -0.0307573
v 0.2538560 0.5688800 0.0956010
v 0.8462400 -0.4393000 -0.1915666
v -0.3570480 -0.5116820 0.3896036
v -0.3551700 -0.5569609 0.3780325
v 0.6273179 0.4379880 -0.5403395
v -0.8852791 -0.6294090 -0.3962634
v -0.3682470 -0.5811300 0.3757336
v -0.3590540 -0.6726260 0.3642856
v -0.7619040 -0.1185350 -0.2148944
v 0.9692190 0.1044170 -0.1366606
v -0.7587250 -0.1202100 -0.2380584
v 0.8310129 0.5240350 -0.4449255
v -0.7945480 -0.4253370 -0.0222331
v -0.2162751 -0.9692810 -0.5851185
v 0.8869370 -0.0531877 -0.0866614
v -0.3622900 -0.8686310 0.2928115
v -0.0121594 -0.2975260 0.4767775
v 0.4409380 0.3911230 -0.0377574
v -0.7785560 -0.4184630 0.0218951
v 0.5530500 -0.4119820 0.2251805
v -0.7850050 -0.3958090 0.0076258
v 0.4487790 0.5444640 0.0315674
v -0.7785190 -0.3708410 0.0172427
v -0.3796600 -0.2871810 0.3762485
v -0.3751910 -0.3345680 0.3760335
v -0.7019100 -0.1498400 0.1001567
v 0.3819929 -0.9670670 -0.2032695
v -0.3707860 -0.3734790 0.3834325
v -0.3640320 -0.3933210 0.3892325
v -0.0288137 -0.9570020 0.2137445
v -0.3536770 -0.4164760 0.3938325
v -0.0276700 -0.9755840 0.2348365
v -0.3671620 -0.4414190 0.3824225
v -0.7822380 -0.3477680 0.0021687
v -0.3015651 -0.9116690 -0.4270635
v -0.3710200 -0.4890540 0.3877316
v 0.0766326 -0.9231480 -0.0460028
v -0.5957180 -0.9321810 -0.0122408
v -0.8133950 -0.4328660 -0.1469554
v -0.3692920 -0.5340090 0.3815185
v -0.7431550 -0.0680286 -0.0793493
v -0.7330120 -0.0497239 -0.0843858
v -0.3822360 -0.5571229 0.3749845
v -0.3624700 -0.6286089 0.3645125
v 0.0249577 0.1690950 0.0637224
v -0.7438240 -0.0667793 -0.1001224
v -0.3568260 -0.6963290 0.3651635
v -0.9099301 -0.6766911 0.0069787
v -0.9434480 -0.7334840 -0.0740756
v -0.3715070 -0.7664050 0.3394186
v -0.3790710 -0.7882921 0.3268225
v -0.3667710 -0.8249410 0.3068965
v -0.3764860 -0.8457659 0.2997395
v 0.6901610 0.4926040 0.4380274
v -0.3744950 -0.8884860 0.2822585
v 0.5756080 -0.4478890 0.2069185
v 0.4040730 -0.6053081 0.1417935
v -0.3220141 -0.3786850 -0.7289485
v -0.3656360 -0.0340480 0.2303855
v 0.1017000 0.2068430 -0.1915185
v 0.0047322 0.1773440 0.0524274
v 0.1141970 0.2007700 -0.2120535
v -0.1618240 -0.0399193 0.2701235
v 0.2764600 -0.3406590 0.2627425
v -0.0292693 0.2414520 -0.1465745
v 0.1272740 0.1942500 -0.2337835
v 0.1389329 0.1858400 -0.2579415
v 0.1491759 0.1744990 -0.2812265
v -0.0578985 0.2396490 -0.0666234
v -0.0418635 0.2430290 -0.1213025
v 0.0156220 0.2070470 -0.3144075
v 0.0302755 0.1903210 -0.3350945
v 0.6302730 0.0553669 0.1216115
v -0.3901500 -0.3131630 0.3727205
v -0.1668620 0.2524970 -0.0326781
v -0.3845790 -0.3595660 0.3739995
v 0.6006340 0.6357880 0.6547064
v -0.3975310 -0.4896190 0.3788866
v -0.3837930 -0.5119830 0.3849365
v 0.9735190 0.2221150 -0.1557566
v -0.3955830 -0.5341140 0.3784855
v 0.8015650 -0.4646530 0.0139353
v 0.4357489 0.1592430 -0.4506725
v 0.5868099 -0.8345031 -0.4974366
v -0.3786140 -0.6057301 0.3675805
v 0.6218239 -0.3531710 -0.5795346
v -0.5395401 -0.9226230 -0.4019194
v 0.6410659 -0.3518830 -0.5721845
v -0.3878900 -0.6306460 0.3570395
v -0.3724940 -0.6543360 0.3591695
v -0.3793970 -0.6821480 0.3595186
v -0.3794400 -0.7158030 0.3550595
v 0.1059110 -0.9234740 -0.0544056
v -0.3883190 -0.7436440 0.3403465
v -0.3840320 -0.8077509 0.3119415
v 0.4040990 -0.6841880 -0.4771305
v -0.3894960 -0.8660901 0.2899686
v -0.3861230 -0.9089110 0.2715985
v 0.6347049 -0.3283690 -0.5818096
v 0.4572070 0.5148120 0.0209728
v 0.6373129 -0.2970910 -0.5864926
v 0.4302230 -0.7419500 0.0888266
v -0.6672781 -0.3878790 0.1969926
v -0.0391072 -0.9194260 0.1805805
v 0.3956530 -0.8222190 0.1095675
v 0.0987633 -0.1721200 -0.5886905
v -0.5711430 -0.9440840 -0.0222483
v 0.7292740 0.4889490 0.2728114
v 0.6249779 -0.2146760 -0.5754885
v 0.6328099 -0.2446630 -0.5823055
v 0.3269880 -0.5400310 0.1889715
v 0.6313989 -0.1840930 -0.5628355
v -0.4005180 -0.3391140 0.3671435
v -0.3912250 -0.3875940 0.3765405
v 0.6218009 -0.1298480 -0.5576685
v -0.3117600 0.0249874 0.2327515
v 0.6195939 -0.0994009 -0.5492145
v 0.6161859 -0.0782407 -0.5395425
v -0.3797210 -0.4150730 0.3806675
v 0.6240579 -0.0587373 -0.5265575
v 0.6401599 -0.0459158 -0.5151696
v -0.3997180 -0.4384350 0.3692345
v 0.6242939 -0.0093940 -0.5044835
v -0.3837220 -0.4656640 0.3782325
v -0.2762931 -0.5162849 -0.7351995
v -0.2965090 0.0062172 0.2394435
v -0.7174670 -0.4076530 0.1210226
v -0.4157690 -0.5312690 0.3711205
v 0.0961680 -0.1255160 0.2895075
v -0.3942220 -0.5818340 0.3685555
v -0.5109351 -0.2349320 -0.6309704
v 0.5764910 0.5841260 0.2482225
v -0.4039740 -0.6074060 0.3608525
v -0.2359531 -0.6644880 -0.7224985
v -0.4124840 -0.6311740 0.3505296
v -0.4006530 -0.6593950 0.3525186
v -0.3968280 -0.7673000 0.3299235
v -0.4363131 -0.1200710 -0.6172104
v -0.3875080 -0.8259701 0.3022676
v -0.4048810 -0.8400429 0.2941405
v -0.2237071 -0.6207290 -0.7436064
v -0.4010400 -0.8855680 0.2770295
v 0.8176770 0.0663023 0.0237400
v 0.4016460 -0.5629410 0.1600395
v -0.3319431 -0.2012970 -0.6838535
v 0.4929290 -0.3760640 0.2529175
v -0.7554960 -0.9042650 -0.1007554
v 0.3894750 -0.8485730 0.1197205
v 0.4136380 -0.8424100 0.1107575
v -0.3151971 -0.2155170 -0.6973215
v -0.7886660 -0.4210510 -0.0014006
v -0.2296911 -0.4884700 -0.7490335
v -0.4261830 -0.9622450 -0.1841524
v -0.1893940 -0.9374760 -0.1264525
v -0.2628041 -0.6356940 -0.7363834
v -0.4097740 -0.3666720 0.3643596
v -0.4036860 -0.4112340 0.3709205
v -0.1577221 -0.5360870 -0.7443585
v -0.1770541 -0.5492250 -0.7452215
v -0.4117280 -0.4678940 0.3672505
v 0.0968008 0.1199170 -0.4179925
v -0.1813941 0.1299070 -0.5008025
v -0.4080620 -0.5124910 0.3764735
v -0.2334950 -0.8332109 0.3261656
v -0.1690311 -0.6659150 -0.7119765
v 0.1477730 -0.2482270 0.3658955
v -0.4112150 -0.5555500 0.3675435
v -0.4279910 -0.6092269 0.3514436
v -0.1866951 -0.4736270 -0.7694784
v -0.1631731 -0.4842900 -0.7676535
v -0.4225630 -0.6502610 0.3453105
v -0.1673771 -0.4619840 -0.7724864
v -0.2441061 -0.9697660 -0.5743694
v -0.1444280 -0.9182460 -0.0430212
v 0.4254690 -0.9734499 -0.1914555
v -0.4260020 -0.6735131 0.3479045
v -0.3425631 -0.7332040 -0.6849704
v -0.4052440 -0.6932790 0.3526715
v -0.3071181 -0.1404060 -0.6353215
v -0.4100050 -0.7233930 0.3425855
v -0.4116650 -0.7469020 0.3312245
v -0.4037120 -0.7889240 0.3146946
v -0.2946871 -0.3725770 -0.7368674
v -0.3115701 -0.4250190 -0.7393055
v -0.4060240 -0.8118680 0.3002465
v -0.6510480 -0.5302300 0.1984236
v -0.4154430 -0.8630520 0.2829885
v 0.4099740 -0.7315480 0.1017585
v -0.2899161 -0.4419370 -0.7438024
v 0.5747530 -0.5106440 0.1661125
v -0.2982221 -0.4944880 -0.7400525
v 0.7405770 0.5356480 0.3520854
v -0.2900770 0.0288708 0.2364606
v -0.6675220 -0.5204870 0.1811516
v -0.2971571 -0.5370539 -0.7310145
v 0.4314970 -0.6304640 0.1215835
v -0.4464991 -0.9396040 -0.5593584
v 0.2356880 0.6617520 0.1585895
v 0.0691619 -0.9229690 -0.0153802
v 0.3400920 -0.4721710 0.2147315
v -0.2956711 -0.2252760 -0.7101715
v 0.6829041 0.5562119 0.5987034
v 0.3471710 -0.5006170 0.2065685
v -0.2077461 -0.3967020 -0.7610745
v -0.4285240 -0.3436160 0.3535976
v 0.4221520 0.4000760 -0.1864795
v 0.1646409 0.0967480 -0.4182845
v 0.4112299 0.3722310 -0.1710795
v -0.5225721 -0.6485350 -0.6021845
v 0.0774427 0.8041290 0.1524475
v -0.4344250 -0.3747420 0.3529215
v -0.7882650 -0.3014580 0.0017011
v 0.2664680 -0.8060950 0.2147205
v -0.2181001 -0.9106630 -0.4540364
v -0.4185280 -0.3937720 0.3633446
v -0.7926020 -0.2464680 -0.2535994
v 0.9767049 0.1248050 -0.4453266
v 0.1396100 0.7548070 0.0992049
v -0.4378040 -0.4735120 0.3561985
v -0.4291070 -0.5155680 0.3654546
v -0.4331280 -0.5382140 0.3614846
v -0.4203040 -0.5841750 0.3601916
v 0.1316000 0.7818010 0.1104965
v -0.6655800 -0.5471910 0.1825706
v -0.7007490 -0.5230670 0.1482126
v 0.1202120 -0.9474580 0.2263395
v -0.6988100 -0.4884450 0.1439666
v -0.9523820 -0.7137820 -0.0792009
v 0.2764880 -0.6372941 0.1367205
v 0.9180960 -0.0932224 -0.2488216
v -0.4331500 -0.7030330 0.3457325
v -0.4223220 -0.7650141 0.3173656
v -0.4304420 -0.7896070 0.2956066
v 0.1839570 0.1654320 -0.3139305
v -0.4274830 -0.8435960 0.2844256
v -0.0283229 0.2433870 -0.1947355
v 0.9243380 -0.1158310 -0.2576956
v 0.3892820 -0.5499170 0.1705885
v -0.7278660 -0.3315580 0.1405256
v 0.4004660 -0.8006350 0.1032095
v 0.2155139 0.1544560 -0.3540575
v 0.6083530 -0.3086270 0.2267765
v 0.1822010 0.5696530 0.0746959
v -0.5758590 -0.9654160 -0.0976336
v 0.3410560 -0.7845581 0.1212165
v 0.7857850 0.7538830 0.4054925
v 0.8554940 0.5604650 -0.1729296
v 0.0467116 0.1757700 -0.3504375
v 0.5219919 0.3719180 -0.4341486
v -0.4487940 -0.3597310 0.3444985
v -0.4239260 -0.4201150 0.3587625
v -0.0447070 0.9449240 0.3023965
v -0.1825260 0.2662050 -0.0981581
v -0.4291440 -0.4472580 0.3553385
v 0.1394539 -0.9652520 -0.6733185
v -0.4378010 -0.5627220 0.3558565
v 0.5915191 0.7224180 0.5253184
v -0.4345190 -0.6320130 0.3418196
v -0.1897780 -0.9421960 -0.1570855
v -0.4416740 -0.6554480 0.3390546
v -0.4500800 -0.8066540 0.2755575
v -0.4466510 -0.8340840 0.2759866
v 0.0354870 -0.9215339 0.1929615
v 0.6129789 -0.3718720 -0.5747955
v -0.4393340 -0.8585160 0.2745025
v 0.5394170 -0.5411110 0.1394465
v 0.5393250 -0.1470910 0.2311585
v 0.4568599 -0.7684669 -0.3348375
v 0.1183240 0.5932010 0.0859203
v 0.6134309 -0.3075660 -0.5912276
v 0.3358110 -0.6404330 0.1430435
v 0.5992459 -0.2614040 -0.5977876
v 0.6192869 -0.2587500 -0.5910305
v 0.1454010 -0.9339770 0.2165805
v -0.7287340 -0.5310780 0.1080946
v 0.6458920 0.0185196 0.1324185
v 0.6038199 -0.1873330 -0.5739076
v 0.6112229 -0.1604430 -0.5628006
v 0.5894999 -0.1376050 -0.5629905
v 0.6421300 -0.0035966 0.1431455
v 0.5973949 -0.0859762 -0.5476856
v 0.4739429 0.3228320 -0.4195205
v 0.3292720 -0.0719089 0.2483575
v -0.0382964 -0.9215410 -0.0769648
v 0.3366630 -0.7619210 0.1215765
v 0.9105090 -0.3093720 -0.2451426
v 0.3282430 -0.7362020 0.1244045
v -0.1208250 -0.9785661 0.2358315
v 0.5340930 -0.9833390 0.1069915
v -0.8144220 -0.4567430 -0.1120204
v 0.9040260 -0.3159340 -0.2684256
v -0.5497570 -0.8528540 0.0754503
v -0.4812291 -0.2249650 -0.6322144
v -0.4417840 -0.4011960 0.3495435
v -0.4481500 -0.4278420 0.3447956
v -0.7570490 -0.0939510 -0.1436854
v -0.4453290 -0.4980280 0.3575006
v -0.3925441 -0.1203030 -0.6279324
v -0.3888931 -0.0934312 -0.6142294
v -0.4503130 -0.5212430 0.3563565
v -0.1684391 -0.2488020 -0.7435995
v -0.4557540 -0.5437200 0.3524065
v -0.4506880 -0.6124949 0.3407266
v -0.3598070 0.1106160 -0.4856825
v 0.6366481 0.5410900 0.5321005
v -0.4563130 -0.6362600 0.3334645
v -0.2668670 -0.9152170 0.0584688
v -0.5681120 -0.8339680 0.0794737
v -0.2574251 -0.3106070 -0.7528294
v -0.3068851 -0.3256910 -0.7423925
v -0.2866251 -0.3024450 -0.7460195
v 0.5238140 -0.8999840 0.0979164
v 0.5081730 -0.9462529 0.1198815
v -0.4500130 -0.6803221 0.3404245
v -0.5359390 -0.8917750 0.0513821
v -0.5291190 -0.8745120 0.0720010
v 0.0268977 0.1819610 0.0384064
v -0.4603700 -0.7062150 0.3378426
v -0.2470671 -0.7824910 -0.6798614
v 0.5526059 0.1890130 -0.5501695
v 0.7451450 -0.4626560 0.0898862
v 0.2356670 0.5877470 0.1127325
v -0.3311801 -0.7547450 -0.6777035
v 0.7046360 -0.9373339 -0.0246440
v -0.1634231 -0.2919220 -0.7509634
v 0.7563940 0.3409760 0.0619847
v -0.1550061 -0.2690590 -0.7485335
v 0.6377000 -0.0448002 0.1620495
v -0.7632300 -0.4970530 0.0422239
v -0.3609831 -0.6726850 -0.6897994
v -0.3352521 -0.6829000 -0.6960915
v -0.5488080 -0.9703320 -0.1053534
v 0.6882930 -0.9800450 -0.0666107
v 0.3595580 -0.4354420 0.2189955
v -0.4587690 -0.1366220 0.2696095
v -0.4544340 -0.3369170 0.3403465
v -0.4569580 -0.3816170 0.3409045
v -0.1683241 -0.6406620 -0.7227565
v -0.4737660 -0.4352300 0.3319505
v -0.4553200 -0.4547140 0.3439705
v -0.1397741 -0.6098770 -0.7394595
v -0.1435291 -0.6358910 -0.7323555
v 0.5838630 0.5448869 0.1660225
v -0.1864231 -0.4994920 -0.7594345
v -0.4626630 -0.4805960 0.3464035
v -0.4681650 -0.5056360 0.3484295
v -0.7750230 -0.2509210 0.0224567
v -0.4695570 -0.5269570 0.3488325
v 0.0523298 0.6158890 0.0930113
v -0.4686580 -0.5934060 0.3381746
v -0.4725860 -0.6176341 0.3296565
v 0.5220690 -0.6812490 -0.1012895
v -0.4782490 -0.6415780 0.3251425
v -0.4639230 -0.6603050 0.3321306
v -0.4750050 -0.7252080 0.3256505
v -0.4625380 -0.7809770 0.2849655
v 0.5758220 -0.5876811 0.0661324
v 0.3304040 -0.5773600 0.1699255
v -0.2155861 -0.5695781 -0.7448214
v 0.0431822 0.6209370 0.0696603
v 0.4402100 -0.8039260 0.0866985
v 0.3923430 -0.7776690 0.1026475
v 0.3513710 -0.2936920 0.2624065
v 0.3988840 -0.0504582 0.2338865
v -0.3250330 -0.1896920 0.3409956
v -0.4773650 -0.3344910 0.3279186
v -0.4689270 -0.3597180 0.3339925
v -0.2467300 -0.1014240 0.2673866
v -0.7305690 -0.9178990 -0.1083134
v -0.4634510 -0.5679480 0.3462116
v -0.4869860 -0.6006041 0.3257565
v -0.7667610 -0.2283560 0.0274614
v 0.1417250 0.8090130 0.0989038
v -0.4857820 -0.6646560 0.3248655
v -0.4729250 -0.6837690 0.3321065
v 0.0554488 0.1909890 0.0005209
v 0.1384830 0.8381580 0.0865597
v -0.4811600 -0.7034889 0.3292015
v -0.4793830 -0.7604400 0.2977836
v 0.6313000 0.5693840 0.6067174
v 0.1830350 -0.9334691 -0.0639538
v 0.4844740 -0.0337937 0.2192665
v 0.0389299 0.8736870 0.1880995
v 0.3871620 0.6048030 0.0795776
v 0.3650390 -0.5568039 0.1771405
v 0.3424860 -0.3943160 0.2348935
v 0.0598590 0.1534860 -0.3910805
v 0.3553920 -0.7414510 0.1194255
v 0.4023999 -0.5102190 -0.5329905
v -0.4950640 -0.3582700 0.3205796
v 0.3799489 0.2750800 -0.2936225
v 0.3775600 0.2809690 -0.2702595
v 0.4281969 0.3115670 -0.3612815
v 0.4163750 0.2854360 -0.3696765
v -0.4805130 -0.3845310 0.3281815
v -0.4952520 -0.4121970 0.3224505
v -0.4803900 -0.4630830 0.3329495
v 0.2955070 0.7931600 -0.0097109
v 0.3202980 0.7879190 -0.0002941
v -0.4858880 -0.4899760 0.3350655
v 0.0509720 0.6469880 0.1523965
v 0.7064350 0.5920820 -0.2225705
v 0.7279830 0.5915641 -0.2331955
v -0.4903920 -0.5188560 0.3367035
v 0.6976210 0.8521070 0.5712544
v -0.4800770 -0.5458990 0.3425426
v 0.0645143 0.1627810 -0.3657685
v 0.0776557 0.1890000 -0.0069178
v 0.9249789 0.3599520 -0.5173505
v -0.3063210 -0.2790100 0.4041095
v 0.6578420 -0.6301380 -0.1235365
v 0.6345940 0.2281350 0.0956739
v -0.4911300 -0.5737520 0.3309425
v 0.4668259 -0.7930620 -0.3409705
v -0.4967480 -0.6480660 0.3182535
v -0.4551331 -0.9629580 -0.2219574
v 0.8155580 0.1350170 0.0474790
v 0.8170250 0.1138770 0.0407190
v -0.3122871 -0.9675159 -0.3066305
v 0.7197420 -0.3331500 0.1846054
v -0.0487482 -0.9503100 0.2069465
v -0.0456747 -0.9222980 -0.5265175
v 0.4471050 0.4464750 -0.0100272
v -0.7875720 -0.2278290 -0.2734504
v 0.1610670 0.8094550 0.2028445
v 0.6080599 -0.4215590 -0.5504985
v 0.7294680 -0.3563280 0.1730365
v -0.5717860 -0.9689150 -0.1251684
v 0.6174239 -0.3940640 -0.5622155
v 0.5923299 -0.3791640 -0.5737025
v 0.4615120 -0.0409897 0.2249505
v -0.7079471 -0.0871431 -0.3790384
v 0.3935820 -0.7203640 0.1117455
v -0.0968264 0.1814310 0.0958565
v 0.6073479 -0.3334200 -0.5870486
v 0.3598030 0.6496850 0.0983058
v -0.3368980 -0.9671140 0.0677126
v 0.6170299 -0.2806580 -0.5933035
v 0.3385270 0.6443470 0.1103885
v 0.1589800 -0.9377820 -0.1091045
v 0.6089239 -0.2375370 -0.5900845
v 0.5951139 -0.2115180 -0.5877256
v -0.6106680 -0.6882620 0.1870116
v 0.3524690 -0.5766660 0.1692165
v -0.9722780 -0.7171860 -0.2057104
v 0.4187519 -0.9712380 -0.5143976
v 0.5956569 -0.1104690 -0.5575796
v -0.5019190 -0.3853990 0.3177385
v -0.5081070 -0.8895600 0.0827965
v -0.1313531 -0.9145960 -0.4317615
v -0.6883800 -0.0501752 0.0374468
v 0.8486790 0.5441270 -0.1030566
v 0.6222769 -0.0332140 -0.5138685
v 0.9573649 0.0953884 -0.3827196
v 0.6011509 -0.0184749 -0.5095225
v 0.5133110 -0.3595510 0.2536204
v -0.2348161 -0.5918601 -0.7465435
v -0.5013171 -0.2061440 -0.6264084
v -0.1891021 -0.1805900 -0.7117935
v -0.5035060 -0.5438740 0.3265356
v -0.5187360 -0.3710620 0.3086186
v -0.2040801 -0.0391115 -0.5763274
v -0.2163091 -0.0162135 -0.5687115
v -0.5059670 -0.5958010 0.3120635
v -0.4944420 -0.6874700 0.3229176
v -0.4979350 -0.7124000 0.3171425
v -0.5049570 -0.7904750 0.2562616
v 0.6776590 0.2275350 0.0979947
v 0.4788130 -0.0588159 0.2247115
v -0.7929461 -0.7377490 -0.4333194
v -0.4953801 -0.1788420 -0.6199735
v 0.3626490 -0.5189019 0.1927435
v 0.3635790 -0.1088250 0.2571375
v -0.6692731 -0.8105969 -0.4148854
v 0.3732330 0.6267120 0.0899751
v -0.6604021 -0.8541880 -0.3937744
v -0.6645621 -0.8332320 -0.4057024
v 0.5306040 0.4961620 0.0008476
v -0.2112651 -0.2931800 -0.7485875
v 0.3554920 -0.6166580 0.1516005
v 0.3559980 -0.1386620 0.2582425
v 0.3636390 -0.6439530 0.1416735
v -0.2317261 -0.1857290 -0.7112864
v -0.2112571 -0.1733170 -0.7052305
v 0.3379350 -0.1860360 0.2679565
v 0.3453190 -0.2121170 0.2695855
v -0.5219221 -0.4275140 0.3108876
v -0.2636071 -0.4335400 -0.7415985
v -0.2833521 -0.4165650 -0.7385285
v -0.2093111 -0.1949490 -0.7203345
v -0.5004640 -0.4445160 0.3220395
v -0.5081800 -0.4995680 0.3233965
v -0.0435562 0.7841530 0.2149445
v -0.7169650 -0.0540934 -0.3236834
v -0.7040841 -0.5693250 -0.4731154
v -0.5225820 -0.5363990 0.3093116
v -0.5173560 -0.5661540 0.3072066
v -0.4353150 -0.9717300 0.0014213
v 0.6185099 0.4664590 0.2435425
v 0.8813550 -0.3873790 -0.2610686
v -0.2961441 -0.1761930 -0.6801395
v 0.6775150 0.1983780 0.0957884
v 0.4736870 -0.0826541 0.2358175
v -0.3021491 -0.8468060 -0.6102985
v -0.3089821 -0.7710040 -0.6774315
v 0.3660040 0.2395790 -0.0333193
v 0.9107080 -0.1678570 -0.0744536
v -0.1768101 -0.3516310 -0.7565795
v 0.4108690 -0.7074130 0.1099555
v -0.7094471 -0.5439770 -0.4673294
v 0.3654830 -0.4749550 0.2058825
v 0.3535400 -0.0498526 0.2408935
v -0.3394901 -0.7908580 -0.6502595
v 0.3412150 -0.1223510 0.2570625
v 0.3477520 -0.6650870 0.1361715
v -0.2563811 -0.9103611 -0.4213904
v -0.2772930 -0.9777050 0.2187565
v -0.4388041 0.0364889 -0.5036554
v -0.4490710 0.0587595 -0.4919274
v -0.0113609 -0.9207830 -0.3616595
v -0.4686401 -0.1695870 -0.6225324
v -0.4477941 -0.1566390 -0.6230584
v -0.5404460 -0.3824720 0.2977666
v -0.3450561 0.0911906 -0.4989964
v 0.6371220 -0.9846650 0.0147602
v -0.5053670 -0.4726700 0.3236395
v -0.5267870 -0.5111851 0.3099316
v 0.8743410 0.5037160 -0.0909998
v -0.1349671 -0.5199220 -0.7473415
v -0.2167621 -0.2677800 -0.7419134
v -0.5335380 -0.5493520 0.2933946
v 0.5934100 0.6704280 0.7252885
v -0.5257420 -0.5935900 0.2925686
v 0.1403170 0.8652689 0.0699282
v -0.1126350 -0.9297830 0.3105845
v -0.7520780 -0.0860061 -0.0874735
v -0.5070610 -0.6673510 0.3151006
v 0.9447580 0.3542640 -0.2987856
v 0.1918679 -0.9678650 -0.5959445
v -0.4540091 0.0874160 -0.4776995
v 0.1727609 -0.9693429 -0.5788984
v 0.1219370 0.8886000 0.0856281
v 0.6555600 -0.9102750 0.0343878
v 0.5663710 0.5863060 -0.2930166
v -0.3269940 -0.0549720 0.2442265
v 0.2415600 -0.4121810 0.2394675
v 0.4500390 -0.7516840 0.0747438
v 0.4916860 -0.1026330 0.2381565
v 0.1961570 0.7346920 0.1881375
v 0.3944480 0.6356510 0.0760582
v -0.1178591 0.0150079 -0.5620755
v 0.1308520 0.1934750 -0.0670011
v 0.3753740 -0.4967900 0.1937815
v 0.3633580 0.5962720 0.0886557
v 0.3567310 -0.0795158 0.2514305
v -0.4865190 -0.9275301 0.0616140
v -0.6037001 -0.7803640 -0.4786394
v 0.3452120 -0.7140150 0.1256565
v 0.6183480 0.4905710 0.3329934
v 0.6133741 0.7849650 0.5756145
v -0.5461630 -0.4128990 0.2964496
v -0.5257050 -0.4558010 0.3122796
v -0.5282740 -0.4840880 0.3115546
v 0.9511520 0.3068970 -0.1767656
v -0.5469990 -0.4993060 0.2960896
v -0.5405670 -0.5267820 0.2938286
v 0.5138430 0.2243560 0.0653179
v -0.3729270 -0.9741620 -0.0059032
v 0.7812240 0.1378760 0.0679523
v 0.6750020 0.1659980 0.0952079
v 0.6338620 0.1776330 0.0965339
v 0.6084870 0.1678270 0.0953901
v 0.4826530 -0.1255370 0.2517325
v 0.4484010 -0.7241369 0.0804003
v 0.3459130 -0.1641150 0.2620115
v 0.9636859 0.2111120 -0.5348956
v 0.5884549 -0.4041930 -0.5627596
v 0.5667859 -0.3873550 -0.5706175
v 0.5983809 -0.3560450 -0.5823205
v 0.5858869 -0.3372370 -0.5863165
v 0.5890419 -0.3147570 -0.5913365
v 0.3714560 -0.1597350 0.2616545
v 0.5936769 -0.2884450 -0.5970716
v -0.2562640 -0.9477839 0.2907856
v 0.3372660 0.7212270 0.1068415
v 0.5796949 -0.2360030 -0.5982836
v 0.3561240 -0.4562290 0.2138555
v 0.1447840 -0.9187500 0.1900075
v 0.5772259 -0.1885390 -0.5838116
v 0.5822039 -0.1645380 -0.5707706
v 0.7589520 -0.2227160 0.1574585
v 0.9360720 0.0951569 -0.0736563
v -0.6571041 -0.0267086 -0.4046484
v 0.3635880 -0.4107720 0.2281835
v -0.5592760 -0.2935630 0.2722666
v 0.5772099 -0.0505730 -0.5307385
v 0.6008179 -0.0416865 -0.5225015
v -0.5421180 -0.4401060 0.3015986
v -0.4491410 -0.9282089 0.2050286
v -0.4021171 -0.3147520 -0.6892825
v -0.4673810 -0.9038130 0.2025926
v -0.5516720 -0.4667400 0.2970986
v -0.5631790 -0.5186909 0.2810796
v -0.6263810 -0.7086740 0.1560066
v -0.5544510 -0.5482190 0.2779366
v -0.1486631 -0.6786090 -0.7123965
v -0.1662661 -0.6954880 -0.7118785
v -0.0849277 0.8112561 0.2699335
v 0.6179970 -0.3952820 0.2135805
v 0.5989910 -0.5322740 0.1264445
v 0.6192380 -0.5397919 0.0998906
v -0.5517761 -0.8740309 0.0550687
v -0.5533291 -0.8980670 0.0382240
v -0.7730691 -0.7194620 -0.4350544
v 0.5143549 -0.6010950 -0.4137765
v -0.8786390 -0.8242860 -0.1077164
v -0.1155461 -0.4717490 -0.7603794
v 0.6853310 -0.4527360 0.1514215
v 0.8976130 -0.3340270 -0.2493836
v -0.2098111 -0.8399770 -0.6172504
v -0.1937521 -0.8656070 -0.6205925
v 0.4480280 -0.6968850 0.0883904
v 0.4181930 -0.3366400 0.2592195
v -0.2429791 -0.5623490 -0.7413765
v -0.1563181 -0.4141410 -0.7672225
v 0.3752780 -0.5347530 0.1820795
v 0.3332790 -0.6880480 0.1308195
v -0.2945531 -0.4684200 -0.7442164
v 0.3604110 -0.1855970 0.2640185
v 0.4689170 -0.6906630 -0.2455815
v 0.3655170 -0.2358200 0.2643445
v -0.7524220 -0.4229830 0.0669789
v 0.6206101 0.5906920 0.6170414
v -0.1547631 0.0717893 -0.5359095
v -0.1517451 0.0474934 -0.5473884
v 0.4466270 -0.7069130 -0.2368315
v 0.3676360 -0.3839400 0.2365885
v 0.3581830 -0.2633570 0.2652575
v -0.5024370 -0.9650370 -0.1887804
v 0.8978350 -0.3468200 -0.2065276
v 0.3718060 -0.3575130 0.2469275
v 0.5882720 0.4801040 0.1375875
v 0.3469230 -0.3664650 0.2430575
v -0.1540961 -0.0879230 -0.5821534
v -0.5623500 -0.4379200 0.2871366
v 0.4075990 -0.2539860 0.2610245
v -0.1468761 -0.3088260 -0.7521135
v 0.4705720 -0.2155850 0.2636805
v -0.1747231 0.0319936 -0.5577025
v -0.2004441 0.0118802 -0.5641814
v 0.0143175 -0.9231310 -0.0929856
v -0.1203070 -0.9182039 -0.0301312
v 0.4458150 -0.6066231 0.1168815
v -0.2278001 -0.4664110 -0.7552814
v 0.4385290 -0.5889530 0.1254835
v 0.9188800 0.0232522 -0.2776116
v -0.0417523 -0.9204010 -0.0060001
v -0.5709921 -0.8539540 0.0592187
v 0.6814100 0.1333210 0.0939067
v 0.0858539 -0.0219887 -0.5405415
v 0.6601090 -0.9481900 0.0550648
v -0.2567281 -0.4085120 -0.7430304
v 0.4984010 -0.6251070 0.0600326
v 0.4451160 -0.6720390 0.0983678
v -0.4770370 -0.9142380 0.1303106
v 0.4705730 -0.1434130 0.2609485
v -0.4024521 0.0133945 -0.5241114
v -0.4008211 0.0550255 -0.5023645
v 0.7492860 -0.5417850 -0.0536597
v -0.1445911 -0.1886590 -0.7195035
v 0.3904600 0.5611860 0.0631401
v -0.4655810 -0.9359890 0.1225626
v 0.2822720 -0.9634280 -0.2286415
v 0.5306620 -0.5276070 0.1598985
v 0.5474480 -0.9161220 0.0964433
v -0.2063650 -0.9355050 -0.2654015
v 0.7578680 -0.1537430 0.1398835
v 0.5652720 -0.8997760 0.0843483
v -0.1087781 -0.1359480 -0.6497955
v 0.5173710 -0.5543940 0.1237815
v 0.0186037 -0.9218611 -0.0203670
v 0.0538504 -0.9237370 -0.0686708
v 0.0473370 -0.9229760 -0.0342225
v -0.7955020 -0.8456920 -0.0201754
v 0.3763770 -0.3069250 0.2623605
v 0.4090400 -0.8707460 0.1229125
v 0.7574570 0.1242940 0.0763334
v 0.9760939 0.1022730 -0.1631546
v 0.6530660 0.7903210 0.4914334
v -0.0923940 -0.9198680 -0.0638850
v -0.1860100 -0.0908662 0.2740895
v 0.3519880 -0.5396301 0.1873965
v 0.6876430 -0.4056970 0.1786985
v 0.9288039 0.3481010 -0.3927486
v 0.9569239 0.2344270 -0.5211115
v 0.6860580 0.1050010 0.0894981
v -0.7386791 -0.2752810 0.1157456
v -0.3946910 -0.9672730 -0.0669768
v 0.4755280 -0.1932020 0.2619325
v 0.9330419 0.3718760 -0.4046456
v -0.0048631 -0.9639570 0.2232865
v 0.3973510 -0.2946360 0.2628685
v 0.1129800 -0.9296139 -0.2216475
v 0.9482170 0.3632610 -0.2310286
v 0.9328260 -0.1506710 -0.1798076
v 0.4918869 -0.6137110 -0.3967045
v 0.5604980 -0.8038970 -0.0642292
v 0.4022470 -0.5825460 0.1518005
v 0.3615400 -0.5928540 0.1596035
v 0.9484510 0.3831090 -0.2970336
v 0.3815550 -0.6002330 0.1534375
v 0.3838360 -0.6246550 0.1437395
v 0.3848000 -0.7454510 0.1072415
v 0.6489880 0.5135660 0.4707575
v 0.3721000 -0.7181530 0.1185575
v 0.1815990 0.7111810 0.1869355
v 0.1547520 0.7124460 0.1927375
v 0.3706860 -0.6647520 0.1345535
v 0.3887120 -0.6496110 0.1358235
v 0.6185810 0.1916010 0.0955183
v 0.3720470 -0.8255010 0.1173175
v 0.3640800 -0.6892400 0.1282525
v 0.7639530 0.2372730 0.0796710
v 0.3898210 -0.6743309 0.1277925
v -0.4529450 -0.9590540 0.1137926
v 0.3900770 -0.6990190 0.1193415
v -0.4668650 -0.9412920 0.0963256
v 0.6039600 -0.6002570 0.0399503
v 0.5974310 -0.6263640 -0.0041343
v 0.3584120 -0.3187330 0.2593565
v 0.4971469 -0.7973959 -0.4003965
v 0.3799290 -0.8003240 0.1096545
v -0.7094300 -0.1275890 0.0812802
v 0.5820849 -0.4287300 -0.5550955
v -0.5860950 -0.3278180 0.2545366
v -0.4268440 -0.8810880 0.2694025
v -0.0934629 0.7353920 0.2595595
v 0.3821350 -0.5151370 0.1842815
v 0.5697569 -0.3559950 -0.5789536
v 0.5517160 -0.4815570 0.1941535
v 0.4523340 0.6007500 0.0344513
v -0.5908900 -0.8020650 0.0987909
v 0.6319900 -0.0794192 0.1834145
v 0.5738649 -0.2678470 -0.6012185
v -0.2931900 -0.2569940 0.4044316
v 0.7515800 -0.1280370 0.1349865
v 0.5718799 -0.2092210 -0.5934545
v -0.1715031 -0.9351320 -0.5090255
v 0.3793890 -0.5749730 0.1637465
v 0.0368418 0.0396099 0.2184855
v -0.4913571 -0.3138770 -0.6543664
v 0.0844637 -0.9187880 0.1386725
v 0.3956350 -0.4717800 0.1953195
v 0.5763809 -0.0725883 -0.5437215
v 0.0263061 0.0110734 0.2354285
v 0.3768440 -0.4507070 0.2079795
v 0.5785939 -0.0280913 -0.5167065
v 0.3834260 -0.4262810 0.2180435
v 0.2176290 -0.9059980 0.3683795
v -0.0919261 -0.9121161 -0.4661835
v 0.3883930 -0.4013580 0.2303155
v 0.3923530 -0.3752700 0.2427015
v 0.0716045 -0.9682980 -0.6060115
v 0.5136940 -0.6721140 -0.2305565
v 0.4091540 -0.4189590 0.2225985
v -0.6060930 -0.3090770 0.2414066
v -0.4812561 -0.9644600 -0.2348064
v 0.7962120 -0.5078890 -0.1040395
v 0.8452730 -0.4402050 -0.2211136
v -0.2980770 -0.9723800 0.1788376
v -0.2689511 -0.4588120 -0.7426385
v -0.7535191 -0.7007610 -0.4298264
v 0.3359390 -0.9475310 0.3210535
v 0.7574490 -0.2780190 0.1605165
v -0.2052321 -0.8012800 -0.6563054
v 0.7701110 0.5764360 -0.1175326
v -0.9059291 -0.5811120 -0.3709864
v 0.1592920 -0.9630620 -0.2081185
v 0.6868690 0.0069983 0.1161135
v -0.2597611 0.0998740 -0.5159425
v -0.6239090 -0.8526430 0.0490514
v 0.6940440 -0.3004200 0.1948345
v 0.5817770 -0.6038420 0.0445803
v -0.2626581 -0.0829499 -0.5749205
v -0.2296371 -0.0410070 -0.5694655
v -0.0667297 -0.8875639 -0.6639545
v 0.5236760 -0.7630560 -0.0695874
v -0.1204001 -0.6546210 -0.7260035
v -0.1463011 -0.6589540 -0.7208395
v 0.4446080 -0.5407569 0.1523485
v 0.4521050 0.5752490 0.0343273
v 0.9370849 0.3326150 -0.4559326
v 0.3072940 -0.9688340 -0.3120165
v 0.7551460 0.0900797 0.0680740
v 0.7320430 0.1091890 0.0813551
v 0.6335880 0.0994244 0.0981293
v -0.3136311 -0.2956360 -0.7376975
v -0.6280940 -0.2922960 0.2296986
v -0.6273210 -0.3204900 0.2300946
v -0.1896411 -0.7844580 -0.6737095
v -0.1883601 -0.7489140 -0.7087625
v -0.6284550 -0.3483800 0.2297146
v 0.6017870 -0.3338580 0.2275515
v -0.7230870 -0.2485540 0.1246856
v 0.7781009 -0.4020970 -0.4521085
v 0.4093630 -0.1278920 0.2615785
v 0.3312280 -0.2704920 0.2664885
v 0.9758439 0.1543770 -0.4483006
v 0.9732179 0.1435350 -0.4167626
v 0.3357950 -0.3199280 0.2569485
v 0.7643970 -0.5276250 -0.0700708
v 0.9558949 0.4107220 -0.2940266
v 0.0621569 -0.7897660 -0.6477635
v 0.8736950 0.5476360 -0.1524346
v 0.6832340 -0.0154692 0.1270785
v 0.0522556 -0.9250730 -0.1759325
v -0.6012480 -0.8104290 0.0750524
v -0.3491730 -0.9681580 -0.4828575
v 0.4279870 -0.5138789 0.1706005
v 0.4245460 -0.0997753 0.2534295
v 0.4034760 -0.0761780 0.2449225
v -0.4133021 0.0731844 -0.4922295
v 0.4613410 -0.5166050 0.1693615
v 0.7649320 0.4232030 0.0517740
v 0.8808620 -0.3750000 -0.0935718
v -0.6324430 -0.3760900 0.2292696
v -0.4005761 0.0909105 -0.4860584
v -0.1878751 -0.0152751 -0.5727665
v -0.3858561 0.1093900 -0.4797915
v 0.1916480 0.5907480 0.1117025
v 0.5848851 0.7020470 0.5963544
v -0.7062941 -0.4988800 -0.4687634
v -0.1803531 -0.4242840 -0.7710185
v -0.4389080 -0.1542470 0.2743275
v -0.1546411 -0.2078440 -0.7312135
v 0.4273950 -0.6712270 0.1113325
v 0.5907159 0.5126300 -0.4892835
v 0.4384590 -0.6513540 0.1101635
v 0.4295630 -0.7156360 0.0962610
v 0.4781319 0.5250640 -0.3473335
v 0.4287640 -0.6913810 0.1043775
v 0.0908796 0.6756170 0.1790275
v 0.5921280 0.7531890 0.5896085
v 0.6099750 0.5844049 0.5240185
v 0.3936780 -0.1047160 0.2564595
v 0.3377680 -0.4469070 0.2200435
v 0.4419300 -0.5675271 0.1341575
v -0.7569301 -0.1861090 0.0184464
v 0.3176550 -0.7108490 0.1267405
v 0.4892370 -0.2609230 0.2661525
v 0.5963410 -0.5713260 0.0761216
v 0.6515270 0.6114120 0.0669970
v 0.5744570 -0.5707440 0.0871588
v 0.7102400 0.8250970 0.5032675
v 0.7235121 0.8171980 0.4793855
v -0.1159650 0.2580370 -0.2565955
v 0.6803620 -0.0373142 0.1381305
v 0.9804559 0.1493100 -0.4989756
v 0.9767869 0.1657180 -0.4754566
v 0.9658769 0.2161220 -0.4806486
v 0.9604369 0.2340350 -0.4669436
v 0.9671059 0.2085720 -0.4587136
v 0.9596029 0.0654172 -0.5182065
v 0.7571080 0.6946011 0.4426104
v 0.9700579 0.0885950 -0.5292175
v 0.1673950 -0.9230590 -0.0257237
v 0.0829715 0.2058690 -0.0809271
v 0.5208680 0.5218040 -0.0019574
v 0.5986110 -0.4328050 0.2090555
v -0.6265560 -0.8048620 0.0647345
v -0.6394410 -0.8328520 0.0557920
v 0.2427379 -0.9724380 -0.4175955
v 0.1624800 -0.2035070 0.2962815
v 0.2899939 -0.9724220 -0.4890335
v 0.3111629 -0.9721470 -0.4800235
v 0.2949820 -0.9727880 -0.4608845
v 0.6163980 -0.3536510 0.2238225
v 0.7013810 -0.1340670 0.1658605
v 0.1704020 0.7364820 0.1969915
v 0.5729949 -0.4915220 0.1827675
v 0.7573050 -0.0484619 0.0972312
v 0.7642130 -0.0274020 0.0819061
v 0.5141240 -0.3820740 0.2467765
v 0.3122160 -0.0187288 0.2308495
v 0.3406190 -0.0239581 0.2303485
v 0.1287800 0.7132630 0.1977705
v -0.6808370 -0.0139912 0.0094801
v 0.4524650 -0.4944260 0.1824995
v 0.4435460 -0.0244390 0.2249005
v 0.4182580 -0.0570813 0.2340495
v 0.7490250 0.2131010 0.0860815
v 0.4383130 -0.0493204 0.2299695
v 0.5621469 -0.4339520 -0.5592565
v 0.6605500 -0.4839100 0.1386595
v -0.1714461 -0.9669520 -0.6088015
v 0.5645449 -0.4134180 -0.5643255
v -0.1872871 -0.9575500 -0.6218054
v 0.4394570 -0.1737490 0.2661555
v 0.5424629 -0.3723020 -0.5776516
v -0.6472580 -0.9397290 -0.0637073
v 0.5655809 -0.3241460 -0.5870336
v 0.5687829 -0.2963870 -0.5964175
v 0.5487619 -0.2756180 -0.5971655
v 0.4503310 -0.0883077 0.2447325
v 0.4476330 -0.1081970 0.2544885
v -0.5882040 -0.8331341 0.0656361
v -0.6480750 -0.3311110 0.2216706
v -0.6503970 -0.3571540 0.2205556
v 0.5525649 -0.1939270 -0.5897196
v 0.5546799 -0.1700250 -0.5769336
v 0.5565509 -0.1411350 -0.5680005
v 0.4355880 -0.1261310 0.2614655
v 0.1191499 -0.0070136 -0.5194305
v 0.5744779 -0.0942974 -0.5542416
v 0.4237850 -0.1512420 0.2655765
v 0.5521469 -0.0609124 -0.5396356
v 0.3420210 -0.5240999 0.1970315
v -0.0450625 -0.9274530 -0.6719195
v 0.5659400 -0.5404040 0.1339265
v 0.2654620 -0.9838520 0.3411255
v 0.6874850 -0.1617530 0.1804915
v 0.5790029 0.0240406 -0.4931355
v 0.7064850 -0.2109280 0.1813955
v -0.1503680 -0.0145174 0.2680015
v -0.6413040 -0.7758600 0.0686006
v -0.7585430 -0.1649130 0.0027342
v 0.8717270 -0.3691120 -0.0676707
v 0.5398610 -0.8304920 -0.1723675
v 0.0532110 0.7373810 0.1356415
v -0.1614031 -0.5911710 -0.7414525
v -0.1583291 -0.5637010 -0.7423245
v -0.8306541 -0.7297029 -0.4169604
v -0.6468500 -0.8615520 0.0402242
v -0.6603290 -0.8790460 0.0262721
v -0.4026050 -0.2913980 0.3661605
v -0.6465470 -0.4256610 0.2067076
v 0.5752169 -0.4700150 0.1957895
v 0.6777950 -0.1830090 0.1879565
v 0.4645450 -0.3362750 0.2588475
v -0.3200501 0.0952736 -0.5046395
v -0.2995501 0.0973277 -0.5081295
v 0.4634820 -0.3060330 0.2598275
v -0.7080981 -0.2329790 -0.4640564
v 0.4398320 -0.2909880 0.2600055
v -0.2911930 -0.1034780 0.2575435
v -0.2711900 -0.0957172 0.2617155
v -0.2845150 -0.0801810 0.2564946
v 0.6967670 -0.4809170 0.1107565
v 0.4634040 -0.2752320 0.2645585
v 0.4658290 -0.2438750 0.2662145
v 0.2674950 0.7968410 -0.0156846
v -0.1489381 -0.7999880 -0.6513485
v 0.4545640 -0.1958880 0.2637855
v -0.0454259 -0.8996140 -0.6717525
v 0.4679400 -0.1692400 0.2642575
v -0.1744471 -0.0404456 -0.5816665
v -0.1630441 -0.0155154 -0.5750465
v -0.4206500 -0.1748760 0.2825966
v 0.4289360 -0.2005820 0.2626955
v -0.7525000 -0.5023330 0.0692689
v -0.2404721 -0.8712850 -0.6097065
v 0.4492600 -0.4711840 0.1958685
v 0.8487419 0.0000248 -0.5086746
v 0.3975490 -0.1551570 0.2639915
v -0.1821601 -0.6013740 -0.7435244
v 0.3818990 -0.1324300 0.2602115
v 0.3122119 -0.9686840 -0.5341074
v 0.5974090 -0.5097311 0.1536725
v -0.7582310 -0.1042130 -0.0717615
v -0.7615730 -0.1085020 -0.0971073
v 0.1084380 -0.9196560 0.1297895
v -0.6438051 -0.8179760 -0.4125974
v -0.8543060 -0.8525389 -0.1969544
v 0.6779540 -0.0600966 0.1494185
v -0.9511271 -0.7331980 -0.0931665
v 0.6769040 -0.0849430 0.1607195
v -0.7809500 -0.4987810 -0.0167146
v 0.6752160 -0.1119530 0.1704455
v -0.4700681 -0.2933640 -0.6522225
v -0.6655290 -0.7763700 0.0659741
v -0.8336160 -0.8656760 -0.2022884
v 0.6507150 0.3639420 0.0838816
v -0.3400991 -0.8224519 -0.6186585
v -0.6585920 -0.8051600 0.0619279
v 0.0537774 -0.7613460 -0.6044725
v -0.4619411 -0.2657160 -0.6420744
v -0.8461220 -0.7887430 0.0075704
v -0.5701430 -0.4130130 0.2777326
v -0.4603241 -0.2406410 -0.6343374
v 0.3889270 -0.9713500 -0.4738265
v 0.4355060 -0.4126200 0.2290065
v 0.7354380 -0.5608050 -0.0626805
v 0.9591919 0.2358330 -0.4939146
v 0.1096019 -0.9671450 -0.6532725
v 0.4494030 -0.1477710 0.2647535
v 0.1376839 -0.9671240 -0.6413565
v -0.6383490 -0.6452920 0.1872766
v -0.3357771 -0.4074920 -0.7300215
v 0.4671020 -0.3665840 0.2563455
v 0.1016440 -0.9182210 0.1578085
v 0.4657420 0.6754110 -0.0200443
v -0.6672850 -0.8379960 0.0511111
v -0.6746171 -0.8625690 0.0345208
v -0.3407521 -0.9575911 -0.4638104
v -0.0836730 0.7903450 0.2516775
v 0.5754099 -0.4232080 0.2158605
v 0.5591390 0.3425010 0.0661833
v 0.5085289 -0.2187500 0.2603555
v 0.8793340 0.5573390 -0.2260256
v -0.2131951 -0.6710470 -0.7199324
v -0.8687961 -0.7782730 -0.0061292
v 0.4919960 -0.2057870 0.2618195
v -0.7478820 -0.1394250 0.0115695
v 0.5133690 -0.1961210 0.2566175
v 0.4933100 -0.1802510 0.2585755
v 0.5106730 -0.1300180 0.2378645
v -0.1427270 0.2648580 -0.2107375
v 0.4968190 -0.0774711 0.2257665
v 0.5016960 -0.0516101 0.2184135
v 0.4919280 -0.0087688 0.2132355
v 0.1130090 0.2046870 -0.1474495
v 0.4558530 0.3735000 -0.3303145
v 0.7634590 -0.1787240 0.1441995
v 0.1738400 0.8335010 0.1880175
v 0.6377480 -0.5617740 0.0571861
v 0.6315809 -0.5491180 0.0772384
v 0.5014459 -0.8633540 0.0857856
v 0.3189270 -0.2260310 0.2771845
v 0.5726620 -0.5545620 0.1108105
v 0.6439871 0.7654960 0.7197785
v -0.2277610 -0.0154228 0.2439405
v -0.2537540 -0.0113444 0.2414935
v -0.0055895 -0.9143460 -0.5240995
v 0.3156310 -0.4331880 0.2223765
v 0.8602770 0.1202390 0.0200385
v 0.2926780 -0.4191070 0.2247055
v -0.0465162 -0.9166880 0.0831800
v 0.1436290 0.7363690 0.2050125
v 0.6750270 -0.2826250 0.1993394
v 0.6215531 0.6951810 0.7416945
v 0.5480329 -0.4496120 -0.5574796
v 0.6894480 0.0304194 0.1037885
v 0.2783719 -0.6020809 -0.5510225
v -0.6838560 -0.7628700 0.0665592
v 0.5444389 -0.4010720 -0.5732805
v -0.6837940 -0.7897410 0.0638906
v -0.6963180 -0.8422050 0.0422734
v 0.6329939 0.3457060 -0.5692895
v -0.6790030 -0.8835430 0.0180617
v 0.5431489 -0.3036310 -0.5897486
v 0.7008580 -0.0764357 0.1447585
v 0.7963750 0.3022210 0.0476335
v 0.5529489 -0.2481220 -0.6000095
v 0.5773300 -0.3964290 0.2241725
v 0.5526839 -0.2199280 -0.5982465
v 0.5778010 -0.3690750 0.2292385
v 0.5325420 0.3286780 0.0565494
v 0.5543150 0.3095390 0.0689761
v 0.8792500 -0.0016518 -0.0865039
v 0.5452859 -0.1172950 -0.5648846
v 0.5509509 -0.0987779 -0.5588675
v -0.5691731 0.0515093 -0.4419644
v 0.5571759 -0.0813803 -0.5504616
v 0.5378489 0.2607350 0.0700388
v 0.5560139 -0.0384150 -0.5249526
v 0.5561089 -0.0175191 -0.5110015
v 0.5596310 0.2574690 0.0780575
v 0.5539839 0.0048295 -0.4965726
v 0.3775570 -0.2811320 0.2647345
v 0.5493009 0.0297161 -0.4841105
v 0.3969160 -0.3211740 0.2607595
v -0.1492731 -0.0580558 -0.5839485
v 0.2150470 0.5463450 0.0415393
v -0.2277931 -0.7182200 -0.7131665
v 0.3752980 -0.3323680 0.2569895
v -0.2032381 -0.7235360 -0.7210035
v -0.9936010 -0.6152110 -0.1265314
v 0.3951370 -0.3486510 0.2544375
v -0.2574911 -0.1069650 -0.5904355
v 0.5851720 -0.3153160 0.2286515
v 0.6667230 -0.3398270 0.2074335
v 0.6826450 -0.3562570 0.1991235
v 0.6857290 -0.3798380 0.1910354
v 0.7884300 0.2713360 0.0573786
v -0.3169521 -0.8660020 -0.5990735
v 0.6319621 0.5069970 0.4131314
v 0.6452230 0.5040570 0.4323285
v -0.6901790 -0.7084759 0.0669990
v -0.2539911 -0.1961860 -0.7124505
v -0.7048400 -0.7998970 0.0597910
v -0.7067650 -0.8201700 0.0510966
v -0.3775451 0.0604172 -0.5037515
v -0.2182251 -0.7844890 -0.6769185
v -0.1974931 0.1114110 -0.5157884
v 0.9113850 0.3744660 -0.1385386
v -0.2079841 0.1324950 -0.4998195
v 0.5269310 0.5679920 -0.0176865
v -0.2722040 0.1541520 -0.4683625
v -0.3951001 -0.1488670 -0.6339304
v -0.1891011 0.1610710 -0.4736204
v -0.1701811 0.1481200 -0.4856815
v 0.6662370 -0.4263020 0.1836825
v 0.5713950 -0.2927070 0.2309855
v 0.7524289 -0.5488760 -0.0810148
v 0.5642360 -0.1025800 0.2201315
v 0.7593170 -0.4933800 0.0346629
v 0.5984600 -0.0141993 0.1734515
v -0.9226230 -0.7906671 -0.1357184
v 0.6021280 0.0116407 0.1616635
v 0.5541650 -0.0454144 0.2067795
v -0.1857881 -0.5740941 -0.7464164
v -0.2031481 -0.7684880 -0.6943865
v 0.5404930 -0.0870081 0.2208765
v 0.7417640 0.5098020 0.3494785
v 0.5864820 0.6129600 0.4679044
v 0.5586160 0.0312405 0.1740185
v 0.4703310 -0.8119090 -0.3236115
v 0.8631760 0.1476880 0.0275596
v 0.1021320 0.0456125 0.1935065
v 0.6659160 -0.4496790 0.1700945
v -0.7560401 -0.6224090 -0.3946464
v 0.7989380 0.2222470 0.0611267
v 0.7013640 -0.0318693 0.1247045
v 0.7003400 -0.0530551 0.1346444
v 0.2777270 -0.9679610 0.3629465
v -0.2826391 -0.0964919 -0.5894355
v -0.0656644 0.7545860 0.2900165
v 0.0042002 0.7133530 0.1339115
v -0.0468546 0.7457300 0.2721425
v -0.1603301 -0.9680620 -0.5564815
v -0.7079130 -0.6979220 0.0572871
v -0.7066600 -0.7250510 0.0641926
v -0.7040420 -0.7510310 0.0670683
v 0.5513269 -0.8109570 -0.5091686
v -0.7033400 -0.7757360 0.0651596
v -0.2092871 -0.4840320 -0.7591745
v -0.7212541 -0.8313130 0.0408430
v 0.6882830 0.0794596 0.0868588
v -0.3555521 -0.4262230 -0.7243914
v -0.3881761 -0.0320035 -0.5523724
v -0.7575990 -0.8980490 -0.0748522
v 0.3900100 0.6027280 -0.1294305
v 0.6891020 0.0544446 0.0919882
v 0.7917690 0.1949600 0.0657663
v -0.7651201 -0.7533040 -0.4366304
v -0.6712831 -0.1215830 -0.4530234
v 0.1799420 -0.9672000 -0.1464915
v -0.3094821 -0.8960730 -0.6026214
v 0.5818190 -0.0561299 0.2017055
v -0.0403731 0.2457720 -0.2191205
v -0.1304590 0.2621770 -0.2309645
v 0.1856700 0.8847851 0.0822143
v 0.6719140 -0.9480270 0.0385464
v 0.5297409 -0.8002141 -0.4924366
v 0.4414970 -0.3529030 0.2579475
v 0.1896940 -0.9276910 -0.0394632
v 0.6831000 0.5951710 -0.0107342
v 0.1168270 0.2040750 -0.1714395
v -0.7668350 -0.8070610 0.0423033
v -0.1852180 -0.9785290 0.2384555
v 0.5980730 0.1961950 0.0938285
v 0.1560750 0.1936780 -0.2342545
v 0.5736870 0.2039520 0.0885660
v 0.5923589 0.2228870 0.0900719
v 0.7523400 0.2904020 0.0740653
v 0.5815520 0.6362090 0.4667635
v 0.5772490 0.2839130 0.0804580
v 0.5127030 0.5483800 -0.0030266
v 0.8530010 0.2748500 0.0187271
v 0.6494070 -0.9281100 0.0577844
v 0.5902710 0.1124040 0.1033455
v 0.9181780 -0.2925620 -0.2650076
v 0.6216969 -0.6032580 0.0279710
v 0.5728320 -0.2406780 0.2272875
v 0.6804100 -0.4731000 0.1352565
v -0.2258611 -0.1486630 -0.6743925
v 0.7480870 -0.0679467 0.1117705
v 0.7085900 0.0939747 0.0838879
v 0.8287170 0.2528410 0.0412773
v 0.8068840 0.1750560 0.0554068
v -0.1192390 -0.2570180 0.4467495
v 0.7993710 0.1233250 0.0553717
v 0.9139659 0.5178350 -0.3497656
v 0.5791039 0.5560410 0.2505494
v 0.7935330 0.8265640 0.5747605
v 0.9342079 0.0425545 -0.4445986
v -0.7196370 -0.7642460 0.0673692
v 0.5554729 -0.4712500 -0.5427515
v -0.7241430 -0.8088940 0.0517507
v 0.7989260 0.0977930 0.0485355
v 0.5451329 -0.4262040 -0.5670316
v 0.7989210 0.0730025 0.0391326
v -0.5419051 -0.9118580 -0.4251454
v 0.5225179 -0.3912170 -0.5822245
v 0.4171230 -0.3662070 0.2511825
v -0.1905820 -0.0414228 0.2644045
v 0.5367659 -0.3373390 -0.5826276
v 0.5109910 -0.3319600 0.2561485
v 0.2169430 -0.8525220 0.3470645
v 0.5680720 0.2305790 0.0828653
v 0.5327609 -0.2571990 -0.5979006
v 0.7418650 0.1786540 0.0841504
v 0.5295629 -0.2324440 -0.6006666
v 0.4434950 -0.3854680 0.2454845
v 0.5280699 -0.2034250 -0.5943906
v 0.5293279 -0.1779950 -0.5812195
v 0.2932710 0.5139090 -0.0520430
v 0.5262909 -0.1256930 -0.5688456
v 0.7223020 0.1977980 0.0906410
v 0.7429960 0.2463930 0.0851972
v 0.4297280 -0.4370200 0.2158105
v -0.5064491 -0.4929180 -0.6429234
v 0.1787290 0.7919950 0.0573121
v 0.7027010 0.1537330 0.0911935
v 0.6996660 0.1832810 0.0927880
v 0.9498770 0.3479620 -0.2531726
v 0.5272279 0.0111092 -0.4918486
v 0.5195729 0.0390713 -0.4811085
v 0.3792280 -0.0861510 0.2520535
v -0.7280070 -0.6862060 0.0518426
v 0.7188100 0.2582130 0.0887906
v 0.7225520 0.2283860 0.0925144
v -0.2585191 -0.2174830 -0.7211965
v -0.7234320 -0.7855730 0.0627426
v -0.7432890 -0.8202810 0.0401426
v 0.3321020 0.5927060 -0.0968780
v 0.6931249 0.3527770 0.0801521
v 0.5575970 0.1548860 0.0945065
v 0.3165150 0.6418370 0.1214775
v 0.4459130 -0.2234130 0.2624775
v -0.2785991 -0.1182590 -0.6083425
v 0.7014100 0.3985540 0.0843046
v 0.6453980 -0.8529980 -0.1282175
v 0.4982970 0.2678180 0.0537642
v -0.4147991 -0.1056950 -0.6169934
v 0.6745900 0.2834970 0.0914216
v -0.3862011 -0.0704583 -0.5926765
v 0.6763300 0.2561020 0.0962228
v -0.7488780 -0.7036920 0.0613783
v -0.7271660 -0.7143919 0.0627719
v -0.7244810 -0.7421629 0.0683794
v 0.4911880 -0.1519970 0.2548515
v 0.5188900 -0.1662750 0.2482035
v -0.7350640 -0.1147400 0.0193650
v -0.6858270 -0.7356260 0.0666169
v -0.2058661 -0.5974860 -0.7467945
v 0.5164700 -0.0106611 0.2080995
v -0.1475151 -0.7213680 -0.7075704
v 0.7078699 -0.4347370 0.1477925
v 0.1575940 -0.9228500 0.0274766
v -0.2306601 0.1128330 -0.5120875
v -0.3156351 -0.8285379 -0.6256015
v 0.5072560 -0.5835690 0.0884827
v 0.5264790 -0.5687820 0.1019645
v 0.5185490 0.2512010 0.0632479
v -0.2474651 -0.5017500 -0.7399855
v -0.4430140 -0.9464030 0.1868646
v 0.5873700 0.6756240 0.6382704
v -0.7664660 -0.9014920 -0.1430674
v 0.5319410 -0.4248710 0.2265475
v 0.4034590 -0.4438080 0.2093715
v -0.7468730 -0.7333190 0.0690044
v -0.7423330 -0.7657470 0.0677068
v -0.7665910 -0.7806860 0.0579000
v -0.2651271 -0.2827140 -0.7427425
v 0.6202630 -0.0085176 0.1573234
v -0.2153901 -0.5152800 -0.7468925
v 0.4189830 0.3975340 -0.1156535
v -0.7981301 -0.7088330 -0.4337234
v 0.5960380 -0.4781050 0.1842125
v -0.2305051 -0.9121780 -0.6156555
v -0.2054061 -0.8940190 -0.6209445
v 0.5982060 -0.4564930 0.1984505
v 0.6695530 -0.4920830 0.1213945
v -0.0359802 -0.9162760 0.1069495
v -0.4511170 -0.9477960 0.1632446
v 0.2580640 -0.9721410 -0.0472773
v -0.0464081 0.2092640 -0.3665265
v -0.0260481 0.1935560 -0.3817215
v -0.0638571 -0.9197119 -0.0202750
v 0.6935400 -0.5264550 0.0504834
v -0.0062437 0.1768450 -0.3962555
v -0.0809541 -0.1257810 0.2943965
v 0.4810660 0.5075110 0.0117258
v 0.3116360 -0.7565520 0.1237275
v 0.3057900 -0.0946244 0.2500755
v 0.5273079 -0.8445630 -0.5829856
v 0.1011149 0.1353400 -0.3939895
v 0.5223719 -0.8233780 -0.5621496
v 0.7044830 0.5972810 -0.0133536
v 0.3169550 -0.4894770 0.2097635
v -0.7489640 -0.4504440 0.0746203
v 0.4126289 -0.4187280 -0.5794856
v 0.7204230 0.5847160 -0.0480416
v 0.6987930 -0.4979780 0.0850410
v 0.2563470 0.6065170 0.1251695
v 0.5984260 -0.5878299 0.0568912
v 0.5769629 -0.1922220 0.2212725
v 0.5881280 -0.1719290 0.2135175
v -0.7718270 -0.6939560 0.0584652
v -0.7702080 -0.7232029 0.0663794
v 0.6556080 -0.2625460 0.2025454
v 0.6426960 -0.5785160 0.0370728
v -0.7678150 -0.7530160 0.0672835
v 0.3866910 -0.1820340 0.2638745
v 0.7315890 0.0154092 0.0857048
v -0.7889310 -0.7894390 0.0457095
v 0.7871810 0.7223650 0.4539125
v 0.5462410 -0.8903019 0.0860366
v 0.5986980 -0.4076220 0.2157145
v 0.2026270 -0.9301701 0.3736035
v 0.6960530 0.2702360 0.0907763
v 0.1756120 -0.9325820 0.3699345
v 0.8352240 0.2757040 0.0299957
v 0.7435520 0.0623116 0.0637599
v 0.7086720 -0.4114090 0.1612094
v -0.7369960 -0.0878069 -0.2924374
v -0.4774450 -0.9060230 0.1546536
v 0.6752400 0.3415010 0.0853629
v 0.0663103 -0.9787550 0.3200355
v 0.5845990 0.1452220 0.0959802
v 0.8223630 0.2278040 0.0503857
v 0.5521690 0.0060074 0.1883045
v 0.5789310 0.1757050 0.0933995
v 0.5273529 -0.4689540 -0.5493305
v 0.4869590 -0.3199930 0.2576195
v -0.7289460 -0.4116120 0.1012068
v -0.5651140 -0.8139060 0.1537536
v 0.5252379 -0.4166910 -0.5744995
v 0.2946480 0.6425600 0.1322865
v -0.0718297 0.8346270 0.2706995
v 0.5169569 -0.3633120 -0.5879665
v -0.2460590 -0.9198670 0.0146534
v -0.7961350 -0.6841050 0.0554959
v 0.5168189 -0.3100640 -0.5900485
v -0.7906910 -0.7434810 0.0613820
v -0.6307980 -0.9205970 -0.3314454
v -0.7925310 -0.8311890 0.0035667
v -0.0847989 -0.9180130 0.1694405
v 0.7369650 -0.2848530 0.1754474
v 0.7118620 -0.3837750 0.1725935
v 0.7051430 -0.3574160 0.1884055
v 0.6751930 0.3116040 0.0886498
v 0.5294289 -0.1526600 -0.5712236
v 0.5904360 0.3453960 0.0751761
v -0.6428181 -0.9091690 -0.3451504
v -0.6188051 -0.8991820 0.0181632
v 0.5356839 -0.0802792 -0.5528086
v 0.5822920 0.3172310 0.0757700
v 0.5364729 -0.0456303 -0.5319075
v 0.5358419 -0.0284731 -0.5202145
v 0.5329239 -0.0096071 -0.5067676
v 0.4025720 -0.2048120 0.2626515
v 0.3236100 0.6385700 -0.0702691
v 0.5417690 -0.0176048 0.2012635
v 0.3391410 -0.2434610 0.2712855
v 0.3979390 -0.5257490 0.1742465
v -0.9449860 -0.7701010 -0.1995364
v -0.8184800 -0.7046640 0.0557320
v -0.8088450 -0.7661080 0.0470179
v 0.5631950 -0.1327850 0.2212045
v 0.5634160 -0.1648990 0.2221745
v -0.3030221 -0.5151780 -0.7348715
v -0.2440131 -0.0633993 -0.5695264
v 0.4219840 -0.5857060 0.1378805
v 0.4209460 -0.5633080 0.1489735
v -0.1609801 -0.4402710 -0.7723745
v -0.2678811 -0.0588972 -0.5633925
v -0.2512621 -0.0429615 -0.5640825
v -0.3128931 -0.3535670 -0.7357014
v -0.5959440 0.1036190 -0.0153169
v 0.5428990 -0.1717160 0.2371175
v 0.4254920 -0.6080000 0.1300385
v -0.7371531 -0.4298920 0.0882318
v 0.9332620 0.4951940 -0.1617236
v 0.4136360 -0.5423450 0.1618675
v 0.0742327 -0.8219820 -0.6891985
v -0.8143830 -0.7341630 0.0536875
v -0.4908240 -0.8752580 0.1782576
v 0.3553110 0.5844500 -0.1089655
v 0.5348310 -0.1916060 0.2459225
v -0.4730220 -0.9539690 -0.4726374
v -0.4900750 -0.8830220 0.1582226
v 0.5537410 -0.1908400 0.2314825
v 0.3048600 0.5131390 0.0421165
v 0.2833010 0.5317980 0.0592200
v 0.4844530 -0.9021240 0.1142055
v 0.4592020 -0.1252290 0.2587975
v 0.3773360 0.5753940 0.0751312
v -0.1680191 -0.3119750 -0.7535084
v -0.0899475 -0.9242930 0.3144675
v -0.5601500 -0.8262370 0.1244856
v 0.1111580 0.6401460 -0.0002844
v -0.6704101 -0.0547454 -0.4072084
v -0.1255711 -0.6770120 -0.7152025
v -0.8384870 -0.7228709 0.0459974
v 0.1250550 0.5834210 0.0392912
v -0.8346300 -0.7501460 0.0394640
v 0.7876500 0.3708920 0.0477012
v 0.6934770 -0.3303580 0.1963985
v -0.2155811 0.0905570 -0.5293045
v -0.1356781 -0.5819210 -0.7400964
v 0.7107060 -0.3129570 0.1886765
v -0.3857291 -0.0504445 -0.5711984
v 0.4679940 -0.1046550 0.2486185
v -0.3178740 0.1347060 -0.4834304
v -0.5020570 -0.8615130 0.1645076
v -0.8588941 -0.6318140 -0.4073844
v -0.7160811 -0.8509480 -0.3941474
v -0.4451451 -0.3075510 -0.6645914
v 0.7996050 0.3493490 0.0400297
v 0.7919860 0.3289070 0.0456733
v -0.7183810 -0.0922447 0.0259354
v -0.3304851 0.0738506 -0.5123565
v -0.9736740 -0.6475770 -0.0777400
v 0.6973799 -0.2741870 0.1913995
v 0.5183360 -0.6877739 -0.0533594
v -0.6130250 -0.8322800 0.0602107
v 0.5444410 -0.2101600 0.2388635
v 0.2481610 -0.6401449 0.1372495
v -0.8446040 -0.6955090 0.0483143
v -0.7788771 -0.6907120 -0.4310674
v -0.7848610 -0.5084580 -0.3343814
v -0.0158603 0.2387400 -0.2182615
v -0.1583991 -0.9112840 -0.4660115
v 0.4617159 0.4698080 -0.2840665
v 0.1543170 -0.4465220 0.4283825
v 0.1301270 -0.4548370 0.4446765
v -0.8542030 -0.7361100 0.0331833
v 0.7150270 -0.2909030 0.1857395
v 0.9281999 -0.1333070 -0.1648066
v 0.9086590 -0.1910430 -0.0795084
v 0.7001430 -0.2521530 0.1882785
v 0.7139500 -0.2361820 0.1810315
v 0.2836280 0.8248540 0.0486549
v 0.5041439 -0.7952540 -0.5072135
v 0.4943519 -0.8148299 -0.5563986
v 0.6640180 -0.4007930 0.1948415
v 0.2866350 -0.2573380 0.2821795
v 0.4252630 -0.4594240 0.2007655
v 0.4191170 -0.2283260 0.2598325
v -0.0254980 0.7414380 0.2570645
v -0.2888760 -0.9183151 0.0809158
v -0.8502650 -0.6683500 0.0439059
v 0.0747511 -0.9811471 0.2616635
v 0.7832310 0.2437260 0.0674710
v 0.5116390 -0.8157409 0.0424058
v 0.5154999 -0.5121861 0.1765525
v 0.2912120 -0.7087570 0.1242195
v 0.3054810 -0.6858521 0.1280805
v 0.5242840 -0.4898570 0.1933625
v 0.5354110 -0.2682250 0.2505395
v 0.4739680 0.2565690 0.0451624
v 0.0368601 0.6252400 0.1093685
v -0.0502040 0.0210836 -0.5491865
v 0.7925649 0.4380780 -0.5853435
v 0.1948380 -0.2868820 0.3127645
v 0.1799110 -0.2757130 0.3251345
v 0.4556700 -0.0654544 0.2324635
v 0.7373360 0.3616750 0.0672670
v -0.3942721 -0.0110067 -0.5363714
v 0.8442780 0.2956600 0.0161732
v 0.8329370 0.3231540 0.0159659
v -0.8696780 -0.6853420 0.0364219
v 0.8143540 0.2015590 0.0536835
v 0.7769680 0.2165490 0.0755096
v 0.2060440 -0.0435288 0.2419775
v 0.7147370 -0.1638850 0.1697345
v 0.6992370 -0.1856070 0.1815935
v 0.5262949 -0.4412940 -0.5649735
v 0.5848110 0.5321190 0.1431105
v 0.1213000 -0.9814010 0.3230725
v 0.5475010 -0.2925170 0.2438225
v 0.4949030 0.2413620 0.0552749
v 0.5062689 -0.3360190 -0.5932625
v -0.0801247 -0.9146529 0.1274005
v 0.3167100 -0.4055690 0.2309085
v 0.4746090 0.5347250 0.0177230
v -0.4839000 -0.8794420 0.1991466
v 0.5104679 -0.2505130 -0.5994086
v 0.6592660 0.1110120 0.0941690
v 0.4998839 -0.2174480 -0.5959166
v 0.4478419 -0.7114260 -0.3940575
v -0.0951476 0.0336474 -0.5514765
v 0.7330520 -0.1439550 0.1539085
v 0.5061579 -0.1614700 -0.5741395
v 0.7850640 0.1668170 0.0674644
v 0.7011280 -0.1024760 0.1552365
v 0.6559280 0.1419970 0.0963198
v 0.4253770 -0.4838660 0.1853885
v 0.5236349 -0.0598300 -0.5422536
v 0.9401800 0.0748376 -0.0910826
v 0.4001070 -0.5001320 0.1811435
v 0.9687409 0.1871710 -0.5461445
v 0.5081169 -0.0061653 -0.5053255
v -0.5637590 -0.7712740 0.2287056
v 0.5021619 0.0582517 -0.4777145
v -0.2476751 -0.4746170 -0.7424145
v 0.5127320 -0.6008400 0.0696150
v 0.5310120 -0.5845150 0.0823310
v 0.3674110 0.2338060 -0.2970445
v 0.6706730 0.0892261 0.0910141
v -0.4278031 -0.2179660 -0.6503034
v 0.7240250 -0.0664965 0.1274495
v 0.7239030 -0.0912627 0.1393605
v 0.6691430 0.0681453 0.0948429
v -0.3334290 -0.9739250 0.0200140
v -0.2071371 -0.4586400 -0.7677605
v -0.2044241 -0.2201710 -0.7319005
v 0.5885370 0.4624560 0.0980138
v -0.3456500 -0.9760640 -0.0055284
v -0.1980981 -0.4137120 -0.7673615
v 0.5318690 -0.3143670 0.2515615
v 0.1738609 -0.4463190 -0.5422555
v -0.1441551 0.1499880 -0.4809405
v -0.5614130 -0.7984890 0.1997546
v 0.3749930 -0.9561660 0.2401145
v -0.1834691 -0.2021460 -0.7259074
v 0.1243819 -0.9687040 -0.5922855
v -0.7119520 -0.0723082 0.0075200
v 0.5283590 -0.3998380 0.2356175
v 0.3359150 -0.0994378 0.2551945
v 0.9749359 0.2625360 -0.2159766
v -0.9983420 -0.5787070 -0.1798284
v -0.9972010 -0.5740430 -0.2064264
v 0.5913770 0.4417000 0.0850370
v 0.6689810 0.0459951 0.1060485
v 0.6676900 0.0239354 0.1186225
v -0.3328181 0.1137070 -0.4921114
v 0.9324309 0.3725400 -0.3801766
v -0.4150350 -0.9563299 0.2169295
v 0.5790490 -0.3419510 0.2303505
v -0.6809720 -0.1462590 0.1251726
v 0.5547540 -0.3842780 0.2323015
v 0.3255279 -0.9757550 -0.3868155
v -0.3472970 0.1336860 -0.4787284
v 0.2398900 -0.7084050 0.1171815
v 0.2226680 -0.6871750 0.1213695
v 0.7376560 -0.2423350 0.1713005
v 0.7409840 -0.1704780 0.1581375
v 0.4704590 0.5619930 0.0220003
v 0.4695070 0.5879190 0.0222108
v 0.7311500 -0.2162830 0.1711885
v 0.4892229 0.3471240 -0.4160135
v 0.7215950 -0.0284535 0.1119225
v -0.1655651 -0.1864470 -0.7165965
v 0.7051229 -0.0106813 0.1137355
v 0.7092610 0.0124090 0.1015015
v 0.7268080 -0.0074218 0.0996244
v 0.6645270 0.0015123 0.1297605
v -0.6398511 -0.8406410 -0.4016244
v -0.6150341 -0.8564039 -0.4028854
v -0.9093511 -0.6014760 -0.0067678
v -0.9198630 -0.6280630 -0.0046799
v -0.5328341 -0.6936210 0.2846376
v -0.7022130 -0.4044010 0.1435286
v -0.6970070 -0.0505068 0.0150477
v -0.7160910 -0.3075150 0.1570296
v -0.6843410 -0.0299959 0.0229959
v -0.6004241 -0.7175070 0.1940266
v -0.7054930 -0.0197910 -0.0480943
v 0.5778290 -0.9179820 0.0858218
v -0.7847131 -0.6664240 -0.4258384
v 0.6611800 -0.0205687 0.1406244
v 0.9698000 0.2451270 -0.1557406
v -0.4486251 -0.3284660 -0.6717744
v 0.7125960 0.0388980 0.0862735
v 0.5164199 -0.9151080 -0.6203845
v 0.7368350 0.0379595 0.0706960
v 0.4877669 -0.8722630 -0.6103086
v 0.6680640 -0.1397340 0.1794195
v 0.5016739 -0.8335370 -0.5795625
v 0.2809390 -0.9662240 -0.0059413
v 0.7235070 -0.1903820 0.1714705
v 0.2270239 0.1444660 -0.3738545
v 0.6602750 -0.1673500 0.1885915
v 0.6000720 0.3730820 0.0740963
v 0.7249629 0.0570664 0.0731381
v 0.3635780 0.5075370 -0.1153935
v 0.6984040 0.8312050 0.5288234
v -0.7570720 -0.5199291 0.0494194
v 0.4100140 0.4762540 0.0130750
v 0.9686470 0.2013680 -0.1326926
v 0.6435010 -0.9466000 0.0675141
v 0.6822370 -0.2060240 0.1892745
v 0.1899650 -0.1921170 0.2872795
v -0.4494800 -0.9640000 0.0820255
v 0.2730290 -0.5242740 0.1881185
v -0.3256751 -0.0953878 -0.6073705
v 0.7080560 0.0671379 0.0808385
v 0.7594630 -0.0893540 0.1129104
v 0.1812470 0.7959400 0.1930425
v 0.7374090 0.2750790 0.0808785
v 0.3377120 0.5899630 0.0954125
v 0.7285020 0.0801780 0.0743867
v 0.8295490 -0.4751670 -0.1065446
v 0.5403569 -0.4866430 -0.5341995
v 0.5198299 -0.4936400 -0.5303546
v 0.5271950 -0.2915330 0.2535765
v 0.5538970 0.5914150 -0.0900398
v 0.7196050 0.1717160 0.0882606
v 0.2553149 -0.9638391 -0.5777365
v 0.9151010 -0.2003400 -0.3279056
v 0.5039699 -0.4097530 -0.5804495
v 0.7000950 0.2127380 0.0957487
v 0.4997299 -0.3845860 -0.5904025
v 0.4918409 -0.3594560 -0.5962955
v -0.2150740 -0.0947212 0.2715345
v 0.4927669 -0.3119330 -0.5967075
v 0.7075000 0.1232600 0.0889703
v 0.5016389 -0.2924090 -0.5938335
v 0.5909370 0.6349339 0.5375255
v 0.5159690 -0.0976922 0.2256985
v 0.8608230 0.2115360 0.0333270
v 0.4675680 -0.0154368 0.2195725
v 0.6859100 -0.5926030 -0.0456165
v 0.5041819 -0.1868440 -0.5830335
v 0.2289130 0.0366140 0.2039485
v 0.2495810 0.0527137 0.1943095
v 0.5036399 -0.1358330 -0.5719386
v 0.2477080 0.0898320 0.1572515
v 0.5266439 -0.1009300 -0.5626985
v 0.5094179 -0.0794425 -0.5528305
v 0.2326770 0.1055340 0.1373245
v 0.9342409 0.3392490 -0.5006705
v 0.5168669 -0.0393199 -0.5296785
v 0.2423180 0.1287970 0.1193175
v 0.4993820 0.0145399 -0.4890775
v 0.4949580 0.0842201 -0.4829935
v -0.3171721 -0.9428101 -0.4673685
v 0.2515520 0.1522540 0.1008720
v 0.2340140 0.1881670 0.0395676
v -0.2101731 -0.6984550 -0.7212405
v -0.8099500 -0.4048620 -0.1011544
v 0.1705180 -0.9282700 -0.4007125
v 0.5017420 -0.8368731 0.0662552
v -0.5649590 -0.3199640 0.2692916
v 0.2514290 0.0268522 0.2107385
v -0.6926310 -0.0294502 0.0012049
v 0.6264150 -0.8500760 -0.1422135
v -0.5217240 -0.9605269 -0.0331130
v 0.2587140 0.1908980 0.0587610
v -0.6062191 -0.3383030 0.2396266
v -0.2323821 -0.6893210 -0.7161175
v 0.5751070 0.6282860 0.3387035
v 0.2736150 0.0394863 0.2021855
v 0.4654880 -0.8117610 -0.2073065
v 0.2726640 0.0587714 0.1893175
v 0.2608200 0.0739458 0.1768455
v 0.2749050 0.0920881 0.1607175
v -0.7398211 -0.6501970 -0.4082714
v 0.2616770 0.1135340 0.1403595
v 0.5780760 0.4271100 0.0545537
v 0.5640550 0.4333090 0.0342029
v 0.2656360 0.1395200 0.1237985
v 0.2750490 0.1614480 0.1097925
v -0.5704721 -0.8773839 -0.4331674
v 0.6188419 -0.9198530 -0.3631735
v 0.2648740 0.1745880 0.0854401
v -0.5608330 -0.3900720 0.2830136
v -0.8681021 -0.6047850 -0.3957344
v 0.5503120 -0.9656160 0.1104915
v -0.5791840 -0.6534300 0.2445956
v -0.5798690 -0.6781360 0.2308366
v 0.5262460 -0.8550540 0.0696805
v 0.3800940 0.6567210 0.0843775
v 0.2765540 0.0152880 0.2170655
v 0.2982900 0.0296083 0.2051425
v 0.2863150 0.0727293 0.1774395
v 0.2812520 0.1289180 0.1368015
v 0.2888240 0.1479180 0.1275685
v -0.4662380 -0.0840920 0.2349726
v -0.7998860 -0.2832120 -0.2132844
v 0.1274190 -0.9188550 0.1455255
v 0.9010760 -0.3266130 -0.2254406
v 0.3698629 -0.9749690 -0.4097835
v -0.9965250 -0.6239160 -0.2109424
v -0.9937330 -0.6229430 -0.2321184
v 0.9546430 0.4255920 -0.3123836
v 0.2836720 0.1917190 0.0725107
v 0.2849650 0.2049600 0.0440314
v 0.4211120 0.5417800 0.0422204
v 0.4059530 0.3509160 -0.1952155
v -0.7764031 -0.6419220 -0.4125644
v 0.7112410 0.4857880 0.3673645
v 0.2686909 -0.9726870 -0.4758975
v 0.9754909 0.1127000 -0.5398735
v -0.6541970 -0.5975450 0.1835566
v 0.3238950 0.0210059 0.2058055
v 0.2934330 0.0518690 0.1914125
v 0.9270339 0.3469550 -0.3660546
v -0.8494380 -0.8540640 -0.2203474
v 0.9123550 -0.3107610 -0.1494556
v -0.7014040 -0.9333590 -0.1868484
v 0.0628865 -0.0525540 -0.5614165
v 0.6055580 0.4367800 0.1289764
v 0.2900450 0.1123740 0.1492585
v 0.4184360 0.4049400 -0.1529145
v 0.2888230 0.1787740 0.0951874
v -0.4012300 -0.0200333 0.2165965
v 0.5672380 -0.8821920 0.0741868
v -0.1208960 -0.1816030 0.3920195
v 0.5506450 -0.8509080 0.0540862
v 0.5299210 -0.8352530 0.0486598
v 0.6893250 0.7909720 0.4250444
v 0.7192751 0.7922000 0.4132884
v 0.6996340 0.7847691 0.3936005
v 0.1043059 0.1467120 -0.3703685
v -0.8619111 -0.7963150 -0.3417574
v -0.2757880 -0.0571861 0.2512755
v 0.3762740 0.2855760 -0.2450835
v -0.3232440 -0.0810930 0.2484815
v 0.1222680 -0.0285681 0.2538855
v 0.6334230 -0.9061220 0.0595562
v 0.3181680 0.0439275 0.1931925
v 0.6548360 -0.5104760 0.1099925
v -0.7938070 -0.4001070 -0.3194484
v 0.3053910 0.0926348 0.1652695
v -0.4199410 -0.2942910 0.3546265
v -0.4382580 -0.3100990 0.3465686
v 0.3027300 0.1331290 0.1411285
v 0.7721840 0.2940950 0.0640374
v 0.3134980 0.1530500 0.1293445
v 0.9760579 0.1956950 -0.3887766
v 0.2992080 0.1663470 0.1144855
v 0.3027370 0.1908300 0.0833982
v 0.5716830 0.7933170 0.7280645
v 0.3069520 0.2017940 0.0639606
v -0.6534900 -0.6822360 0.1412126
v 0.3121030 0.2108300 0.0425136
v -0.1287430 -0.1669440 0.3687285
v 0.0038957 0.1405440 0.1003839
v 0.1562560 -0.8625240 0.3568785
v 0.3122440 0.0673394 0.1804525
v 0.3154160 0.1170270 0.1542595
v 0.3123240 0.1810750 0.1000377
v 0.2848720 -0.9447140 0.0632142
v 0.4993279 -0.4786790 -0.5414396
v 0.3365750 0.2103550 0.0565804
v 0.3417509 -0.8004071 -0.5331365
v 0.5683230 0.8020130 0.7598664
v -0.8588540 -0.6424370 0.0354382
v 0.4858669 -0.4311230 -0.5685106
v 0.4809269 -0.4019010 -0.5825655
v 0.4787609 -0.3787810 -0.5918686
v 0.4672950 -0.7055910 0.0696127
v 0.3650640 -0.8496790 0.1307735
v -0.4535260 -0.9649431 -0.2703345
v 0.4819989 -0.2897190 -0.5974745
v 0.0455080 0.1735400 0.0501071
v 0.4952809 -0.2707130 -0.5954395
v 0.3555910 0.0124355 0.2072165
v 0.4840629 -0.2448350 -0.5953985
v 0.4698389 -0.2200730 -0.5862195
v 0.3433680 0.0359401 0.1946665
v 0.3329060 0.0852881 0.1741755
v 0.4825599 -0.1677080 -0.5750576
v 0.4866599 -0.1472020 -0.5715405
v 0.3289300 0.1046870 0.1641475
v -0.2624920 -0.8575510 0.3014646
v -0.7810390 -0.1950430 -0.2740594
v 0.3208200 0.1690590 0.1152515
v -0.3163831 -0.9710770 -0.5396365
v 0.4981069 -0.0550709 -0.5397876
v 0.3249360 0.1957000 0.0824693
v 0.4927129 -0.0278838 -0.5227875
v 0.3306560 0.2192840 0.0269087
v 0.4899530 0.0375071 -0.4761125
v 0.9553600 0.4669940 -0.2253096
v 0.4341389 -0.9714150 -0.5361796
v 0.4982910 -0.8457040 -0.3076765
v 0.5145400 0.4739600 0.0040251
v 0.5240410 -0.9670449 0.1188135
v -0.4214881 -0.1620260 -0.6296524
v 0.3663280 0.0316169 0.1957255
v 0.3385490 0.0606008 0.1849975
v -0.3978091 -0.1773200 -0.6441304
v 0.9822730 0.1557390 -0.1649996
v 0.3328980 0.1389660 0.1429145
v 0.2626680 0.6635309 0.1515555
v 0.2196270 0.6390550 0.1501665
v 0.3386070 0.1610320 0.1246295
v 0.2267730 -0.5214580 0.2118795
v 0.3400150 0.1814440 0.1039135
v -0.8488330 -0.5568531 -0.0196842
v -0.2975281 -0.6731170 -0.7048475
v -0.1250131 0.0388232 -0.5495765
v 0.8551830 -0.4125960 -0.2909426
v -0.8601160 -0.5351640 -0.0388285
v -0.5073180 -0.8362410 0.2020676
v -0.4593321 -0.2199950 -0.6309184
v 0.0566001 -0.9243890 -0.1245465
v -0.2364430 0.0104540 0.2406325
v 0.3984309 -0.9696510 -0.5600745
v 0.3643680 0.0525214 0.1887945
v -0.3212931 -0.5022089 -0.7343215
v -0.4296991 -0.0456799 -0.5611804
v 0.3604910 0.0798615 0.1812315
v -0.4454761 -0.0268659 -0.5391924
v 0.1776850 -0.9219890 0.0502759
v 0.3550590 0.1066600 0.1671825
v -0.4434661 -0.2067420 -0.6338745
v -0.6609250 -0.5738090 0.1816336
v 0.3375230 0.1200640 0.1567615
v 0.0302070 -0.1606260 -0.6053685
v 0.3635670 0.1703870 0.1162405
v -0.2538731 0.1887820 -0.4396535
v 0.3538300 0.1991970 0.0821091
v 0.3598300 0.2209880 0.0345265
v -0.7834461 -0.6133600 -0.3952364
v 0.3806090 0.2292770 0.0157152
v -0.7664461 -0.6017030 -0.3840724
v -0.7865831 -0.5909940 -0.3796774
v 0.3731770 0.2347520 -0.0089784
v -0.7641121 -0.5793550 -0.3743234
v 0.3908760 0.2484570 -0.0234154
v -0.8420310 -0.5188060 -0.0582661
v 0.8144979 0.3707540 -0.6331386
v 0.3881870 0.0415869 0.1921435
v -0.7906141 -0.5515810 -0.3515084
v 0.3587520 0.1305500 0.1514375
v 0.3607500 0.1507330 0.1344695
v 0.6062559 0.4925860 0.2953244
v 0.4208830 0.7183720 -0.0067775
v -0.7463130 -0.1172960 -0.0049817
v 0.5870300 0.5613360 0.1508055
v 0.3661550 0.1864280 0.0992556
v 0.5858310 0.5185831 0.1983955
v 0.5887020 0.4975190 0.1814125
v -0.9174830 -0.7837410 -0.0888308
v -0.9371430 -0.7574420 -0.0841704
v -0.4039080 -0.9687450 -0.4600305
v 0.3857420 0.1971600 0.0834809
v 0.3708230 0.2120440 0.0602988
v -0.9481400 -0.7510840 -0.1100014
v -0.7029230 -0.0331727 -0.3350964
v 0.1449740 0.6773070 0.0391408
v -0.6939000 -0.0114308 -0.3218424
v 0.4015990 0.2701550 -0.0334961
v 0.3928660 0.2764940 -0.0579173
v 0.2192899 -0.9572470 -0.6329085
v 0.4683309 -0.8899879 -0.6156206
v 0.0115110 0.9185890 0.3013425
v -0.8540600 -0.5026619 -0.0781786
v 0.4621369 -0.8655930 -0.6040795
v 0.1895930 0.5553660 0.0332253
v 0.3880920 0.0694272 0.1830225
v 0.3855710 0.0975992 0.1725625
v 0.3004800 -0.8286810 0.2528885
v 0.2811660 -0.8283560 0.2712095
v 0.2955920 -0.8450040 0.2765405
v -0.1541051 -0.1464480 -0.6733484
v 0.3827600 0.1213370 0.1578525
v 0.7619320 0.5697070 -0.0167749
v 0.5941329 -0.8508461 -0.4037856
v 0.3894760 0.2216890 0.0396398
v 0.4085670 0.2306160 0.0226003
v 0.2672640 -0.5982471 0.1574035
v 0.4002480 0.2410630 0.0006518
v 0.2751040 0.6453440 0.1411495
v 0.7156410 0.5844350 -0.1187345
v 0.6534761 0.9091210 0.7029435
v 0.6270471 0.8990901 0.7140945
v 0.0044852 0.0742191 0.1893875
v -0.0078505 -0.0337559 0.2564665
v -0.0038921 0.0542799 0.2065735
v 0.0107489 0.0371968 0.2226205
v 0.6910070 0.8754970 0.6128555
v -0.0944287 -0.6470280 -0.7260845
v -0.0718345 -0.6373560 -0.7204365
v 0.3832330 0.0183110 0.2041175
v 0.5361320 0.5824320 -0.2570145
v 0.3225360 0.7131690 0.1195285
v 0.5845309 0.5231600 0.1716465
v 0.4127500 0.0561158 0.1878365
v 0.3836960 0.1413200 0.1421615
v 0.3860290 0.1602030 0.1249665
v 0.3872290 0.1787450 0.1062345
v 0.4002060 0.2098710 0.0608530
v 0.4315470 0.2308870 0.0300821
v 0.4137020 0.2621390 -0.0096880
v -0.8301890 -0.6473880 0.0410834
v 0.5311290 0.2050560 0.0754660
v -0.1558160 -0.1335990 0.2977775
v 0.7746080 0.3208330 0.0559221
v 0.4501350 0.6262460 0.0326156
v 0.4685610 0.6137000 0.0192337
v 0.4884440 -0.8107311 0.0580120
v 0.8389210 0.0632310 0.0095563
v -0.2181070 -0.2627420 0.4255666
v 0.0494600 0.1834490 0.0263937
v 0.8333000 0.0822074 0.0206107
v 0.4289360 0.0164790 0.2113465
v 0.4091100 0.0298740 0.2016075
v 0.4556279 -0.4717570 -0.5511405
v 0.4170510 0.0866852 0.1736495
v -0.5773460 -0.4609950 0.2773546
v 0.4097130 0.1144400 0.1600295
v 0.4031630 0.1325580 0.1478685
v 0.4103340 0.1852160 0.0938120
v 0.4110310 0.1983480 0.0762153
v 0.4799609 -0.3345360 -0.5992395
v 0.4684159 -0.3090700 -0.6018355
v 0.4263720 0.2060270 0.0614074
v 0.4171970 0.2193040 0.0428696
v 0.4714729 -0.2676300 -0.5951906
v 0.1704430 -0.9541090 -0.1291095
v -0.3611570 -0.9731860 0.0714037
v 0.2448580 -0.8099270 0.2610385
v 0.4777589 -0.1936140 -0.5815966
v -0.8390830 -0.6216910 0.0281906
v 0.0666521 -0.1363960 0.2919295
v 0.4772909 -0.1260730 -0.5645276
v 0.4486890 0.0014217 0.2171895
v 0.4652549 -0.1004000 -0.5521676
v 0.4338240 0.0418235 0.1975075
v 0.9685429 0.2090040 -0.5049465
v 0.1817090 -0.9522080 -0.1066025
v 0.4396530 0.0677572 0.1833005
v 0.4620879 -0.0252802 -0.5191036
v 0.0281102 -0.9232150 -0.0751903
v 0.4701479 0.0175129 -0.4871705
v 0.1530609 0.0470944 -0.4658905
v 0.4082400 0.1494510 0.1330695
v 0.4103040 0.1681900 0.1139775
v 0.1549090 -0.9224240 0.0737454
v 0.6818751 0.4885660 0.4138044
v -0.2000671 -0.5465580 -0.7456445
v -0.3819900 -0.9673600 -0.4360175
v -0.3188621 -0.7940670 -0.6590124
v 0.4192090 0.2877270 -0.0177242
v -0.8309710 -0.5693310 -0.0109871
v -0.1299751 0.0610036 -0.5386645
v -0.1298201 -0.9119240 -0.4823685
v 0.4268189 0.4250310 -0.1771165
v -0.8710170 -0.5166800 -0.0581261
v -0.3395090 -0.2544050 0.3816905
v -0.1350421 0.1084850 -0.5107865
v 0.4532200 0.0261444 0.2049305
v 0.4458210 0.0893766 0.1702575
v 0.4380700 0.1093920 0.1588585
v 0.4303890 0.1336070 0.1420985
v -0.4133140 0.0356435 -0.5111124
v 0.4340800 0.1745100 0.0994927
v -0.4704471 -0.1982980 -0.6276004
v 0.9770319 0.1071330 -0.4703576
v 0.4318590 0.1910820 0.0797957
v 0.4511110 0.1997650 0.0643572
v 0.4460580 0.2188130 0.0460792
v -0.4392971 -0.0955436 -0.6038644
v 0.9500100 0.1006820 -0.0968195
v -0.4480501 -0.0009625 -0.5211444
v 0.4288870 0.2500820 0.0146345
v 0.1316210 -0.9203160 0.1177495
v 0.4336870 0.2794450 0.0068998
v -0.7586000 -0.1425390 -0.0132808
v -0.3549600 -0.2338870 0.3664086
v -0.8033270 -0.5230360 -0.3251394
v -0.0631173 0.7438140 0.1948405
v -0.0279346 0.6571230 0.1442435
v 0.0410983 -0.9661460 0.3321765
v -0.0394320 0.8280300 0.3246075
v -0.5954731 -0.5289290 0.2464466
v 0.4576380 0.1429440 0.1242295
v 0.4590080 0.1621270 0.1028775
v 0.6091990 0.6171550 0.6490034
v -0.8417080 -0.8523630 -0.0967548
v -0.5863050 -0.5547110 0.2446496
v -0.9713020 -0.6148500 -0.3061214
v -0.1647880 -0.9798210 0.2460085
v -0.8399120 -0.4916590 -0.0990034
v -0.7360870 -0.8858610 -0.3260454
v 0.6979941 0.4857950 0.3911965
v 0.5958750 0.7091830 0.4282345
v -0.7236300 -0.1334090 0.0587283
v 0.4647000 0.1022050 0.1580225
v 0.4591470 0.1229930 0.1421375
v 0.4568200 0.1815090 0.0822204
v 0.9827949 0.2009110 -0.3629276
v 0.4676170 0.2112390 0.0548928
v 0.1385389 -0.0763144 -0.5544525
v 0.4716500 0.2309090 0.0475116
v -0.2177191 -0.8688020 -0.6137725
v -0.9940980 -0.6487350 -0.2008504
v 0.8111870 -0.5052580 -0.2024666
v 0.4520480 0.2424490 0.0339162
v 0.7661579 -0.3897330 -0.4725955
v 0.4524990 0.2691270 0.0289936
v -0.8538340 -0.4852270 -0.1198704
v -0.3581340 -0.1812890 0.3131695
v -0.3503210 -0.1477280 0.2765025
v -0.5770300 -0.3937360 0.2690916
v 0.0943671 0.0962870 0.1526105
v 0.1697900 0.5803090 0.0880888
v 0.4149420 0.3150480 -0.0537670
v -0.6994920 -0.0128768 -0.2997074
v 0.4498340 -0.7514460 -0.4121335
v 0.0000415 0.2324620 -0.2382345
v -0.0833878 -0.0152741 0.2603955
v 0.4514129 -0.5920690 -0.4535555
v -0.1049510 -0.0265434 0.2700245
v -0.0891438 0.1236120 0.1554805
v 0.4865660 0.0510886 0.1853825
v 0.6153980 0.2137040 0.0941468
v 0.4830880 0.1477000 0.1081375
v 0.7621240 0.3717770 0.0594143
v 0.4872860 0.1709620 0.0833658
v 0.4765610 0.1943290 0.0660061
v 0.7786890 0.3469050 0.0516838
v 0.7633410 0.2655370 0.0735744
v 0.4555640 0.2973090 0.0215145
v 0.2688879 -0.9722070 -0.4984115
v 0.4598850 0.3235130 0.0091373
v 0.5209480 -0.8139390 -0.1602165
v -0.2345320 -0.1431460 0.2958336
v 0.0555530 -0.2768940 0.4579155
v 0.4556870 -0.7799079 0.0724949
v 0.4770920 -0.7855110 0.0575151
v 0.5141380 0.0504430 0.1792545
v 0.0918587 -0.9202350 0.1119505
v 0.4988560 0.0724503 0.1692545
v 0.4499820 -0.7344880 -0.3961895
v 0.4618089 -0.4463770 -0.5638226
v 0.4614589 -0.4190390 -0.5734865
v 0.4377029 -0.4151480 -0.5788576
v 0.4552339 -0.3879050 -0.5839636
v 0.4660519 -0.3585850 -0.5950835
v 0.4897780 0.0940691 0.1572485
v 0.4847610 0.1151640 0.1415125
v 0.4782680 0.1320640 0.1273755
v 0.4617909 -0.2868100 -0.6001255
v -0.9114280 -0.8072520 -0.1941474
v 0.5109570 0.1523080 0.0950441
v 0.4583909 -0.2448930 -0.5896395
v 0.1222490 -0.9182230 0.1754065
v 0.5207170 0.1771510 0.0799073
v 0.0994577 -0.9276400 -0.2023805
v 0.4563539 -0.1718320 -0.5776065
v -0.7513930 -0.5728170 0.0300360
v 0.4479239 -0.1219300 -0.5613765
v 0.0308807 0.1918130 0.0120754
v 0.0634736 0.1754340 0.0394403
v 0.4813649 -0.0772836 -0.5471136
v 0.5101190 0.0874217 0.1554675
v 0.5053090 0.1288760 0.1197815
v 0.5352360 0.1606660 0.0897998
v 0.4835240 0.3131000 0.0306070
v 0.4980080 0.3330520 0.0305280
v 0.4625190 0.0411808 -0.4716225
v -0.5918330 -0.4824850 0.2637936
v 0.1236850 -0.2812980 0.4325655
v -0.8119720 -0.4297560 -0.1199054
v -0.9223440 -0.4936960 -0.1055674
v -0.2723121 -0.4855850 -0.7404724
v 0.5233070 0.4463220 0.0067396
v -0.0897764 0.1065160 0.1702935
v -0.8947811 -0.4901890 -0.1017284
v -0.1333150 0.1000550 0.1753765
v 0.5604270 0.4558630 0.0243328
v -0.7081050 -0.2218940 0.1227176
v 0.4214869 -0.9706210 -0.5611835
v -0.7269890 -0.2234870 0.1034466
v -0.4292831 0.0164881 -0.5173054
v 0.5398020 0.0523748 0.1691145
v 0.3093790 0.4966930 -0.0414263
v 0.5288210 0.0904843 0.1456145
v 0.5093850 0.1052680 0.1410715
v 0.5359630 0.1113560 0.1242965
v -0.4107011 -0.0592980 -0.5781854
v -0.4057081 -0.0426511 -0.5619875
v 0.5342780 0.1382680 0.1032665
v 0.7812250 0.5546670 -0.0267956
v 0.8182010 -0.4964950 -0.1797146
v 0.4766180 0.2842300 0.0412263
v 0.5034040 0.2940580 0.0487530
v 0.5066670 0.4240770 0.0067476
v 0.4997340 -0.3991560 0.2417065
v -0.3803180 0.0670695 0.1887325
v 0.5749720 0.5893511 0.3058304
v -0.7740940 -0.1361100 -0.1580084
v -0.7573330 -0.8592280 -0.0079311
v -0.4012890 0.0828048 0.1729705
v -0.7342630 -0.8801670 -0.0119150
v -0.8232490 -0.6749870 0.0521613
v 0.7851911 0.7319230 0.4726264
v 0.1175600 0.7333320 0.2098775
v 0.1397569 -0.9193560 -0.4515065
v 0.0580576 -0.1971600 0.3780395
v -0.0595080 0.1362720 -0.4774715
v -0.2311011 -0.8520041 -0.6110135
v 0.8929680 -0.3569580 -0.1369586
v -0.9435940 -0.7653331 -0.1324374
v -0.9573040 -0.7413130 -0.1314714
v 0.5740520 -0.9849960 0.0737713
v 0.1075010 -0.2943780 0.4498855
v 0.3740959 -0.9717250 -0.4545875
v -0.2494931 -0.3835350 -0.7482055
v 0.9434289 0.2975460 -0.3932626
v -0.9655581 -0.6901200 -0.2950504
v 0.3521000 0.2269580 0.0079394
v 0.5790030 0.5787530 0.3657835
v 0.5772851 0.8014010 0.6973645
v -0.8104140 -0.6276000 0.0285374
v -0.8190700 -0.6052030 0.0146811
v -0.8259560 -0.5853810 0.0010158
v 0.4122809 0.3540340 -0.2242235
v 0.5485580 0.0910069 0.1368355
v 0.5671470 0.0773589 0.1388805
v 0.6800690 0.9136270 0.6968804
v 0.0999099 -0.0654750 0.2758455
v -0.7852220 -0.4845110 -0.3290914
v 0.0090970 -0.2822540 0.4700085
v -0.7803041 -0.8216341 -0.3883154
v -0.0222807 -0.0521491 0.2652495
v 0.9066560 -0.0637678 -0.2357176
v 0.4750559 -0.7877650 -0.3824045
v 0.5369440 0.6022000 -0.1077625
v -0.8204350 -0.5551929 -0.0244889
v 0.1253640 -0.8086140 0.3212465
v -0.9027100 -0.8112460 -0.2336434
v -0.3663531 -0.0201378 -0.5389494
v -0.3630111 -0.0413185 -0.5589034
v -0.6811221 -0.7295710 -0.4280294
v -0.2377611 -0.2876740 -0.7462225
v -0.2444771 -0.2629740 -0.7370095
v -0.8138520 -0.5194340 -0.0557675
v -0.7257280 -0.0718296 -0.0162606
v 0.9802749 0.1745560 -0.3737106
v -0.0001901 -0.2052940 0.4145415
v 0.4815399 -0.8477370 -0.5939966
v 0.3355710 -0.9658220 -0.1823215
v 0.5212870 -0.8588480 -0.3100275
v 0.5886900 0.0842894 0.1218295
v 0.4550889 -0.8435431 -0.5863215
v 0.5907180 0.0580228 0.1410805
v 0.6052079 -0.8555200 -0.4246155
v 0.8579130 0.5256140 -0.0817234
v 0.5310480 0.3778270 0.0458048
v -0.0533822 -0.1146860 0.2899275
v 0.5190020 0.3980150 0.0271723
v 0.0333778 -0.1941110 0.3870995
v 0.8120130 0.5516800 -0.0762710
v 0.8814960 -0.0061603 -0.3016586
v 0.9584680 0.4382810 -0.2938046
v -0.4070240 0.0564346 0.1848585
v 0.0201204 0.2236740 -0.2536265
v -0.3861491 -0.2188440 -0.6798844
v 0.5787800 0.5615860 0.2286775
v -0.0430065 -0.6853430 0.4244205
v -0.7538180 -0.5434870 0.0407706
v 0.9603420 0.4656980 -0.2977396
v 0.5040310 0.5786220 -0.0031834
v 0.3963280 -0.0240709 0.2243235
v 0.3153360 -0.9731990 -0.4371075
v -0.0143493 0.0897973 0.1774935
v 0.8169830 0.0892832 0.0332468
v -0.0328581 0.1062350 0.1634355
v 0.5986100 0.8435680 0.7697194
v -0.0803673 0.0890587 0.1814815
v 0.6234561 0.8577681 0.7601774
v 0.8946980 0.1902000 0.0064574
v -0.0509366 -0.9801190 0.2838625
v 0.8817430 0.1655000 0.0189651
v -0.2034850 -0.0671811 0.2675565
v -0.6005220 -0.7821850 0.1214636
v -0.2329390 -0.0718599 0.2630105
v 0.4197570 -0.9234080 0.1337835
v -0.8111000 -0.7945940 0.0313239
v 0.0241239 -0.9244050 -0.1568205
v 0.1557040 -0.9215699 0.1034385
v 0.5456580 0.3928420 0.0437935
v 0.5461079 0.4142560 0.0284782
v 0.5465320 0.4389070 0.0162489
v 0.5434220 0.4687830 0.0085320
v 0.5555920 0.4963530 0.0020038
v 0.5440350 0.5179610 -0.0079307
v -0.5910430 -0.3833240 0.2547346
v 0.0339882 -0.9199120 0.0584386
v 0.3011550 0.6167769 0.1201305
v 0.5793620 0.6632410 0.4145654
v -0.7198080 -0.9019110 -0.3020294
v -0.7458350 -0.8921050 -0.2960714
v 0.4265609 -0.4397160 -0.5727566
v -0.1365910 0.1210600 0.1589455
v -0.4184000 -0.0002927 0.2040305
v -0.3931350 0.0420678 0.1985925
v 0.4381899 -0.3578310 -0.5890465
v -0.0695449 -0.2312780 0.4428565
v 0.4525769 -0.3318000 -0.5991375
v -0.1620020 0.1266710 0.1501265
v 0.3217260 -0.0441512 0.2413325
v 0.3538220 -0.0084141 0.2198425
v 0.5647680 0.4077460 0.0451836
v 0.4324699 -0.2454500 -0.5896515
v 0.4441199 -0.2218990 -0.5846415
v 0.2346830 0.5343760 0.0253751
v 0.4518989 -0.1978580 -0.5828915
v 0.5671900 0.4796350 0.0199365
v 0.5346830 0.5419821 -0.0130507
v 0.5477880 0.5600680 -0.0274889
v 0.5395100 0.5834560 -0.0381814
v 0.4534489 -0.0735307 -0.5398986
v -0.1664821 -0.9529520 -0.5299685
v 0.4441749 -0.0481479 -0.5272205
v 0.0501507 0.1261270 -0.4385815
v 0.4348389 -0.0245048 -0.5150475
v 0.4512660 -0.0024677 -0.5025515
v -0.0281755 0.9633220 0.3059885
v -0.3828510 -0.1871650 0.3058975
v 0.9140339 0.0313432 -0.3090446
v 0.4648559 -0.7827350 -0.4825645
v -0.0201716 0.7218590 0.2371595
v -0.5729221 -0.8207960 0.1020026
v 0.5819350 0.6155159 0.4434665
v -0.1595000 -0.1542990 0.3433975
v -0.3973170 0.1047720 0.1602315
v -0.3357771 -0.8838741 -0.5987455
v 0.6408890 0.5885390 0.6572284
v 0.7998069 0.4673710 -0.5507105
v 0.5565250 0.5381891 -0.0187813
v -0.0152942 -0.0748537 0.2752195
v -0.1772071 -0.9177690 -0.3601155
v 0.6155381 0.5234200 0.4125465
v 0.0976924 0.0081889 0.2291785
v -0.1326060 0.2375360 0.0010723
v 0.9249870 0.3501280 -0.1537876
v 0.0508680 -0.2062750 0.4026985
v -0.2343181 0.0698939 -0.5384874
v -0.2408271 0.0899695 -0.5264455
v -0.4981160 -0.0051312 -0.5105494
v -0.1416311 -0.0018971 -0.5701325
v 0.0740668 -0.2096510 0.3934145
v 0.0651414 -0.1900370 0.3539585
v 0.0650633 0.1662500 0.0593426
v -0.2078550 -0.9734230 0.2731845
v -0.2058240 -0.9791490 0.2461055
v -0.2362761 -0.0872367 -0.5796255
v -0.3378151 -0.1642520 -0.6511605
v -0.0464743 -0.2163580 0.4325365
v -0.0690780 -0.2116820 0.4277755
v -0.2846621 0.0207143 -0.5491585
v -0.3376091 -0.4365490 -0.7339035
v -0.7106270 -0.2591460 0.1456236
v -0.7028080 -0.2387490 0.1414946
v 0.5685499 -0.1169200 -0.5621405
v 0.5776670 0.5045280 0.0095449
v 0.4745030 0.6042380 -0.1467555
v 0.5673230 0.5184970 -0.0085871
v -0.8044650 -0.4431550 -0.0638309
v 0.1846530 -0.9212890 0.0876516
v 0.7686350 -0.4431140 0.0809480
v -0.8058650 -0.4107550 -0.0713826
v 0.6979490 0.4146770 0.1027435
v 0.5683020 0.5550560 -0.0333684
v 0.3635240 0.4606140 -0.0553402
v -0.2656430 -0.0343559 0.2440185
v 0.5796390 0.5643140 0.2020485
v 0.0833241 0.9544840 0.1778375
v 0.2985860 -0.9528700 0.3500455
v -0.2842010 0.2552150 -0.0241993
v -0.4060080 0.1237320 0.1393666
v 0.4373649 -0.8635310 -0.5951355
v -0.1801960 0.0507123 0.2159765
v -0.6577280 -0.6999650 0.1154216
v -0.5253701 -0.7754830 -0.5286664
v 0.5897191 0.5838760 0.4414425
v -0.9774171 -0.5938660 -0.2918974
v -0.9717510 -0.5673890 -0.2967244
v -0.3726621 -0.1366830 -0.6358394
v 0.8465559 -0.0170228 -0.3664925
v 0.1989780 -0.9801880 -0.1552795
v 0.4412419 -0.7732930 -0.4759475
v 0.9237510 0.3733630 -0.1667906
v 0.7165260 0.4127800 0.0869780
v -0.1840640 0.2414260 0.0043993
v -0.1189741 -0.9249721 -0.5114375
v 0.5778960 0.5394180 -0.0186779
v 0.6100989 0.4901320 -0.5085135
v -0.0043071 0.2367140 -0.1939295
v 0.5896020 0.5548800 -0.0343240
v 0.0394827 0.2048570 -0.2930345
v -0.3902320 0.1642560 0.0977492
v 0.2896830 -0.9662850 -0.2538795
v -0.8107140 -0.5718820 -0.0119436
v -0.3762020 0.1777250 0.0815581
v 0.9387780 0.0543026 -0.1111376
v 0.1617890 0.1134090 0.1266375
v 0.7538740 0.4015550 0.0608843
v -0.1762510 0.0350350 0.2291335
v 0.8616510 0.0632019 -0.0085715
v -0.1540680 0.1881340 0.0997076
v 0.9310060 0.0348272 -0.1322696
v 0.1281510 -0.8690701 0.3560935
v -0.2559780 0.2165870 0.0529979
v 0.2192440 -0.6046630 0.1631005
v 0.2311920 -0.5816320 0.1700945
v 0.1804100 0.0746245 0.1727895
v 0.7411570 -0.4981610 0.0545890
v -0.6715920 -0.6701750 0.1262456
v 0.4368420 -0.2564460 0.2622135
v 0.5982300 0.5450979 -0.0151111
v 0.4235010 -0.0098062 0.2221115
v 0.6025079 0.5666180 -0.0535511
v 0.4198270 -0.0358831 0.2281505
v -0.6889240 -0.6559200 0.1118816
v -0.0414450 -0.0468471 0.2651285
v 0.0656453 -0.2183540 0.4137215
v 0.3778249 -0.9706950 -0.4969645
v -0.6809120 -0.6415220 0.1339536
v 0.0113855 0.2004930 -0.0014235
v 0.3371210 -0.9728500 -0.4418735
v -0.1929830 0.2224130 0.0433519
v -0.2867070 -0.1578110 0.3057945
v 0.4041500 0.0045284 0.2144645
v -0.8224750 -0.5002370 -0.0768815
v 0.4207649 -0.3878030 -0.5840115
v -0.6551040 -0.2119740 0.1759136
v -0.6219781 -0.9093601 -0.3524644
v -0.6598300 -0.1919490 0.1552446
v 0.5975260 0.7887830 0.6250375
v 0.1513040 0.1628910 0.0441668
v 0.4468509 -0.2688790 -0.5972115
v -0.1089330 0.2256690 0.0231177
v 0.6315050 -0.8312891 -0.0892828
v 0.4204559 -0.2214510 -0.5882495
v 0.4321049 -0.2029400 -0.5883605
v -0.2085310 0.2093350 0.0600711
v 0.4315669 -0.1794150 -0.5867675
v -0.2391940 0.2507030 -0.0112965
v 0.4311939 -0.1468870 -0.5769935
v 0.3914799 -0.9710439 -0.5180406
v 0.4260659 -0.0696552 -0.5338406
v 0.0354828 0.1999470 -0.0153091
v -0.6371960 -0.0307215 0.1040966
v -0.2388890 0.0852211 0.2068095
v -0.5149781 -0.2803620 0.2919556
v 0.4070159 -0.9710619 -0.5390655
v -0.3883901 -0.9669631 -0.4065795
v 0.4365659 0.0229540 -0.4848985
v 0.4357350 0.0705957 -0.4496765
v -0.0266166 -0.9235131 0.3264495
v 0.4335420 0.0922467 -0.4378475
v -0.5835420 -0.2955190 0.2557476
v -0.6997681 -0.8644410 -0.3844844
v 0.9704029 0.1112430 -0.4210636
v 0.0532066 0.8638650 0.2668995
v -0.1599090 0.2350060 0.0177014
v -0.7774151 -0.4950250 -0.3480024
v -0.8991570 -0.5169920 -0.0604030
v -0.2763230 -0.1795310 0.3548955
v -0.0377117 -0.0671043 0.2750685
v -0.1921590 0.1538280 0.1230035
v -0.7983080 -0.6532310 0.0424469
v -0.6249340 -0.0397821 0.1233836
v 0.4590160 0.6475910 -0.1067335
v 0.4286119 -0.7787560 -0.2405395
v -0.2458440 -0.1550840 0.3177595
v -0.3822600 0.2179630 0.0147174
v -0.7050261 -0.7409070 -0.4261774
v -0.4962750 -0.6235141 0.3165736
v -0.0661069 -0.0026875 0.2460205
v -0.5916530 -0.6078759 0.2396656
v -0.0172911 0.1698290 0.0667481
v -0.1443960 0.2479070 -0.0282633
v -0.2009300 0.1936130 0.0817098
v -0.1771241 -0.2255740 -0.7369055
v -0.1429641 -0.0284781 -0.5801685
v -0.8012360 -0.5898020 -0.0001237
v -0.1210270 0.2049150 0.0754355
v 0.6451920 0.4544270 0.2480165
v -0.7900150 -0.8133730 0.0268540
v -0.6328110 -0.0585519 0.1317986
v -0.8035321 -0.6804740 -0.4303654
v 0.9625810 0.2634270 -0.1434946
v 0.6761690 -0.5027111 0.0990354
v -0.6960270 -0.2540160 0.1605516
v -0.3547411 0.0685326 -0.5072344
v -0.2686591 -0.3657460 -0.7462314
v -0.3617241 0.0486067 -0.5136444
v 0.0371472 -0.8035460 -0.6632144
v 0.4318210 0.5754360 -0.1557695
v -0.8043820 -0.5380970 -0.0391942
v -0.2099110 0.0035172 0.2425225
v -0.8025680 -0.4937080 -0.0563358
v -0.4848830 -0.9546310 0.0127441
v -0.7199320 -0.8979861 -0.0259378
v 0.3896919 0.0976847 -0.4146375
v -0.6183870 0.0621088 0.0267340
v -0.6379770 0.0413228 0.0244950
v 0.0976593 0.6977119 0.0822329
v 0.0217052 0.2298080 -0.1945835
v -0.6350921 -0.3426540 -0.5572345
v 0.4284160 0.3397300 -0.0438660
v 0.9042780 0.0515507 -0.0671610
v -0.8050371 -0.6520240 -0.4230004
v -0.4919950 -0.2693690 0.2999285
v -0.2622211 0.0041927 -0.5592775
v -0.5181250 -0.3430970 0.3076156
v -0.5205290 -0.3125660 0.2978806
v -0.6264020 -0.1666260 0.1757406
v 0.6730449 -0.3762880 -0.5452115
v -0.0198413 0.1337990 0.1145805
v -0.5478810 -0.1784120 0.2438346
v 0.4296549 -0.8429689 -0.5772635
v -0.5872650 -0.0989360 0.1870046
v -0.6562420 -0.0432032 0.0946178
v 0.4188679 -0.8251359 -0.5547256
v -0.6448010 -0.0518331 0.1154066
v 0.2602090 -0.8209310 0.2774935
v 0.2577300 -0.5789360 0.1665825
v 0.4226239 -0.7716370 -0.4920105
v -0.0071805 0.2105440 -0.0141718
v 0.0818730 -0.2016830 0.3689245
v -0.1253930 -0.2186990 0.4285285
v -0.0807638 -0.1975830 0.4138945
v -0.6129910 -0.1443250 0.1807876
v -0.4888280 -0.8565900 0.2191366
v 0.1784130 0.2042460 -0.1497895
v -0.6214390 0.0456172 0.0479229
v 0.6726000 0.5096440 0.5055014
v -0.1868620 0.1334290 0.1431515
v 0.5987480 0.8085170 0.7722785
v 0.7040299 0.5826640 -0.3612635
v -0.2318640 -0.2104900 0.4000435
v 0.7799269 0.5384170 -0.4552526
v 0.7042170 0.5907561 -0.3114615
v 0.9223410 0.0525596 -0.0871728
v 0.6297350 0.4652520 0.2650315
v 0.6063030 0.4846360 0.2664135
v 0.9572290 0.4740600 -0.3191586
v -0.4185880 -0.2186660 0.3088585
v 0.6237500 0.7767380 0.5293685
v -0.7730140 -0.1646650 -0.2630524
v -0.6716220 -0.2923190 0.2016126
v 0.0151577 -0.9177530 -0.4293845
v 0.0094547 -0.9205160 -0.3816585
v -0.1936691 -0.9194180 -0.3061554
v -0.4508110 -0.8748050 0.2596655
v -0.4190350 -0.0738864 0.2372625
v 0.4265089 -0.5930200 -0.4691455
v -0.1715531 -0.1685400 -0.7012335
v -0.4711540 -0.2577670 0.3074785
v 0.5858410 -0.8949860 0.0746627
v 0.9467120 0.4032550 -0.3173596
v 0.3154660 -0.8185240 0.1801395
v 0.5338020 -0.4657170 0.2069305
v 0.4346589 -0.7284451 -0.2545245
v -0.7735160 -0.6668750 0.0463690
v 0.0720064 -0.0012754 0.2425085
v -0.5850931 -0.4163230 -0.5933724
v 0.1423010 -0.1640370 0.2897525
v 0.2504870 -0.8272080 0.3006655
v -0.7737420 -0.6458780 0.0348009
v -0.7842570 -0.6300920 0.0258554
v -0.7924720 -0.6094500 0.0132859
v -0.6205710 -0.1871950 0.1905036
v 0.1258370 -0.1119100 0.2855355
v 0.4026379 -0.4422050 -0.5684605
v 0.7162430 -0.9538161 -0.1000905
v -0.5887140 -0.0801845 0.1771076
v 0.7112660 -0.9618760 -0.0741620
v -0.7893760 -0.5739350 -0.0121279
v 0.2208969 -0.9622591 -0.4227995
v -0.7956600 -0.5566130 -0.0243442
v -0.7925500 -0.5121230 -0.0410508
v 0.4085069 -0.3552870 -0.5875395
v 0.3557060 0.7606860 -0.0219659
v 0.4231379 -0.3298680 -0.5983985
v 0.4395389 -0.2998340 -0.6035486
v -0.2618310 0.2285000 0.0333068
v -0.1421621 -0.2481170 -0.7468245
v -0.2533140 0.2383860 0.0138776
v 0.4074079 -0.2442400 -0.5873225
v -0.1834490 0.0731484 0.2000235
v -0.4308610 0.1979590 0.0127345
v 0.9386500 0.3722280 -0.3233076
v -0.6563600 0.0158872 0.0268411
v -0.6274290 -0.2641950 0.2256606
v 0.6149359 -0.8727371 -0.4351105
v 0.4161109 -0.1162740 -0.5615385
v 0.1800299 -0.9648440 -0.6512505
v -0.1216511 -0.7983330 -0.6488274
v 0.4188229 -0.0449557 -0.5251386
v -0.5627180 -0.1943700 0.2408686
v 0.5169169 -0.0220058 -0.5173995
v 0.3609039 0.0655453 -0.4469295
v 0.4223119 -0.0013743 -0.5039405
v -0.5884980 -0.0582531 0.1634696
v -0.6269110 -0.0982384 0.1587746
v -0.6303350 -0.0111213 0.0958236
v -0.7889770 -0.4453290 -0.0114163
v 0.0365210 0.1567880 -0.4007595
v 0.0319672 0.1439340 -0.4248305
v -0.6564160 -0.0053550 0.0553734
v -0.4708940 0.0089954 -0.5092134
v -0.2268581 0.0477299 -0.5512365
v -0.6098461 -0.4571550 -0.5669884
v -0.6393050 0.0241603 0.0507032
v -0.9905820 -0.6410390 -0.1255444
v 0.8989960 -0.0384383 -0.2166226
v -0.5316730 0.0341279 0.1336586
v 0.2371130 -0.8371940 0.3242305
v -0.6849451 -0.8268640 -0.4120104
v 0.9390500 0.3437580 -0.3174356
v -0.8075781 -0.5988240 -0.3930574
v -0.6025270 -0.0267427 0.1305216
v 0.6432500 -0.6086520 -0.0118902
v -0.6244810 -0.2368360 0.2191276
v 0.6648280 -0.6004990 -0.0290958
v -0.6948921 -0.8072701 -0.4214164
v -0.7874501 -0.5692810 -0.3647374
v -0.5197181 -0.0251594 0.1729546
v 0.4513949 -0.7030680 -0.2649645
v -0.3534421 -0.1291610 -0.6340994
v -0.5962790 -0.1217490 0.1879326
v -0.1786781 0.0584446 -0.5464815
v 0.4475019 -0.8251920 -0.5645126
v 0.8274430 -0.4710940 -0.2287946
v 0.0911412 0.8951660 0.2311125
v -0.4888380 0.0440029 -0.4848025
v -0.4663790 0.0358623 -0.4965275
v -0.5556720 -0.2482540 0.2657926
v -0.6953490 -0.2030530 0.1234696
v 0.4485930 0.5606470 -0.1704065
v -0.4839340 0.1291250 0.0803300
v 0.4410000 0.6071140 -0.1432235
v 0.4118030 0.6203851 -0.1311925
v 0.4085750 0.6481060 -0.1151575
v 0.0687305 0.0944662 0.1538835
v 0.1608950 0.0588670 0.1853795
v -0.6460570 -0.2492170 0.2081906
v 0.7729100 0.7029769 0.2809224
v -0.6888330 -0.1167620 0.1062376
v -0.5329040 -0.0089399 0.1577566
v -0.5207930 0.0159956 0.1495566
v -0.7920090 -0.1968500 -0.1514564
v -0.4426880 0.2056570 -0.0119714
v 0.5926870 0.6423190 0.5629595
v -0.6134461 -0.8960820 -0.3730164
v -0.1257851 -0.8443840 -0.6339694
v -0.7372970 -0.8936580 -0.0375676
v -0.5519980 -0.0947627 0.2040746
v 0.5952760 -0.8507980 0.0238177
v -0.4090111 -0.4419560 -0.7088224
v -0.6738980 -0.2129580 0.1555376
v -0.6908140 -0.2175760 0.1390796
v -0.6708250 0.0052211 0.0049166
v 0.4130269 -0.8630110 -0.5856325
v 0.4076739 -0.8441809 -0.5710256
v -0.4589330 0.1850770 0.0106199
v -0.4423620 -0.0125266 0.1979516
v 0.4008889 -0.7732050 -0.5042866
v 0.1547630 -0.9379780 -0.3067435
v 0.4058909 -0.7514100 -0.4896335
v -0.4674090 -0.8233460 0.2616375
v 0.5213779 -0.2796490 -0.5925116
v -0.2770261 -0.7790560 -0.6821355
v -0.2686890 -0.1931160 0.3769195
v 0.1101420 -0.9279310 -0.1806585
v 0.1891830 0.8826981 0.1185765
v -0.5773270 -0.5794470 0.2484516
v -0.5059130 -0.7518030 0.2869526
v -0.5321340 -0.0831175 0.2061646
v -0.5313290 -0.0467237 0.1835736
v -0.8479800 -0.5786210 -0.0014871
v 0.0228371 0.2273490 -0.2251125
v 0.9596079 0.2488870 -0.4204646
v 0.6761070 0.7457100 0.3007495
v -0.2453140 -0.9140970 0.0407228
v 0.1330760 -0.4081300 0.4493075
v 0.1212020 -0.3885490 0.4591015
v -0.6795080 -0.2464780 0.1762936
v -0.6672210 -0.2611650 0.1963606
v -0.5001200 0.1366150 0.0553971
v -0.7692200 -0.5863210 0.0019295
v 0.6534140 -0.5365109 0.0738763
v -0.4818400 -0.3119040 0.3200136
v 0.3984899 -0.4008910 -0.5796345
v 0.4019950 0.2970290 -0.0664587
v -0.5713700 0.0306675 0.1092316
v 0.6620960 0.4325830 0.1721335
v 0.3938749 -0.3282650 -0.5939495
v -0.8886740 -0.5339730 -0.0404076
v -0.4079060 0.2084560 0.0124296
v -0.4163040 0.1941100 0.0302678
v 0.4169539 -0.2713530 -0.5977005
v 0.0869799 -0.6379530 0.4000005
v 0.3833049 -0.2450400 -0.5792895
v -0.4216240 0.2124590 -0.0057961
v -0.3920650 -0.2659670 0.3654346
v 0.4100899 -0.1964580 -0.5902845
v -0.1693020 -0.1148120 0.2793345
v 0.4036279 -0.1674530 -0.5830895
v 0.1044810 -0.5919811 0.4025595
v -0.4743670 0.1477750 0.0614829
v 0.6451271 0.8434870 0.7419345
v 0.4043979 -0.0612733 -0.5348166
v -0.6859330 -0.2328750 0.1569546
v -0.0914085 0.2159620 0.0370085
v 0.4096569 -0.0220179 -0.5185066
v 0.1401379 -0.9240600 -0.4017085
v 0.2645060 -0.8477629 0.3149115
v 0.4036010 0.0168099 -0.4910465
v 0.4115779 0.0593995 -0.4539415
v 0.4171520 0.0762814 -0.4405465
v 0.6876530 -0.4306180 0.1665165
v -0.4066280 -0.1945640 0.2977845
v 0.6039890 0.4215710 0.0906081
v -0.4222421 -0.1921060 -0.6402244
v 0.5435849 0.0562065 -0.4897906
v -0.1233630 -0.9558851 0.3013495
v 0.7188041 0.5056850 0.4455255
v 0.9545460 0.4908200 -0.3036726
v 0.0435673 -0.2235650 0.4277565
v -0.6354480 -0.1440960 0.1650846
v -0.6437990 -0.1203370 0.1542106
v 0.3312840 0.5152310 0.0484366
v 0.9282269 -0.1591530 -0.2675116
v 0.2245800 -0.8200650 0.3063905
v 0.7666230 0.7133940 0.4628085
v 0.5738291 0.7722250 0.7039354
v -0.4439571 -0.2273110 -0.6380075
v -0.8447520 -0.5988830 0.0130539
v -0.7002720 -0.0261186 -0.0224942
v -0.3378091 -0.3569110 -0.7259005
v -0.0733048 -0.9487669 -0.5512635
v -0.6205320 -0.1213170 0.1708316
v -0.5334280 -0.1033960 0.2182526
v 0.9608240 0.1078620 -0.1159386
v 0.2272320 -0.9823689 0.3631635
v -0.1588201 -0.3308220 -0.7538055
v -0.2127090 0.1391620 0.1387365
v 0.4114640 0.5914680 -0.1430155
v 0.5939680 0.5972720 0.4814505
v -0.1858000 -0.1826210 0.3886285
v -0.2902130 -0.9201061 0.1127075
v -0.5017740 -0.2214700 0.2760975
v 0.2329710 -0.7879840 0.1835955
v -0.5823060 -0.1877300 0.2258256
v 0.9393589 0.5111790 -0.3113286
v -0.6549091 -0.7687820 -0.4300794
v -0.5743030 0.0133074 0.1232456
v 0.5881910 0.8079190 0.6699964
v -0.5495340 0.0078117 0.1392866
v -0.0311361 -0.0308895 0.2538775
v 0.0173345 -0.8667240 -0.6934205
v 0.3855119 -0.8585960 -0.5761065
v 0.2071910 -0.9215040 0.0639320
v 0.3916059 -0.8341110 -0.5581705
v 0.3954189 -0.8146310 -0.5397345
v 0.6634520 -0.9327760 0.0429213
v 0.3971089 -0.7942090 -0.5211886
v 0.3842179 -0.7521549 -0.5032426
v -0.5683700 -0.0645590 0.1779946
v 0.3929879 -0.7251610 -0.4927255
v -0.5589190 -0.2204070 0.2524016
v 0.4063579 -0.7084190 -0.4753385
v 0.9301450 -0.1377510 -0.2510176
v 0.0333999 0.1146940 0.1319625
v 0.8993260 -0.3331890 -0.0985796
v 0.5974930 0.4392460 0.1063625
v -0.4912020 -0.1949050 0.2705745
v 0.9325330 -0.1636220 -0.2423066
v -0.0753272 0.7208101 0.2537085
v -0.0751190 -0.9809030 0.2616095
v -0.2747371 0.2723810 -0.2517124
v -0.4651080 0.1658290 0.0402628
v -0.3062080 0.2704260 -0.2539594
v 0.4078619 -0.4845000 -0.5459096
v -0.4851650 0.1533810 0.0414849
v -0.1717890 -0.9169760 -0.0297727
v -0.4836520 0.1662710 0.0199571
v 0.3915239 -0.4655610 -0.5570385
v 0.3780059 -0.4424930 -0.5618555
v -0.1394840 0.1419640 0.1400305
v -0.0458999 0.1204780 0.1492265
v 0.3923499 -0.3776980 -0.5804586
v 0.0590130 -0.9263040 -0.2596555
v 0.0564114 -0.9256040 -0.2911495
v 0.0973566 -0.1943630 0.3273065
v 0.4070679 -0.3021740 -0.6011185
v 0.3934679 -0.2818350 -0.5947755
v 0.3944169 -0.2628850 -0.5892106
v -0.4367750 0.0170294 0.1907196
v -0.1008570 0.2333870 -0.0051675
v 0.3956879 -0.2196050 -0.5821336
v -0.9197180 -0.5816830 -0.0224857
v -0.5599780 -0.1452240 0.2215526
v 0.5299539 -0.8016680 -0.4615135
v -0.5771670 -0.1339480 0.2044756
v 0.3964129 -0.1395100 -0.5696395
v 0.3849879 -0.1136100 -0.5571756
v 0.4019739 -0.0875973 -0.5452716
v 0.5795301 0.7352520 0.6642055
v -0.4302710 0.0448761 0.1810886
v 0.3950889 -0.0403731 -0.5303655
v -0.2800520 -0.0134336 0.2415885
v 0.3958379 -0.0029664 -0.5089435
v 0.3764589 0.0104545 -0.4970105
v 0.1835630 0.1447860 0.0811128
v 0.1584610 0.1430180 0.0860086
v -0.4551150 -0.2073110 0.2897365
v 0.1199940 0.0975565 0.1508835
v 0.5881370 0.5146890 0.2251055
v -0.6042800 0.0466202 0.0681201
v 0.7148840 0.4971480 0.4148504
v -0.6027360 0.0632341 0.0479190
v 0.9604590 0.4554450 -0.2719586
v 0.1381080 0.0595606 0.1812545
v 0.6940801 0.4978580 0.4655274
v -0.9307980 -0.5606480 -0.0370964
v 0.3148150 -0.4606530 0.2158465
v -0.2893350 0.1878370 0.0940517
v 0.2918480 -0.4453140 0.2160475
v -0.4605490 0.1394000 0.0833288
v -0.3934420 -0.1703950 0.2851506
v -0.4101240 -0.1425670 0.2754285
v -0.4504220 0.1594050 0.0647608
v 0.2027270 -0.8797470 0.3641385
v -0.5768370 -0.5370770 0.2639576
v -0.4668190 0.0489145 0.1654876
v -0.4591990 0.0940845 0.1369356
v 0.2702660 -0.9833620 -0.1065025
v -0.0510892 -0.9795780 0.2491605
v 0.1412800 -0.9369780 -0.1584245
v -0.5185951 0.0136097 -0.4925514
v -0.4253320 0.1682620 0.0696635
v -0.5831760 0.0640084 0.0653855
v -0.6764011 -0.7853800 -0.4217934
v -0.4431610 0.0854620 0.1534916
v -0.2748571 -0.2329730 -0.7217035
v -0.2414631 -0.3577340 -0.7539785
v -0.8074730 -0.3567300 -0.2014104
v -0.4908550 0.1078180 0.1024656
v 0.3894930 0.5763750 -0.1360465
v -0.3186020 -0.9752250 -0.0058668
v 0.3864600 0.6294460 -0.1199335
v -0.6417731 -0.8939450 -0.3644894
v -0.6784650 -0.5647171 0.1643656
v 0.6066260 0.6244240 0.6726444
v -0.2997300 0.2265280 0.0375819
v 0.3897030 0.6956490 -0.0830158
v 0.4324540 0.3696400 -0.0521133
v -0.3469410 -0.0725634 0.2427996
v 0.6580020 -0.8528030 -0.0482857
v 0.4169240 0.3324720 -0.0650676
v 0.4178390 0.4274210 -0.1279085
v 0.0371820 0.7206711 0.2187545
v -0.6500750 -0.4544880 0.1953436
v 0.3697569 -0.8864490 -0.5841056
v -0.8096110 -0.4338060 -0.2511474
v -0.0161228 0.1873650 0.0414510
v -0.4640430 0.1086350 0.1168905
v 0.3754919 -0.8226390 -0.5464955
v 0.3703439 -0.8026490 -0.5297336
v 0.3775189 -0.7765599 -0.5147316
v -0.4692900 0.1225150 0.0977129
v -0.7708710 -0.6130691 0.0147106
v -0.7060070 -0.0902547 0.0519066
v -0.3140510 0.2153000 0.0543080
v 0.3686650 -0.7297940 -0.5088215
v 0.9041030 -0.2148390 -0.0686158
v -0.2561930 0.2681340 -0.2776925
v 0.6861410 0.7380660 0.2727844
v 0.7993289 0.1684530 -0.6817675
v -0.3341810 0.2695890 -0.1418865
v -0.4379380 0.1116190 0.1325536
v -0.2393190 -0.9116100 0.0682988
v -0.6179960 -0.0181355 0.1121516
v -0.1090360 -0.1984930 0.4132085
v 0.3655829 -0.4191120 -0.5632586
v 0.3784499 -0.3974160 -0.5704785
v 0.0668116 -0.9685200 -0.6349934
v -0.6638600 -0.3172370 0.2112076
v 0.3806349 -0.3512040 -0.5828095
v -0.4850350 -0.0356949 0.1895716
v -0.4863630 0.0475049 0.1564196
v -0.4964590 0.0666640 0.1387596
v -0.4691700 0.0714427 0.1507296
v 0.0266406 -0.8998040 -0.6980255
v 0.3691099 -0.2211140 -0.5749045
v -0.8290381 -0.7760940 -0.3929404
v -0.4891180 -0.0954913 0.2347106
v 0.3802739 -0.1918620 -0.5780986
v 0.3747289 -0.1603800 -0.5704595
v -0.5786240 -0.0093437 0.1376686
v 0.3675359 -0.1337700 -0.5631946
v 0.1149150 0.0601245 0.1811545
v 0.0712242 0.1258330 0.1230305
v 0.3807169 -0.0621564 -0.5420585
v -0.3969000 -0.2097510 0.3182975
v -0.4086420 -0.0501773 0.2212755
v 0.9767020 0.1283370 -0.1523436
v 0.3880609 -0.0211971 -0.5213125
v -0.5696080 -0.0859090 0.1903786
v 0.3799349 0.0303095 -0.4778775
v -0.5417970 0.1053030 0.0574458
v -0.3232880 -0.9678390 0.0447167
v -0.0486192 -0.1258400 -0.5930815
v -0.5371470 -0.7824370 0.2435836
v 0.4734860 0.0104813 0.2101445
v 0.4841489 0.4764560 -0.3654375
v -0.2499210 -0.0524225 0.2521656
v 0.9790620 0.0934422 -0.1876516
v -0.5924971 0.0201145 0.1063986
v -0.5673530 -0.6015580 0.2597396
v -0.4512830 -0.2482110 0.3134765
v -0.6466630 -0.0193603 0.0831279
v 0.1676819 -0.3325190 -0.5820895
v -0.6328920 0.0083077 0.0781315
v 0.3138520 0.5343530 0.0654850
v -0.2593680 -0.1667060 0.3370925
v -0.4976220 -0.8580320 0.1899416
v -0.6215140 -0.4937700 0.2288986
v -0.0761645 0.7902510 0.3256245
v -0.0857701 0.7671781 0.3077365
v 0.1883410 -0.9066690 0.3697575
v 0.4946899 0.4870740 -0.3866525
v -0.2624770 0.2586330 -0.0317815
v -0.8119170 -0.8135080 0.0114563
v -0.5513320 -0.3394790 0.2840086
v 0.4647869 0.4142130 -0.3321155
v -0.3411220 -0.2101720 0.3547105
v 0.6567220 0.5593370 0.6212204
v -0.4366990 0.1477910 0.0880719
v 0.0253349 0.1529330 0.0879017
v 0.9727470 0.0802335 -0.1694506
v 0.1784670 -0.9203720 0.1214465
v -0.0518310 -0.1508130 0.3194105
v 0.7994909 0.2852550 -0.6896645
v -0.2764100 -0.8418880 0.3104756
v -0.6016490 -0.5778990 0.2328406
v -0.9715320 -0.6898260 -0.1112954
v -0.9821410 -0.6656920 -0.1191964
v 0.1385030 0.6903430 0.1854305
v -0.6064540 -0.2803170 0.2389606
v 0.9456339 0.3258850 -0.3010956
v 0.3815480 0.6560930 -0.1068205
v 0.3748220 0.6806300 -0.0928971
v 0.0759914 0.1808280 0.0185574
v 0.4082020 0.3169700 -0.0765481
v 0.1616590 -0.9541700 -0.1529455
v -0.1596150 0.1063590 0.1684045
v -0.4000930 0.1741760 0.0755903
v -0.5464391 -0.0696758 0.1919556
v -0.5703610 -0.5591021 0.2603416
v 0.9452670 0.4780890 -0.1809066
v -0.4731440 -0.1226810 0.2610995
v 0.8562230 -0.4272830 -0.2465516
v -0.4720490 -0.1035640 0.2499126
v 0.0201940 0.9796180 0.2575165
v 0.3658899 -0.8389180 -0.5610506
v -0.4973380 -0.0192583 0.1782146
v -0.4098660 0.1843760 0.0515466
v -0.5761900 -0.6279830 0.2550616
v 0.9769250 0.1993490 -0.1578946
v 0.3526439 -0.7783130 -0.5226346
v -0.7276401 -0.1756120 -0.4018764
v 0.3041860 0.0058585 0.2186935
v 0.2615810 -0.9828190 -0.0748864
v 0.6939780 0.7290900 0.2484645
v 0.7250640 0.4973350 0.3855315
v 0.3571239 -0.5486430 -0.5380705
v 0.7167280 -0.0455633 0.1222655
v 0.0599797 -0.9132260 -0.4903005
v 0.4751330 0.0324571 0.1984565
v 0.5783859 0.5645530 0.2957065
v -0.4627710 -0.3116080 0.3309355
v 0.7984010 0.0495888 0.0269573
v 0.7760520 0.6242390 0.1629714
v 0.9314470 0.1150490 -0.0582147
v 0.9215330 0.0718848 -0.0693327
v -0.7416450 -0.4962550 0.0906573
v 0.4323029 -0.9421750 -0.6121406
v 0.2735400 0.6898240 0.1509185
v 0.8893540 0.0329125 -0.0654526
v 0.3786659 -0.4958070 -0.5508896
v 0.8757550 0.0147384 -0.0647802
v 0.8652670 -0.0088328 -0.0594711
v 0.8785150 -0.0529565 -0.0640643
v 0.3515239 -0.4424450 -0.5642475
v -0.3948450 0.2006240 0.0349353
v 0.3390459 -0.4181470 -0.5678785
v 0.3529249 -0.3945470 -0.5616946
v 0.9045160 -0.1878450 -0.0576626
v 0.3675129 -0.3718370 -0.5695035
v 0.9051960 -0.2457560 -0.0653936
v 0.9087470 -0.2725740 -0.0590264
v 0.3675369 -0.3252800 -0.5842245
v 0.3805079 -0.3016920 -0.5920505
v 0.3722189 -0.2732660 -0.5826616
v 0.9046100 -0.2985010 -0.0513800
v 0.9022990 -0.3231400 -0.0723283
v 0.8822070 -0.3440500 -0.0561888
v 0.3550709 -0.2015620 -0.5704395
v 0.3531379 -0.1782470 -0.5683436
v 0.8592190 -0.3897060 -0.0481892
v 0.5772970 0.4610860 0.0456957
v 0.8542449 -0.4197420 -0.0521933
v 0.1473890 -0.9181950 0.1614585
v 0.8247320 -0.4692670 -0.0628340
v 0.3690599 -0.0888294 -0.5530996
v 0.8096690 -0.4862530 -0.0708662
v 0.3662109 -0.0345312 -0.5305225
v 0.5405990 -0.6639600 -0.0851994
v 0.3719349 -0.0093328 -0.5138815
v -0.4183980 -0.9699190 0.1509995
v 0.5244020 -0.7653440 -0.0430700
v 0.5350710 -0.7881700 -0.0551427
v 0.5708760 -0.8148590 -0.0364135
v 0.5807829 0.6465720 0.3133655
v 0.0517308 -0.1132710 0.2885895
v 0.7787250 0.7721930 0.4287924
v -0.5855611 -0.8435500 -0.4511694
v 0.2962210 -0.9582530 0.0417552
v -0.5698681 -0.8629940 -0.4536084
v 0.8348070 0.4714830 -0.0305803
v 0.9221829 0.3852060 -0.5034905
v 0.8517170 0.4239830 -0.0494412
v 0.8660430 0.4019880 -0.0546807
v -0.2518611 -0.6161590 -0.7446095
v 0.8796250 0.3575120 -0.0387644
v -0.2411961 -0.6412081 -0.7352195
v 0.4706309 -0.8454980 -0.2528845
v -0.0137692 0.6998399 0.2135755
v 0.9169469 0.2579310 -0.0500706
v 0.6340820 0.5381110 0.5036095
v 0.1026530 0.6059550 0.1033415
v -0.5554241 -0.8828239 -0.4514344
v -0.2809101 -0.3256380 -0.7500635
v 0.9165280 0.2316130 -0.0416476
v 0.9249380 0.2100780 -0.0557771
v 0.9214230 0.1833330 -0.0415503
v 0.9278810 0.1608960 -0.0548998
v -0.0424076 0.7659980 0.2863905
v 0.9184040 0.0914044 -0.0528804
v -0.4714571 -0.0148587 -0.5239344
v 0.3706350 0.6081610 -0.1133545
v 0.3632030 0.6341840 -0.1060505
v 0.9019850 0.0695531 -0.0499543
v 0.8747390 0.0300556 -0.0507442
v 0.8602680 0.0138630 -0.0445916
v 0.8656410 -0.0382614 -0.0451843
v 0.5044219 -0.9072419 0.1083475
v 0.8755550 -0.0673104 -0.0452582
v -0.9609330 -0.7120520 -0.1018054
v 0.8834830 -0.0937103 -0.0470800
v 0.8895360 -0.1207240 -0.0474857
v 0.8932700 -0.1429840 -0.0447334
v 0.9343160 0.4671300 -0.1605946
v -0.7459540 -0.4762500 0.0827012
v 0.9006390 -0.1627410 -0.0510788
v 0.8937500 -0.2063610 -0.0417502
v -0.3164401 -0.4517730 -0.7413964
v -0.2342851 0.1364990 -0.4908915
v 0.9068799 0.4079060 -0.5125826
v -0.7540870 -0.1184590 -0.2614484
v 0.5229329 0.0716817 0.1622365
v 0.8919510 -0.2315870 -0.0450890
v 0.3539289 -0.8633200 -0.5728975
v 0.8953290 -0.2575220 -0.0408354
v 0.8922420 -0.3220130 -0.0407897
v 0.8652840 -0.3623160 -0.0411514
v 0.5933890 0.6726010 0.3118564
v 0.2589610 -0.9588170 -0.0201498
v 0.8407190 -0.4468340 -0.0570539
v 0.3616059 -0.7549380 -0.5141266
v 0.7626730 -0.5200090 -0.0468725
v -0.0313909 -0.2875270 0.4727605
v 0.3491799 -0.7358090 -0.5179875
v 0.3975690 0.4643750 -0.0001414
v -0.0045174 -0.9795990 0.2488335
v -0.4914021 -0.0268972 -0.5246695
v -0.4757321 -0.0373004 -0.5384274
v 0.5272010 -0.6658430 -0.0438456
v 0.3436980 0.2365490 -0.0390396
v 0.5862150 0.4835480 0.1123655
v 0.3041770 0.2313030 -0.0391160
v -0.8594911 -0.8483900 -0.1524824
v 0.5918590 0.5128430 0.2792765
v 0.5191010 -0.7384610 -0.0551132
v -0.4783981 -0.9654880 -0.2608154
v 0.5618290 -0.8479460 -0.1858705
v 0.3069880 -0.9718860 0.0222849
v 0.4780550 -0.8271540 0.0730525
v -0.7235950 -0.5612330 0.1059486
v 0.5116330 0.6214110 -0.0338530
v 0.3539609 -0.5199400 -0.5512345
v 0.5005320 0.6425450 -0.0441861
v 0.3642989 -0.4672730 -0.5604026
v 0.8187680 0.5382960 -0.0564589
v 0.8199040 0.4908150 -0.0204783
v -0.6247700 -0.6676810 0.1853796
v 0.8446910 0.4483470 -0.0397616
v 0.8369720 0.4247290 -0.0255620
v 0.8480210 0.4010800 -0.0340939
v 0.8648890 0.3803310 -0.0374481
v 0.3559749 -0.3460930 -0.5717126
v 0.4731259 0.4321580 -0.3476615
v 0.8904580 0.3307010 -0.0417502
v 0.9052980 0.3055150 -0.0476089
v 0.9029100 0.2773370 -0.0352842
v 0.9162450 0.2062490 -0.0297490
v -0.9289640 -0.6094350 -0.0222613
v 0.9249350 0.1346150 -0.0442353
v 0.2301300 0.7595220 0.1723065
v 0.9155850 0.1105260 -0.0377517
v 0.1655180 0.8156410 0.0610734
v 0.1675749 -0.3556170 -0.5790235
v 0.3604519 -0.1119500 -0.5585606
v 0.8996920 0.0887678 -0.0332469
v 0.8861400 0.0481393 -0.0485746
v 0.3454889 -0.0645208 -0.5453655
v 0.8426239 0.0151401 -0.0218079
v 0.8510060 -0.0114644 -0.0329741
v -0.4673010 0.1979160 -0.0219698
v 0.8718470 -0.0841656 -0.0241948
v 0.3506910 0.0207432 -0.4868165
v 0.9120130 -0.2059120 -0.0966830
v -0.4507490 -0.7628410 0.3064005
v 0.8786250 -0.1096530 -0.0252052
v 0.3409579 0.1190630 -0.3956345
v 0.8844180 -0.1344390 -0.0257395
v 0.6370310 0.4110070 0.1078685
v 0.4130330 0.4524220 -0.1356845
v -0.0812662 0.1864710 -0.4231695
v 0.8895810 -0.1581190 -0.0283595
v 0.5805100 0.5973160 0.4121335
v 0.8985839 -0.2796160 -0.0378945
v 0.8762460 -0.3416470 -0.0292681
v -0.6307680 -0.6252590 0.2063106
v 0.8462650 -0.4082210 -0.0279029
v 0.4781430 -0.8484370 0.0856059
v -0.8275321 -0.6688880 -0.4233574
v 0.8360630 -0.4348610 -0.0316817
v 0.8037020 -0.4807040 -0.0474354
v -0.4222021 -0.0058876 -0.5311614
v -0.4845271 -0.2504980 -0.6378434
v 0.7052210 -0.5750200 -0.0380536
v 0.3558590 0.6604980 -0.0973665
v 0.7195160 -0.5711811 -0.0535235
v -0.3726540 -0.9332761 0.2690095
v 0.5132630 -0.7263100 -0.0184503
v 0.5178600 -0.7426980 -0.0306507
v 0.4776170 0.6522480 -0.0071488
v 0.4953160 0.6362970 -0.0201089
v 0.8400819 -0.4075300 -0.3492005
v -0.3786210 -0.9748620 0.1651555
v 0.9322920 -0.2631040 -0.2409156
v 0.8170930 0.5188160 -0.0331297
v 0.4479190 0.3708080 -0.3092715
v -0.5923821 -0.7499030 -0.5026625
v -0.2056991 -0.0883434 -0.5844165
v 0.8216079 0.4698060 -0.0120015
v 0.5146710 -0.7109250 -0.0659836
v 0.8326380 0.4007230 -0.0116634
v 0.3939619 0.1232930 -0.3930875
v 0.3856260 0.4474830 -0.0501533
v 0.3535499 -0.8206919 -0.5452686
v 0.8452610 0.3776190 -0.0191859
v -0.1009810 0.8214960 0.3117785
v 0.8606200 0.3601240 -0.0240843
v 0.3262449 -0.7775720 -0.5269635
v 0.6633840 0.5010051 0.4532245
v 0.3388689 -0.7551780 -0.5218655
v 0.8820910 0.3020310 -0.0222526
v 0.9043410 0.2497760 -0.0271390
v 0.9072910 0.2255550 -0.0185741
v 0.1697830 -0.9468780 -0.3297875
v 0.9110410 0.1828420 -0.0158005
v 0.9168910 0.1538830 -0.0256676
v 0.9136880 0.1273230 -0.0252128
v 0.3296959 -0.5424900 -0.5499965
v 0.0385571 -0.4860180 -0.7050105
v 0.0240809 -0.4702570 -0.7188245
v -0.1385680 -0.9131720 0.1261845
v 0.3481579 -0.4912510 -0.5607975
v 0.8823860 0.0658140 -0.0300254
v -0.6470810 -0.6204270 0.1871176
v 0.8497450 -0.0367380 -0.0170826
v -0.7934790 -0.8891979 -0.1745884
v 0.8630310 -0.0594349 -0.0227750
v 0.8934440 -0.1821000 -0.0342458
v 0.3375529 -0.3664580 -0.5615375
v 0.1936940 -0.9498950 -0.0839652
v 0.3348089 -0.3408090 -0.5650225
v 0.3439249 -0.3224740 -0.5724666
v 0.3434429 -0.2745660 -0.5685626
v 0.8864360 -0.2720190 -0.0139636
v 0.3566349 -0.2477120 -0.5708506
v 0.8923110 -0.2986350 -0.0253824
v 0.8817430 -0.3212280 -0.0135038
v -0.6254890 -0.9626340 -0.1673984
v 0.5544200 -0.6310120 0.0093511
v 0.8628070 -0.3572750 -0.0190881
v 0.3468989 -0.1518550 -0.5644585
v 0.8510130 -0.3799380 -0.0202289
v 0.3416519 -0.1251670 -0.5593895
v -0.6133540 -0.7287680 0.1652096
v 0.8319340 -0.4233780 -0.0079399
v 0.3342239 -0.0373205 -0.5290655
v 0.8193790 -0.4591950 -0.0375585
v 0.5902130 -0.8633540 -0.1879645
v 0.3220319 -0.0200921 -0.5140104
v 0.7794970 -0.4982620 -0.0388843
v 0.3305160 0.0362929 -0.4725305
v 0.7605420 -0.5134259 -0.0269167
v 0.5163360 -0.6852280 -0.0289344
v 0.5192470 -0.7664200 -0.0185046
v 0.3394800 0.0994750 -0.4176765
v -0.2124851 0.1513210 -0.4814795
v 0.7657090 -0.5419350 -0.1603975
v 0.3426749 0.1369500 -0.3730855
v -0.8099890 -0.3508310 -0.1532004
v 0.7469490 -0.5616120 -0.1678945
v 0.5943320 -0.8278871 -0.0271764
v -0.8100470 -0.3477770 -0.1256174
v 0.6373840 -0.8462369 -0.0316725
v 0.1005180 -0.0399189 0.2637005
v -0.9827600 -0.6460330 -0.1019104
v -0.9878100 -0.6267220 -0.1090214
v 0.4457879 -0.7114000 -0.2143005
v 0.4584740 0.6678261 0.0068471
v 0.4649850 0.6404330 0.0141963
v 0.7945220 0.5335940 -0.0150911
v 0.8021070 0.5075300 -0.0066681
v 0.9632899 0.0855932 -0.4247636
v 0.3188290 -0.8119550 0.1548275
v -0.8078701 -0.5774150 -0.3774704
v 0.1336610 -0.9350590 -0.1822905
v -0.4336551 0.0733585 -0.4886374
v 0.8295830 0.4493020 -0.0165003
v 0.2009690 0.8545930 0.0341933
v 0.1345480 0.8440480 0.2132735
v -0.4847861 -0.2727110 -0.6441204
v 0.8294180 0.3773620 0.0027178
v 0.3420170 0.6370720 -0.0897256
v 0.7341689 0.4658350 -0.5697915
v 0.3492590 0.6864160 -0.0870473
v 0.8436810 0.3486000 -0.0048771
v 0.3137020 0.7367370 -0.0599956
v 0.0144757 0.2089280 -0.0275775
v 0.3452950 0.7119230 -0.0761154
v -0.7435310 -0.0954738 -0.2692344
v 0.8858120 0.2651290 -0.0100832
v 0.1557979 -0.9484760 -0.6962795
v 0.8958290 0.2403480 -0.0089325
v -0.8099720 -0.3775680 -0.1927094
v 0.4416730 -0.7977680 -0.2207835
v 0.4346089 0.4693890 -0.1852705
v 0.9066080 0.2049610 -0.0099689
v -0.4405741 -0.5179681 -0.6761515
v 0.9016560 0.1597560 0.0009480
v 0.9022910 0.1318640 -0.0065441
v 0.8811760 0.1118700 0.0018578
v 0.1229120 0.0382790 0.1953675
v -0.9390160 -0.7444550 -0.3008204
v 0.1079660 0.1135730 0.1330455
v -0.4253741 0.0925416 -0.4807005
v -0.4249730 0.0553048 -0.4985725
v 0.1554710 0.0782379 0.1677205
v 0.3433759 -0.9434000 -0.5864175
v 0.1300830 0.0793850 0.1671085
v 0.5810860 0.6890570 0.7186695
v 0.3973960 0.4507940 -0.0227044
v 0.3258639 -0.8703810 -0.5661335
v 0.3355829 -0.8418770 -0.5556235
v -0.7185640 -0.9192671 -0.2322284
v 0.3314659 -0.8192110 -0.5416585
v 0.1466340 0.0971997 0.1489835
v 0.1344180 0.1125070 0.1293245
v 0.8331960 -0.0121047 -0.0035208
v 0.8514660 -0.0554981 -0.0037004
v 0.3291419 -0.7315410 -0.5239575
v -0.1950950 0.0384520 0.2269605
v 0.3425179 -0.6730829 -0.5278795
v 0.8714550 -0.1248930 -0.0040568
v 0.8769060 -0.1503290 -0.0053587
v 0.8869269 -0.2009440 -0.0161689
v 0.1830729 -0.7675940 -0.5402275
v 0.3357489 -0.6456370 -0.5338244
v 0.8855380 -0.2429630 -0.0197274
v 0.5806490 0.6714690 0.4680904
v 0.3303299 -0.6187980 -0.5410255
v 0.0833733 0.6016080 0.0527984
v 0.8815150 -0.4012570 -0.2146226
v 0.1520930 0.8380980 0.2022435
v 0.3402259 -0.5709710 -0.5413774
v 0.8547860 -0.3628250 0.0022560
v 0.3203199 -0.5685850 -0.5488055
v 0.3616739 -0.5765491 -0.5284706
v 0.2556759 -0.9740890 -0.4014115
v 0.8403460 -0.4010750 -0.0071977
v 0.3275059 -0.5100600 -0.5571375
v 0.3247909 -0.4858370 -0.5615765
v 0.3214460 -0.9659830 0.3370255
v 0.7937160 -0.4752520 -0.0173233
v 0.3241899 -0.4418800 -0.5694544
v 0.7376240 0.5019200 0.3260944
v 0.3250979 -0.3939150 -0.5669745
v 0.6858800 -0.5817790 -0.0200465
v 0.5106110 -0.7055531 -0.0139643
v 0.5025130 -0.7018650 0.0076390
v 0.5064130 -0.7241050 -0.0001133
v 0.5121430 -0.7449930 -0.0088953
v 0.3297479 -0.2996460 -0.5670245
v 0.0852264 -0.9225240 0.0326060
v 0.3266929 -0.2489990 -0.5651895
v 0.3415599 -0.2226750 -0.5674976
v 0.0737247 -0.1946990 -0.6242654
v 0.6726510 -0.9328361 0.0237460
v -0.7348330 -0.0747488 -0.2748394
v 0.5744150 -0.8254740 -0.0107395
v 0.6160980 -0.8425680 -0.0167167
v 0.6569790 -0.8659160 -0.0208895
v 0.6738549 -0.8891320 -0.0149577
v 0.3411559 -0.0979283 -0.5539065
v 0.7763470 0.5510340 -0.0011327
v 0.7894580 0.4965620 0.0155623
v 0.3127949 -0.0394462 -0.5204855
v 0.8064090 0.4811020 -0.0000560
v -0.6920530 -0.1778620 0.1167126
v 0.3340049 0.0010839 -0.5025265
v 0.8200870 0.3540920 0.0214211
v 0.5878791 0.7010380 0.4848415
v 0.3347360 0.0575014 -0.4563665
v 0.0399332 -0.1856710 0.3615625
v 0.0487380 -0.1800830 0.3363125
v 0.3145669 0.1113110 -0.4106245
v 0.3207020 0.1501200 -0.3640155
v 0.3433430 0.1698260 -0.3290895
v -0.8116790 -0.3740330 -0.1411344
v 0.8963280 0.2199950 0.0004237
v 0.8804650 0.2152270 0.0178153
v 0.1830339 -0.9713280 -0.2808025
v 0.8842990 0.1377790 0.0135928
v 0.9739329 0.1709930 -0.4004136
v 0.7196800 0.5203350 0.4747345
v 0.9715999 0.1911970 -0.4116386
v -0.4142061 -0.0271378 -0.5471644
v -0.3655580 -0.2164920 0.3481435
v -0.5906700 -0.6351610 0.2364066
v -0.9271550 -0.6570780 -0.0092890
v -0.9351300 -0.6773090 -0.0265059
v -0.3745510 -0.2009480 0.3279406
v -0.2102080 -0.1588230 0.3419335
v -0.1527780 -0.1781990 0.3870915
v 0.3967430 0.2999240 -0.0896655
v -0.0423282 -0.9124470 -0.4764355
v 0.4454550 -0.8079780 -0.2753415
v -0.0659753 -0.9138581 -0.4587695
v -0.2102550 0.0890090 0.1960055
v 0.8390100 -0.0409056 0.0083384
v 0.8593680 -0.0752363 -0.0028357
v 0.8665010 -0.0994897 -0.0028072
v 0.0492778 -0.8204530 -0.6854465
v 0.0990528 0.6512430 0.1606505
v 0.1113540 0.6940670 0.1896205
v 0.8832270 -0.1758930 -0.0088620
v 0.2454530 -0.9083660 0.3614065
v 0.8865220 -0.2210400 -0.0247574
v -0.2144710 0.0605227 0.2201195
v 0.8804810 -0.2514430 0.0082438
v 0.8799530 -0.2983440 0.0020630
v -0.6461851 -0.3989610 -0.5500345
v 0.4504050 0.4152060 -0.0226230
v 0.3219150 0.6919370 -0.0762239
v 0.8690360 -0.3422970 -0.0037218
v -0.8085840 -0.3532390 -0.1788644
v -0.7146021 -0.6418210 0.0697595
v 0.8404199 -0.3845760 0.0076063
v -0.5885940 -0.7882550 0.1501116
v 0.6854950 -0.5662960 0.0051161
v 0.5226430 -0.6579260 -0.0171847
v 0.7087319 0.4082130 -0.6119426
v 0.2395770 0.5416870 -0.0270756
v -0.0648137 -0.9696250 -0.5972794
v 0.6148190 -0.8656580 0.0331122
v 0.5091290 -0.6819320 -0.0050521
v 0.5027370 -0.7441700 0.0120281
v 0.3043029 -0.9208950 -0.5688375
v -0.9045620 -0.8051620 -0.2604514
v 0.5104470 -0.7651590 0.0035551
v 0.2155329 -0.9667250 -0.6080225
v 0.3276169 -0.9614800 -0.5630955
v -0.5845340 -0.4342200 0.2694476
v -0.3499490 -0.1949430 0.3348455
v 0.6963470 0.4572960 0.2504584
v 0.6149800 -0.8308320 -0.0432679
v 0.3117670 -0.9717960 -0.5029185
v 0.3097929 -0.8268360 -0.5460625
v 0.4257410 0.7056460 0.0194524
v 0.3155189 -0.8018510 -0.5348115
v 0.3137769 -0.7518320 -0.5245175
v 0.4392160 0.6802610 0.0236104
v 0.4464560 0.6530499 0.0286399
v 0.3171639 -0.7094160 -0.5282215
v 0.3252999 -0.6887230 -0.5303255
v 0.3487729 -0.9712470 -0.4594755
v 0.3113109 -0.6381429 -0.5416365
v 0.7850690 0.5253410 0.0098095
v -0.5403171 -0.9025750 -0.4475944
v 0.8205640 0.4252430 0.0005750
v 0.3250439 -0.5919280 -0.5458865
v 0.8219990 0.3995670 0.0082473
v -0.4099190 -0.2329680 0.3291875
v 0.3036949 -0.5250500 -0.5546905
v 0.3038679 -0.4956390 -0.5573415
v -0.5839110 -0.1619350 0.2115556
v 0.4775749 0.4608360 -0.3428625
v 0.3369459 -0.4659840 -0.5651865
v 0.3117399 -0.4172420 -0.5722425
v -0.7267080 -0.6519760 0.0443333
v -0.5826830 0.0434767 0.0894531
v -0.5641050 -0.1700440 0.2316486
v -0.5805020 0.0937091 0.0314714
v 0.3143359 -0.3481390 -0.5666425
v 0.3193229 -0.3235470 -0.5668505
v 0.3275060 -0.9642320 -0.1573915
v -0.5862230 0.0775949 0.0465481
v 0.3137689 -0.2754730 -0.5663155
v 0.1725000 -0.9187710 0.1509595
v 0.3080199 -0.2207010 -0.5639025
v -0.5406540 -0.1988420 0.2531006
v 0.1054300 0.0787556 0.1678325
v 0.3313839 -0.1970110 -0.5631574
v -0.8720480 -0.6620480 0.0351060
v 0.3211179 -0.1421690 -0.5562785
v -0.7871780 -0.4576350 -0.3278964
v 0.6046099 0.3199150 -0.5237536
v 0.7992470 0.0247789 0.0157993
v 0.3181189 -0.0858219 -0.5415145
v 0.8093690 -0.0014125 0.0167589
v 0.8206730 -0.0263164 0.0238681
v 0.9755519 0.1328820 -0.3670006
v 0.8448840 -0.0648030 0.0152412
v 0.1172689 -0.7455080 -0.5392835
v 0.8684130 -0.1678410 0.0192927
v 0.3094200 0.0296978 -0.4762475
v 0.3108560 0.0475999 -0.4641635
v 0.3126709 0.0686702 -0.4486995
v 0.8773650 -0.1959660 0.0111291
v 0.8833890 -0.2236400 0.0026025
v 0.8744480 -0.2762150 0.0183298
v 0.3167349 0.1316830 -0.3878915
v 0.8709060 -0.3222220 0.0141679
v 0.1887050 -0.9458030 -0.3843475
v -0.7529450 -0.1030150 -0.2270464
v 0.8579260 -0.3448560 0.0222732
v -0.5709750 -0.7474750 0.2352646
v -0.5547370 -0.7601269 0.2456206
v 0.8296840 -0.4094200 0.0141154
v 0.8187440 -0.4372630 0.0162722
v 0.4153960 0.3686270 -0.1123845
v 0.6647060 -0.5725120 0.0226958
v -0.3405890 -0.1651950 0.2962466
v -0.0467546 0.8270169 0.2420615
v 0.5018280 -0.6820730 0.0149813
v -0.9223210 -0.6824330 -0.0099992
v 0.5088790 -0.7819110 0.0160589
v 0.4528219 0.3946320 -0.2936675
v 0.3261270 0.4838160 -0.0260024
v 0.9124580 -0.2794750 -0.3076486
v -0.8861350 -0.5954340 0.0043061
v -0.9714400 -0.5530630 -0.0929478
v -0.9592100 -0.5463060 -0.0706503
v 0.8892770 0.5265290 -0.1312366
v 0.9010830 0.4972550 -0.1257856
v 0.0998021 0.0282555 0.2084755
v -0.0842116 0.7676640 0.2334355
v -0.3324920 -0.1273800 0.2636586
v -0.1650871 -0.6168400 -0.7349455
v -0.2194051 -0.0631206 -0.5772165
v 0.3926820 0.7333030 0.0420103
v 0.4085980 0.7108170 0.0414512
v 0.0345937 -0.9142390 -0.4821575
v 0.3248000 0.7181970 -0.0698903
v 0.7743550 0.5506070 0.0302464
v 0.3322370 0.6631290 -0.0835922
v 0.2882180 -0.9737290 -0.1301245
v 0.4529719 -0.7672240 -0.4343255
v 0.7799120 0.4846470 0.0389323
v 0.7924920 0.4671490 0.0186257
v 0.3419040 0.5391530 0.0656216
v 0.7996920 0.4375750 0.0208834
v 0.9007990 -0.3046310 -0.3093146
v 0.7980450 0.3917300 0.0381932
v 0.8083030 0.4096620 0.0228126
v -0.3045720 -0.8073790 0.3285896
v 0.5978950 -0.9298350 -0.3293445
v 0.5845250 -0.9053990 -0.3311045
v -0.7277910 -0.2013940 0.0846480
v -0.4814710 0.0895296 0.1278306
v 0.8656170 0.4221860 -0.0718273
v -0.5081710 0.0832794 0.1169396
v 0.3066429 -0.8532929 -0.5544235
v 0.5282630 0.3019010 0.0590849
v 0.5130040 0.3430850 0.0424209
v 0.0273816 -0.0972522 0.2832445
v -0.3855560 -0.0412807 0.2263145
v 0.0824926 0.1131960 0.1367395
v 0.3075779 -0.7290241 -0.5255215
v 0.8278440 -0.0518884 0.0312000
v 0.8525990 -0.0888167 0.0185161
v 0.3173089 -0.6653670 -0.5354455
v 0.8610110 -0.1138180 0.0198280
v 0.8659400 -0.1394990 0.0183505
v 0.8568810 -0.1511110 0.0364140
v 0.8620110 -0.1920640 0.0363917
v 0.3024589 -0.5831530 -0.5517075
v 0.8752120 -0.2367470 0.0257816
v 0.3028019 -0.5547090 -0.5539365
v 0.8692549 -0.2565090 0.0357386
v -0.7269480 -0.6174690 0.0595470
v -0.5158311 -0.6440270 0.3082266
v -0.5467300 -0.6695570 0.2765876
v 0.8651650 -0.2999840 0.0298546
v -0.8623930 -0.8108150 -0.3234834
v 0.8421490 -0.3664380 0.0276798
v 0.7677510 -0.1998530 0.1471524
v 0.2990609 -0.3944810 -0.5709705
v 0.3090839 -0.3725510 -0.5669975
v 0.2920439 -0.3560960 -0.5748584
v 0.8267969 -0.3898080 0.0334263
v 0.7063439 -0.5425220 0.0072888
v 0.2955939 -0.3308220 -0.5757905
v -0.5624120 -0.6480120 0.2674616
v 0.4967220 -0.7214020 0.0215186
v 0.4912240 -0.7430960 0.0331058
v 0.4991230 -0.7651581 0.0240157
v 0.5174510 -0.8006840 0.0193002
v 0.3035909 -0.1883220 -0.5608835
v -0.5484470 -0.6931510 0.2612566
v 0.3254769 -0.1694830 -0.5606765
v -0.1461320 -0.9171380 -0.0156210
v 0.6006440 -0.9775660 -0.2127425
v 0.3185519 -0.1144660 -0.5495675
v 0.5996630 0.6884930 0.3298804
v -0.1050420 0.0230363 0.2426655
v 0.3160919 -0.0590209 -0.5315955
v 0.3540110 0.7755769 0.0409321
v -0.7728120 -0.8752970 -0.0429568
v 0.4034180 0.6887120 0.0580876
v -0.6746490 -0.0298737 0.0457986
v 0.7811760 0.5162500 0.0365060
v 0.7873160 0.4180950 0.0378359
v 0.7748420 0.4502410 0.0387921
v -0.6690421 -0.3650270 0.2054746
v 0.3139400 0.0899765 -0.4309175
v -0.0672591 -0.9229790 -0.1946155
v -0.7854061 -0.3338440 -0.3377934
v 0.5733240 0.8234410 0.7393724
v -0.8120450 -0.4034940 -0.1342464
v 0.2499280 -0.8610010 0.3392475
v -0.7690580 -0.1398960 -0.2270884
v 0.0050334 -0.1633320 0.3198605
v -0.8083200 -0.3263500 -0.1417054
v -0.8071770 -0.3295400 -0.1662424
v 0.1389910 -0.9622320 0.3620025
v 0.4705110 0.3977190 -0.0078213
v 0.4815760 0.3820390 0.0034488
v 0.0097498 -0.1825880 0.3713925
v -0.3270691 0.0308835 -0.5303755
v 0.0215807 -0.1747710 0.3419905
v -0.7442650 -0.2028000 0.0615187
v -0.6291120 -0.9488029 -0.0747789
v 0.8628850 -0.4218010 -0.2028376
v 0.2851530 -0.5818130 0.1629985
v -0.5313170 -0.2279790 0.2684676
v 0.1735010 0.5645339 0.0518314
v -0.0083191 -0.1685970 0.3458375
v -0.4950690 -0.0590510 0.2008106
v -0.5199950 -0.0642496 0.1976026
v -0.6825630 -0.9403410 -0.1988734
v 0.2997819 -0.9598870 -0.5604225
v 0.3034400 0.7110800 -0.0653572
v 0.9941580 0.2121470 -0.3007626
v -0.6728040 -0.9401170 -0.2188124
v 0.4032879 0.3454170 -0.1720565
v -0.7178710 -0.3574260 0.1501556
v 0.2066140 -0.9202681 0.1160265
v -0.0927025 0.7490120 0.2846055
v 0.2071780 0.5477070 0.0095164
v 0.0668752 -0.9190830 0.1213015
v 0.5056280 -0.8636090 -0.2897755
v 0.7996320 -0.0154987 0.0387812
v 0.2144830 -0.9221590 0.1617435
v -0.7737080 -0.5551870 -0.0114221
v 0.8083630 -0.0392292 0.0459204
v 0.8340930 -0.0775326 0.0364595
v -0.0665966 0.2230220 -0.3514205
v 0.8511610 -0.1296070 0.0402794
v 0.8515339 -0.1706010 0.0446213
v 0.2819679 -0.8390810 -0.5430695
v 0.2886719 -0.8098420 -0.5338424
v 0.8531620 -0.2110600 0.0546353
v 0.2942389 -0.7766290 -0.5257034
v 0.8707940 -0.2159280 0.0308017
v 0.2862109 -0.7401450 -0.5229195
v 0.2917209 -0.7114100 -0.5272344
v 0.8576010 -0.2787920 0.0451533
v 0.3014139 -0.6867400 -0.5326535
v 0.8534750 -0.3229540 0.0393046
v -0.0006356 0.7993120 0.1992805
v 0.3066439 -0.6109390 -0.5482814
v -0.5635260 -0.6730800 0.2535316
v 0.8128240 -0.4186210 0.0422880
v 0.2789249 -0.5693120 -0.5541465
v 0.8005350 -0.4497090 0.0402498
v 0.7788010 -0.4587710 0.0593658
v 0.7824610 -0.4745930 0.0376484
v 0.7014730 -0.5105760 0.0665043
v -0.0176647 -0.1522600 -0.6267575
v 0.2802829 -0.4791880 -0.5581855
v 0.3072719 -0.4662840 -0.5632505
v 0.2969889 -0.4391320 -0.5674155
v -0.5808170 -0.2123150 0.2364056
v 0.0797528 -0.9711550 0.2423785
v 0.4857780 -0.7647290 0.0439867
v 0.2887699 -0.3762930 -0.5722045
v 0.1199850 -0.1461990 0.2906585
v -0.6088730 -0.3672240 0.2397146
v -0.5880380 -0.3563360 0.2532386
v 0.4981710 -0.7896169 0.0372331
v 0.2895019 -0.2750520 -0.5738904
v 0.2969609 -0.2517360 -0.5694835
v -0.0067275 -0.8613590 -0.6836154
v 0.2819659 -0.2038960 -0.5712395
v 0.0910629 -0.9683090 -0.6273085
v -0.0480965 0.2252200 -0.0204786
v 0.2988459 -0.1594300 -0.5573275
v 0.2960589 -0.1307370 -0.5498565
v 0.3743530 0.7332751 0.0662992
v 0.2955609 -0.1031690 -0.5404785
v 0.1457860 -0.0205251 0.2399695
v 0.7747520 0.5353320 0.0594289
v 0.2948059 -0.0531667 -0.5176235
v 0.2980759 -0.0291060 -0.5083385
v 0.7690620 0.4739300 0.0626167
v 0.3077689 -0.0047382 -0.4996155
v 0.2955039 0.0130255 -0.4854565
v 0.2893119 0.0338549 -0.4717335
v 0.7573420 0.4480770 0.0626768
v 0.2893099 0.0554868 -0.4568395
v 0.6702340 -0.9115850 0.0048302
v -0.0250919 0.0481857 0.2065765
v 0.2863010 0.1239090 -0.4031885
v 0.2745569 0.1600600 -0.3672825
v 0.9191779 0.5401289 -0.2446496
v -0.1627840 0.2449240 -0.0102056
v -0.5101510 -0.2502090 0.2848096
v 0.7698210 0.5936420 0.2370294
v -0.9950070 -0.6542230 -0.1733914
v 0.5813100 0.7093630 0.6667245
v -0.5342010 -0.2609590 0.2795866
v -0.4830160 -0.9431820 0.0413293
v 0.7704490 0.5662320 0.0597275
v -0.4376611 0.1172300 -0.4625174
v -0.5974380 -0.2039310 0.2222236
v -0.3603141 -0.0605648 -0.5816534
v -0.0688312 -0.2631350 0.4557035
v 0.0239575 -0.9356090 -0.6961955
v -0.0018907 -0.9540360 -0.5754905
v -0.1602270 -0.9767240 0.2732625
v -0.0174232 -0.2493580 0.4544975
v -0.5375770 -0.6139590 0.2865166
v -0.1844131 -0.4488240 -0.7728565
v 0.3756820 0.4652930 -0.0039523
v -0.0946919 -0.2189450 0.4314895
v -0.3830251 0.0352082 -0.5146924
v 0.8856390 0.3799960 -0.0595226
v -0.6056060 -0.0992854 0.1751136
v -0.4133350 0.0296275 0.1964555
v 0.2838070 0.7288510 -0.0528659
v -0.7675520 -0.1185510 -0.1446824
v 0.0327865 -0.1690940 0.3169515
v 0.2834940 0.7781219 -0.0314278
v 0.4686290 0.6739720 -0.0468392
v 0.7428340 -0.3304100 0.1700965
v 0.1214260 0.5952770 0.0150733
v 0.1014050 0.6150000 0.0102428
v 0.0584712 -0.1748850 0.3129995
v 0.0691662 -0.1625790 0.2977175
v 0.9740329 0.1495170 -0.3841176
v 0.6054540 0.6067600 0.1483645
v 0.0465604 -0.1565840 0.2981895
v 0.7139300 0.4527920 0.2099185
v 0.0699109 0.0598075 0.1894275
v 0.0513605 0.1292960 0.1180765
v 0.0674706 0.1535600 0.0819833
v 0.0866937 0.1581860 0.0659300
v 0.7701650 0.0129713 0.0492751
v 0.7819650 -0.0063679 0.0492647
v 0.2795880 -0.9764090 -0.0311241
v 0.2622139 -0.7360920 -0.5183775
v 0.7859680 -0.0278111 0.0612847
v 0.2680979 -0.7156460 -0.5219945
v 0.8144640 -0.0644512 0.0524704
v 0.8419660 -0.1038450 0.0401428
v 0.2872059 -0.6565390 -0.5389565
v 0.9128270 0.5105170 -0.1467776
v 0.8412620 -0.1492570 0.0550065
v 0.8466120 -0.1893650 0.0557810
v 0.8619600 -0.2356090 0.0487737
v 0.8501730 -0.2580210 0.0608880
v 0.2787419 -0.5393440 -0.5545765
v 0.8447590 -0.3011270 0.0535666
v 0.2780799 -0.5087900 -0.5563185
v 0.2480839 -0.4892200 -0.5574595
v 0.8401290 -0.3456350 0.0465128
v 0.2834259 -0.4559240 -0.5605664
v 0.8253750 -0.3686030 0.0522496
v 0.2851229 -0.4152420 -0.5688264
v 0.8106260 -0.3928200 0.0588667
v 0.5521580 -0.6057880 0.0515240
v 0.1657370 0.0147272 0.2122095
v 0.2721219 -0.3413660 -0.5808775
v 0.2787330 -0.9813560 0.2247815
v 0.2733129 -0.3153340 -0.5814174
v 0.4685040 0.4740260 -0.3149115
v 0.2700919 -0.2886540 -0.5786475
v 0.2738960 -0.8379740 0.2901675
v 0.2788049 -0.2303420 -0.5754344
v 0.2642589 -0.2137240 -0.5806005
v -0.1567080 0.0423802 0.2240945
v 0.2777539 -0.1763630 -0.5664175
v 0.4075740 0.5620900 -0.1502515
v 0.4832070 -0.7187411 0.0464086
v 0.2732739 -0.1160140 -0.5474575
v -0.6000370 0.0784679 0.0292850
v -0.6127960 0.0768908 0.0107230
v 0.2711949 -0.0674017 -0.5206364
v 0.2723680 -0.0420416 -0.5082865
v 0.2767670 -0.0123396 -0.4957955
v 0.5769310 -0.8149760 -0.1108895
v 0.1490320 -0.9366670 0.3641565
v -0.2692730 0.2488030 -0.0064496
v -0.1896750 -0.0012664 0.2514096
v 0.0956017 -0.9479840 0.3528835
v 0.6014830 0.6241740 0.5819475
v 0.3210280 0.7993220 0.0600767
v 0.2888390 0.0978533 -0.4230955
v 0.2510180 0.1525290 -0.3729925
v -0.8095220 -0.4332390 -0.0922420
v 0.3546760 0.7576770 0.0714601
v -0.7767860 -0.1578900 -0.2178774
v 0.7738910 0.5043280 0.0616168
v 0.0448232 -0.9377210 0.3438945
v 0.9945190 0.1880800 -0.3211456
v 0.0679816 -0.9569221 0.3440265
v 0.7462990 0.4263870 0.0670305
v -0.5397490 -0.7584260 0.2577126
v -0.0955112 -0.9814640 0.2697915
v 0.1430600 0.5803280 0.0206644
v 0.1676869 -0.9578190 -0.5308875
v -0.5085220 -0.0019372 0.1646276
v 0.9935220 0.1590490 -0.3304316
v 0.0877330 -0.9237950 -0.0764207
v -0.3180751 -0.2681200 -0.7256345
v 0.1195280 0.1760280 0.0077965
v 0.0987262 0.1822430 0.0012945
v -0.4133040 0.1572550 0.0939525
v 0.6398920 0.5437680 0.5620214
v -0.4240260 0.1368090 0.1132916
v 0.2599010 0.5396940 0.0626260
v 0.9124130 0.5405190 -0.2051756
v 0.9862429 0.1105940 -0.3136916
v 0.2704810 0.7540330 -0.0412123
v -0.0316724 -0.0932245 0.2833325
v 0.3581910 -0.9658400 -0.1917815
v -0.8032770 -0.2882920 -0.1700414
v 0.3851709 -0.9732651 -0.4302885
v 0.3045500 0.8055890 0.0833027
v 0.9738160 0.0999120 -0.3383866
v 0.5758310 0.5921260 0.3362535
v -0.6113340 -0.0524347 0.1446806
v 0.0560495 0.0763680 0.1740605
v 0.5652270 -0.8984441 -0.3114205
v 0.0128486 0.0923772 0.1688215
v 0.8518439 0.5550520 -0.3412885
v -0.4481190 0.1271200 0.1047666
v 0.0212766 0.0592613 0.2046765
v 0.9526859 0.0579887 -0.4579846
v 0.2097130 0.5806741 0.1032755
v 0.0464272 0.0603104 0.1977465
v 0.0611072 0.0416289 0.2101675
v 0.0530557 0.0188636 0.2284205
v -0.0507145 -0.1761560 -0.6894954
v 0.2624899 -0.7923890 -0.5257305
v 0.4094340 0.2928680 -0.0429885
v 0.5873430 -0.8453240 -0.1654715
v 0.2652889 -0.7600840 -0.5202745
v -0.5091440 -0.0840021 0.2163156
v 0.7527910 0.0158958 0.0687068
v 0.7592800 0.0405502 0.0530473
v 0.2714540 -0.8169611 0.2553195
v 0.2706739 -0.6864500 -0.5286875
v 0.0936386 0.1298970 0.1138245
v 0.2660339 -0.6307490 -0.5440935
v 0.7675120 -0.0063886 0.0660182
v 0.2549119 -0.5817630 -0.5503285
v 0.6588780 0.4046270 0.1013745
v 0.2546729 -0.5539590 -0.5521195
v 0.7972640 -0.0513315 0.0635953
v 0.0977440 -0.7634020 -0.5859765
v 0.8202470 -0.0917392 0.0584752
v 0.8277100 -0.1227740 0.0626204
v 0.8345980 -0.1722970 0.0651926
v 0.2621240 -0.9457240 0.0111643
v 0.2716689 -0.4358890 -0.5613185
v 0.8333030 -0.1997730 0.0771984
v 0.2742449 -0.3913490 -0.5709945
v 0.2698819 -0.3669900 -0.5773364
v 0.5679230 0.7496680 0.7480685
v -0.1918821 -0.6526290 -0.7208145
v 0.8359050 -0.2805260 0.0679164
v 0.8327860 -0.3237060 0.0615375
v 0.8798370 0.4026240 -0.0770490
v 0.7980990 -0.4127050 0.0648265
v -0.7491050 -0.5329970 0.0658743
v -0.5150321 -0.1436010 0.2488326
v -0.5368940 -0.1296770 0.2297926
v 0.2602099 -0.1927060 -0.5778354
v -0.3718300 0.0407876 0.2064805
v -0.2435410 -0.0316436 0.2451115
v 0.2710689 -0.1452410 -0.5599135
v 0.1205200 0.0151823 0.2152285
v 0.1681050 0.8347410 0.0463782
v 0.2721839 -0.0913379 -0.5345155
v 0.0056613 -0.2579850 0.4584805
v 0.4911140 -0.6559089 0.0573145
v 0.4984540 -0.6702430 0.0333429
v 0.4639989 0.4449680 -0.2968585
v 0.2687849 0.0143751 -0.4804215
v -0.2509960 -0.1773990 0.3592266
v 0.2628570 0.0393855 -0.4619515
v -0.2252200 -0.1741360 0.3627096
v -0.1963160 0.1750720 0.1023285
v -0.6223450 0.0311659 0.0668814
v 0.7110600 0.8600130 0.6833084
v -0.3988850 -0.9288720 0.2590295
v -0.2629751 -0.9734850 -0.2074005
v -0.8073200 -0.3193590 -0.1166334
v 0.1573259 -0.9665630 -0.6547775
v -0.7883950 -0.1948000 -0.2016844
v 0.1695229 -0.9584310 -0.6744754
v 0.3229400 0.7888800 0.0793782
v -0.6032770 -0.5020790 0.2467906
v 0.3321930 0.7709090 0.0870192
v 0.5730880 0.7437170 0.7082354
v 0.6881119 0.3984470 -0.6098786
v 0.3369480 0.7472140 0.0969916
v -0.2705521 -0.2576870 -0.7310965
v 0.8935459 0.4065080 -0.5336506
v 0.7707990 0.5504380 0.0823784
v -0.3729811 0.0064075 -0.5255055
v 0.4135060 0.6476460 0.0601420
v 0.3194500 -0.7802600 0.1251335
v 0.7640380 0.5231900 0.0826257
v -0.6498931 -0.0460561 -0.4259344
v 0.1061530 0.8808390 0.1071555
v 0.1073280 0.9024971 0.0990136
v 0.7572750 0.4648040 0.0850453
v -0.3395631 -0.0005335 -0.5310255
v 0.1787289 -0.1035310 -0.5630155
v -0.3184691 -0.2412560 -0.7111235
v 0.7329190 0.4301530 0.0858774
v -0.5578671 -0.5759050 0.2665796
v 0.1692610 -0.0607559 0.2643075
v -0.0488605 0.0542182 0.2021125
v -0.0823628 -0.2944360 0.4650425
v 0.2740030 -0.9673880 -0.1503545
v -0.7710240 -0.1320600 -0.1784764
v 0.1053250 0.1714220 0.0272630
v -0.4795900 -0.9675230 -0.0119862
v -0.4637550 -0.9683700 0.0074602
v 0.2196720 0.8376679 0.1464305
v 0.3675190 -0.0260101 0.2262075
v 0.0902129 0.1452640 0.0888403
v -0.0739553 0.2292320 -0.0122609
v -0.8854900 -0.6426491 0.0265349
v 0.2000739 -0.9608320 -0.3733705
v 0.0640196 0.1981310 -0.0294414
v 0.0882204 0.1989020 -0.0520562
v -0.8694490 -0.6149110 0.0209477
v -0.6488930 -0.2768190 0.2145366
v 0.2445779 -0.7445490 -0.5125595
v -0.4335150 -0.9472280 0.2063656
v 0.2467009 -0.7202500 -0.5146475
v 0.2514069 -0.6998661 -0.5201975
v 0.1596180 0.1705430 0.0204894
v 0.2552049 -0.6557890 -0.5324634
v -0.4242990 0.0710981 0.1690565
v 0.2494099 -0.6071219 -0.5453814
v 0.4963890 -0.4954780 0.1882425
v 0.4886450 -0.5153919 0.1724435
v 0.9491989 0.2622410 -0.4800826
v -0.8788310 -0.5537930 -0.0223001
v 0.2520439 -0.5241470 -0.5548365
v 0.8049130 -0.1064350 0.0804840
v 0.2598819 -0.4590410 -0.5579075
v 0.5504799 -0.8024760 -0.0408338
v 0.8080850 -0.1306500 0.0831112
v 0.4046580 0.5323960 -0.1531975
v 0.2586579 -0.4113960 -0.5634625
v 0.8210160 -0.1504210 0.0750674
v -0.5554751 -0.6557190 -0.5797424
v 0.8383610 -0.2327000 0.0758401
v 0.8259970 -0.2605660 0.0819193
v -0.2247641 -0.2414110 -0.7345355
v 0.8238700 -0.3030390 0.0759480
v 0.2488139 -0.3054100 -0.5750154
v 0.8204130 -0.3465220 0.0686798
v 0.2669299 -0.2585390 -0.5771855
v 0.2535159 -0.2323490 -0.5837455
v 0.2445549 -0.2091940 -0.5861175
v 0.1443810 -0.0681407 0.2731965
v 0.8070360 -0.3704240 0.0759512
v 0.2528659 -0.1676560 -0.5721885
v 0.7896010 -0.3965260 0.0825147
v 0.2544009 -0.1244610 -0.5561335
v 0.1633920 -0.0853550 0.2740055
v -0.0184404 0.1502290 0.0892763
v -0.0384306 0.1630310 0.0815674
v 0.2462079 -0.0549390 -0.5178305
v 0.2472029 -0.0286808 -0.5050784
v 0.2468449 -0.0036187 -0.4918985
v 0.7785270 -0.5090899 -0.0634374
v 0.5883770 -0.2671170 0.2261885
v -0.0413209 -0.1621130 0.3474065
v 0.2478609 0.0589727 -0.4445305
v 0.0265088 0.1293250 -0.4472345
v 0.2661609 0.0795998 -0.4325625
v -0.2198730 -0.2350890 0.4165225
v -0.3806690 0.1202480 0.1555005
v 0.2415619 0.1340230 -0.3922555
v -0.4372040 0.1803350 0.0405243
v -0.7982750 -0.2270530 -0.0879578
v 0.7214200 -0.5750080 -0.0730089
v -0.7922470 -0.2081230 -0.0750134
v -0.7886260 -0.1889010 -0.0815516
v 0.5833120 0.6628120 0.3408275
v -0.4862050 -0.2410780 0.2917515
v 0.2254880 0.0547438 0.1901225
v -0.6482470 -0.1677910 0.1591306
v -0.6014760 -0.2260630 0.2284836
v -0.2111540 -0.8294430 0.3335316
v -0.0126305 0.2010310 0.0132984
v 0.5693470 0.7610680 0.7287025
v -0.3179091 0.1737530 -0.4539455
v -0.0404413 0.2021020 0.0309474
v -0.1448290 -0.1438380 0.3223735
v -0.2143851 -0.1345020 -0.6504475
v -0.4778230 -0.2145570 0.2836215
v -0.2147530 -0.1874190 0.3857595
v 0.3922380 0.3026360 -0.1155525
v -0.0167975 -0.2238800 0.4357865
v 0.3016020 0.8139690 0.0550706
v 0.7667540 0.4929870 0.0867658
v 0.5387060 -0.1163880 0.2249585
v 0.2877960 0.7028559 -0.0514954
v -0.3785240 -0.1445500 0.2766315
v -0.1060241 -0.1260860 -0.6225594
v -0.6851000 -0.0088758 -0.0098974
v 0.7759919 0.1560840 -0.6904965
v -0.8710190 -0.5740190 -0.0055046
v -0.5311060 -0.9496030 -0.0132659
v -0.5291271 0.0847244 -0.4376564
v 0.5246850 -0.8772480 0.0860279
v 0.9194869 0.0939125 -0.6139665
v -0.1425220 0.1670150 0.1192915
v 0.7900740 -0.1226020 0.0999749
v -0.0999880 0.2518410 -0.2860435
v 0.6194579 0.0359352 -0.5341596
v 0.8169590 -0.1747350 0.0871269
v 0.2417829 -0.7703320 -0.5158645
v 0.7934490 -0.4950900 -0.0597250
v 0.2265769 -0.7533160 -0.5087035
v 0.7992910 0.7894250 0.5119434
v 0.8177110 -0.2177260 0.0982702
v 0.8151440 -0.3259630 0.0844655
v 0.2418999 -0.6779490 -0.5215775
v 0.8053510 -0.3487240 0.0925141
v 0.2391809 -0.6301709 -0.5352825
v 0.0035166 -0.9457819 0.3293945
v -0.4576970 -0.2689750 0.3198935
v 0.2358479 -0.5891809 -0.5427705
v 0.2334359 -0.5677150 -0.5444704
v 0.2289289 -0.5409790 -0.5475755
v 0.7897390 -0.3711400 0.0993961
v -0.0240754 -0.1568880 0.3211955
v -0.2019930 0.2340020 0.0201713
v -0.6581180 -0.4791720 0.1854666
v -0.1355090 -0.1547570 0.3456715
v 0.2448889 -0.4343480 -0.5569545
v 0.4585119 -0.7984160 -0.5253225
v 0.2163490 0.1207590 0.1184985
v 0.2451139 -0.3820930 -0.5683755
v -0.6652420 -0.0345897 0.0705702
v 0.2477829 -0.3507010 -0.5763435
v 0.2534279 -0.3276350 -0.5797595
v 0.3563849 0.0439237 -0.4660865
v -0.3266991 -0.8419310 -0.6060644
v 0.2435889 -0.2782540 -0.5729845
v 0.2365419 -0.2527130 -0.5827645
v -0.2420770 -0.1910870 0.3814296
v -0.0945862 -0.2457580 0.4467825
v 0.2215129 -0.2032230 -0.5890545
v 0.2375449 -0.1861090 -0.5826474
v 0.3837819 -0.9769580 -0.3842485
v 0.2419699 -0.1427020 -0.5659695
v -0.5266360 0.1061350 0.0732155
v 0.3650500 0.5383281 -0.1240745
v 0.2511239 -0.1035290 -0.5452435
v 0.2475849 -0.0796279 -0.5317345
v 0.6142820 -0.8810160 -0.1896675
v -0.3814450 0.1410710 0.1347016
v -0.3805210 0.1562400 0.1158465
v 0.2922710 0.7940230 0.1114965
v -0.3227451 -0.9668961 -0.2467805
v 0.2315569 0.0384622 -0.4609365
v 0.3207410 0.7617910 0.1040365
v -0.0875249 -0.9223270 -0.2840835
v 0.7794580 -0.5165620 -0.0860097
v 0.2371189 0.1123450 -0.4110105
v -0.2591431 -0.6559980 -0.7242755
v 0.5457030 -0.5547990 0.1176295
v 0.7637040 0.5406100 0.1037885
v 0.7568230 0.4802530 0.1144884
v -0.8105370 -0.3749860 -0.1117664
v 0.7420030 0.4516090 0.1016864
v 0.1677490 0.1549490 0.0637180
v -0.7817860 -0.1702770 -0.0739546
v -0.1656680 0.1484460 0.1312195
v 0.5138690 -0.7350841 -0.0812463
v 0.1775040 0.1649630 0.0419374
v 0.0590585 -0.1928340 -0.6399615
v -0.4536270 0.0344791 0.1777426
v -0.7890850 -0.3494540 -0.0236209
v -0.7983820 -0.3193810 -0.0612729
v -0.3205201 -0.5254560 -0.7295895
v 0.7977910 -0.1519370 0.0984863
v 0.8148590 -0.1951570 0.0977691
v 0.6631920 -0.4690760 0.1533265
v 0.8132090 -0.2437120 0.0986416
v -0.3738621 0.1299080 -0.4720055
v -0.3950331 0.1266160 -0.4682845
v 0.8144590 -0.2831830 0.0902021
v 0.8072810 -0.3073950 0.1010221
v 0.2000500 0.1333900 0.0988321
v 0.9546010 0.1251890 -0.1046776
v 0.2550770 0.7737180 -0.0289680
v -0.5425860 -0.1563030 0.2390406
v 0.2161980 0.7943760 0.0038702
v 0.8505919 0.4489250 -0.5316796
v -0.0737020 0.0486714 0.2078335
v 0.8990040 0.4074330 -0.1298326
v -0.0627894 0.0332909 0.2176045
v 0.9599360 0.4759200 -0.2510096
v -0.0519403 0.0133264 0.2299375
v 0.2984960 -0.9724270 0.0035233
v 0.9427479 0.2749350 -0.5239475
v -0.0560264 0.1598820 0.0951098
v 0.0826019 -0.9146920 -0.4992615
v -0.1175620 0.1920820 0.0926971
v 0.2476729 -0.8115420 -0.5360554
v -0.6093880 0.0266991 0.0861534
v 0.4452830 -0.9201970 0.1303545
v 0.0074688 -0.5234580 -0.7135925
v 0.5348600 -0.5983810 0.0655323
v 0.0702789 0.1392340 0.1044755
v 0.1983340 0.0861838 0.1598805
v 0.2225999 -0.7270290 -0.5046965
v 0.2311079 -0.6993340 -0.5115864
v -0.0325251 0.9049520 0.3396705
v 0.2280749 -0.6522880 -0.5229034
v -0.0488824 0.9293031 0.3466815
v -0.2772310 -0.9729429 0.1906095
v 0.2262719 -0.6063020 -0.5342515
v 0.1508080 -0.9853170 0.3286235
v -0.3682330 0.2074270 0.0415225
v -0.1348061 -0.9637200 -0.6275955
v 0.2681800 0.8070810 0.1248585
v 0.2230699 -0.5113840 -0.5495135
v 0.2140989 -0.4812520 -0.5480835
v 0.2305289 -0.4584240 -0.5554265
v 0.2553340 -0.9515160 0.3699635
v -0.6697170 -0.1706900 0.1398276
v -0.6585760 -0.1445240 0.1474206
v 0.2314339 -0.4082880 -0.5561825
v 0.7713630 0.5608050 0.1007297
v 0.7595010 0.5133260 0.1083314
v 0.2237449 -0.3571300 -0.5624365
v 0.7369020 0.4581880 0.1310365
v 0.6766410 -0.8736520 -0.0392860
v 0.2231689 -0.2969210 -0.5693185
v 0.2767780 -0.9440460 0.0380683
v -0.6305100 -0.0757104 0.1452716
v 0.2286539 -0.2278130 -0.5895364
v -0.6095310 -0.0768657 0.1619626
v 0.1908050 0.0049589 0.2157625
v 0.1973580 -0.0205890 0.2275265
v 0.2280469 -0.1633560 -0.5782984
v -0.3996560 0.1473760 0.1164315
v 0.7991610 -0.1802750 0.1087715
v 0.2319139 -0.1186170 -0.5570195
v 0.8001390 -0.2044850 0.1156124
v 0.7978890 -0.2293330 0.1180815
v 0.8022259 -0.3298760 0.1049784
v 0.1323770 0.1402560 0.0896489
v 0.2222899 -0.0151262 -0.5030375
v 0.2249349 0.0040894 -0.4893905
v 0.7889480 -0.3480540 0.1140814
v 0.7695220 -0.3914250 0.1056304
v 0.7710650 -0.3690390 0.1187994
v -0.1580850 -0.2499840 0.4392425
v 0.2361299 0.0843569 -0.4285415
v -0.1987410 -0.1701250 0.3652485
v -0.7185790 -0.8535870 0.0277705
v -0.9396140 -0.7756070 -0.1574504
v 0.0332459 -0.1935750 -0.6723515
v -0.4541910 -0.0935927 0.2490976
v -0.9141780 -0.7929291 -0.1104334
v -0.3292330 0.2354430 0.0099417
v 0.3899460 0.7105449 0.0616100
v 0.1871220 0.8715611 0.1469465
v 0.7694679 0.5574430 0.1207044
v 0.0609480 0.9297870 0.1453795
v 0.7571740 0.5349340 0.1276635
v 0.7604360 0.5075880 0.1357345
v -0.3427701 -0.6527570 -0.6960505
v 0.7504480 0.4826720 0.1470325
v -0.8249061 -0.7007520 -0.4259634
v -0.8438531 -0.6841331 -0.4159674
v -0.1716510 -0.2010420 0.4095376
v -0.0663724 0.1303830 0.1424215
v -0.0435393 0.1333520 0.1285615
v 0.2858169 -0.9718510 -0.5145875
v -0.1114340 0.2139720 0.0532370
v -0.1382110 0.2139000 0.0635202
v 0.6883540 -0.8911340 -0.0593041
v 0.1474650 0.1278210 0.1075915
v 0.2358320 0.7917780 -0.0127521
v 0.2113850 0.8359981 0.0181628
v 0.0379653 -0.9779580 0.2472245
v 0.7792360 -0.1653050 0.1232674
v 0.7933500 -0.2548620 0.1186604
v 0.5860650 0.5064681 0.1031365
v 0.8896270 -0.0028590 -0.1150216
v 0.7939860 -0.2846250 0.1176644
v 0.8972590 0.0174155 -0.0999766
v 0.7869740 -0.3198100 0.1253334
v 0.1101880 0.1381440 0.0945874
v 0.3656719 0.1952590 -0.3253605
v 0.2099319 0.1221770 -0.3951365
v 0.3720790 0.2168580 -0.3233675
v -0.0775667 0.2435120 -0.2993325
v 0.7694510 -0.3473760 0.1336894
v 0.7533230 -0.3701410 0.1367275
v -0.3926940 -0.9736060 0.1478435
v -0.4028070 -0.9723910 0.1744476
v -0.1364450 -0.2414270 0.4387635
v 0.2054969 -0.7505770 -0.5016545
v 0.9541290 0.4232360 -0.3347526
v -0.8063701 -0.6239491 -0.4094494
v -0.0175705 0.9511720 0.3193065
v 0.2812450 0.8193120 0.0990905
v 0.2168309 -0.6746460 -0.5114315
v -0.0232803 0.9314080 0.3307555
v -0.2213440 -0.0428363 0.2544686
v 0.2153299 -0.6267760 -0.5219924
v -0.2948760 0.2472340 -0.0053277
v -0.3192290 0.2452380 -0.0078003
v 0.2171229 -0.5829090 -0.5331285
v 0.1247920 0.1618150 0.0474183
v 0.2029259 -0.5298020 -0.5369545
v -0.3723290 -0.0902750 0.2510665
v -0.5225270 0.1346270 0.0361369
v -0.4436260 -0.0778819 0.2363456
v -0.4214890 -0.2565360 0.3377036
v 0.2171399 -0.4314410 -0.5519015
v 0.2049689 -0.4061490 -0.5493305
v -0.4407980 -0.2639040 0.3280846
v 0.2167449 -0.3836330 -0.5547814
v 0.2705010 -0.9662941 -0.2712855
v -0.5382220 0.1200350 0.0413662
v 0.2296739 -0.3266650 -0.5687515
v -0.4808350 -0.0734173 0.2175126
v 0.6487250 -0.9677540 0.0640870
v 0.2164909 -0.2715440 -0.5800555
v 0.2112319 -0.2461980 -0.5885115
v -0.2207410 0.1630430 0.1153735
v 0.7444869 0.4518010 -0.5830355
v -0.1335870 0.1856940 0.1034405
v 0.2177779 -0.1818390 -0.5869215
v -0.1574820 -0.2250520 0.4282335
v 0.1668510 0.8779089 0.1645695
v 0.2132559 -0.1384520 -0.5737735
v 0.1819090 0.8545930 0.1693735
v 0.1494050 -0.8051220 0.3110635
v 0.2257429 -0.0937682 -0.5450594
v 0.2209119 -0.0679105 -0.5314955
v 0.2199459 -0.0409069 -0.5172465
v 0.4382370 0.3061790 -0.0029693
v 0.7656320 0.5542730 0.1454015
v 0.5820440 0.5426670 0.1881225
v -0.8173680 -0.8431940 -0.0349169
v 0.8459690 -0.4310520 -0.2719055
v 0.2054029 0.0807074 -0.4328665
v -0.3876010 -0.9705210 -0.0334653
v 0.2158169 0.1003730 -0.4183275
v 0.1465780 -0.0436123 0.2588045
v 0.1222010 -0.0801701 0.2801605
v 0.4868369 -0.6824040 -0.2243425
v -0.1367801 -0.4931060 -0.7620075
v 0.1716460 0.5913390 0.1062695
v 0.1417130 0.1534330 0.0674198
v -0.7084420 -0.5715261 0.1266086
v 0.2065680 0.1704440 0.0460872
v -0.8314041 -0.6395930 -0.4159324
v -0.3027240 -0.9770200 0.2301745
v -0.8511221 -0.6602030 -0.4129414
v 0.2128080 0.1876540 0.0145769
v -0.9454860 -0.5269810 -0.0723807
v 0.6696860 0.5359840 0.5735255
v 0.6475480 0.5485160 0.5927034
v 0.7828730 -0.1899190 0.1301174
v 0.2233730 0.8169140 0.0010692
v 0.0927100 -0.9196171 0.1907575
v -0.4561081 -0.9639790 -0.2466904
v 0.7821770 -0.2141420 0.1361764
v 0.6435370 0.3941940 0.0884288
v 0.7786790 -0.2400490 0.1395264
v -0.0049976 0.9837530 0.2593675
v 0.7767300 -0.2675490 0.1410394
v -0.0064056 0.9616110 0.2399295
v 0.7638430 -0.3251680 0.1502715
v 0.7503500 -0.3514560 0.1542385
v 0.7355730 -0.3753630 0.1550995
v 0.6806140 0.3971330 0.0899894
v 0.6620370 0.3867660 0.0867873
v -0.4183980 0.0972000 0.1554416
v 0.1936869 -0.7236310 -0.4945865
v -0.3236370 0.2263250 0.0311696
v 0.2062139 -0.6985770 -0.5016265
v 0.8537439 0.4275970 -0.5520975
v 0.2211330 0.0862423 0.1570735
v 0.2026869 -0.6492120 -0.5113314
v 0.2058600 0.1022550 0.1407935
v 0.1724939 -0.8198251 -0.6351435
v 0.2039609 -0.6019830 -0.5208654
v 0.0396033 -0.9179820 0.1358635
v 0.2097959 -0.5575590 -0.5348085
v 0.3495610 -0.8408999 0.1491025
v 0.3638950 -0.8641300 0.1551785
v 0.1955099 -0.5010310 -0.5373195
v 0.0828118 -0.0516837 0.2696535
v 0.2020909 -0.4529500 -0.5458494
v 0.0623597 -0.0484329 0.2689435
v 0.2597750 -0.6181390 0.1479835
v 0.0782299 -0.0289619 0.2594785
v 0.1942269 -0.3854490 -0.5508345
v 0.1982979 -0.3633080 -0.5531495
v 0.7558740 0.5301670 0.1530585
v 0.2037619 -0.3365700 -0.5572594
v 0.6059770 -0.9124240 0.0745359
v 0.7596260 0.5059170 0.1623125
v 0.7472380 0.4860730 0.1753184
v 0.8185450 -0.4726880 -0.2596335
v -0.5273560 -0.1744210 0.2511436
v 0.3999909 -0.9718590 -0.4497925
v -0.0857631 -0.9000090 -0.6576185
v 0.1968799 -0.1934980 -0.5910205
v 0.4744769 -0.8276560 -0.5726755
v 0.2049279 -0.1649410 -0.5865115
v 0.5825170 0.6728500 0.3941145
v -0.9253520 -0.5202070 -0.0649816
v 0.2059319 -0.1101330 -0.5609595
v -0.0227479 -0.1751820 0.3720945
v 0.0243535 -0.2419470 0.4464105
v 0.0261084 -0.2056400 0.4110785
v -0.7016080 -0.5995600 0.1235476
v 0.5291910 0.4231030 0.0150251
v 0.2150239 0.0206931 -0.4777145
v 0.1895129 0.0238928 -0.4793575
v 0.7728050 -0.2963810 0.1445064
v 0.7519900 -0.3040160 0.1651205
v 0.1072380 -0.9224150 0.0498101
v 0.8761639 0.4065600 -0.5528875
v -0.4325260 -0.0962940 0.2564515
v -0.4144690 -0.1132410 0.2677625
v -0.8991870 -0.7954620 -0.0714413
v -0.5503471 -0.8520041 -0.4967344
v -0.6326520 0.0628229 -0.0022845
v -0.6748350 -0.4808560 0.1643746
v -0.6851690 -0.4535250 0.1494816
v -0.4136130 -0.3155610 0.3606516
v -0.3399920 0.2126910 0.0484245
v -0.9175950 -0.7714590 -0.0637323
v 0.1923830 0.7677960 0.0527602
v -0.7876350 -0.3246140 -0.0115220
v -0.5518690 -0.9203870 0.0174670
v 0.0195103 -0.1514290 0.2993415
v -0.3997521 -0.6127710 -0.6748974
v -0.3917431 -0.5913640 -0.6884404
v 0.1337090 0.1694220 0.0244100
v -0.2718261 -0.0300815 -0.5576235
v 0.6198810 -0.5861210 0.0464242
v -0.2753041 -0.3908390 -0.7381124
v 0.1405160 0.1758170 0.0012953
v -0.5434170 -0.0316234 0.1693056
v 0.3761820 -0.8901330 0.1641015
v 0.3472170 0.4975760 0.0321544
v 0.3867060 -0.9043829 0.1487965
v 0.1996280 0.8087220 0.0171033
v 0.3958230 -0.9272150 0.1451085
v 0.1466990 0.8825051 0.1824875
v 0.7803610 0.5987630 0.1745354
v 0.7745460 0.5754310 0.1607724
v 0.7037560 0.5252759 0.5291335
v 0.6535920 -0.8471490 -0.0766966
v -0.0652700 0.2340460 -0.3224085
v -0.1806870 -0.9334300 -0.1865895
v 0.7565160 0.5259020 0.1741005
v 0.7588230 0.5084780 0.1870875
v 0.7309150 0.4689620 0.1911935
v 0.1114790 -0.9229850 0.0209875
v 0.3250940 0.5610310 0.0831095
v 0.3017660 -0.0652672 0.2439505
v 0.9100810 -0.2984390 -0.2878196
v 0.1647199 -0.7210240 -0.4873275
v -0.5510620 -0.0508222 0.1781106
v -0.5658220 -0.0429444 0.1655046
v 0.1917369 -0.6728330 -0.5011295
v -0.0220087 -0.1222970 0.2857565
v 0.1010290 -0.2695790 0.4398795
v 0.1908649 -0.6237490 -0.5105045
v 0.0944292 -0.2454480 0.4262025
v 0.1927879 -0.5765840 -0.5209944
v 0.1940830 -0.8391100 0.3409805
v -0.2807880 0.2365910 0.0193443
v 0.7465640 -0.5322040 -0.0299624
v 0.0277913 0.1336950 0.1104945
v -0.4678671 -0.7403769 -0.6096864
v 0.1856919 -0.4730270 -0.5376995
v -0.0764315 0.0183241 0.2348125
v 0.1901449 -0.4264580 -0.5454335
v -0.2786420 0.1701900 0.1152155
v 0.1794219 -0.4014810 -0.5514824
v -0.2726850 0.0456681 0.2331755
v -0.2779480 -0.1420810 0.2808886
v -0.2985600 0.0480385 0.2265935
v 0.2067629 -0.3130190 -0.5635985
v 0.1939329 -0.2915300 -0.5760105
v 0.3522379 -0.9686390 -0.2752495
v 0.1919019 -0.2613690 -0.5844395
v -0.3093100 0.0704867 0.2094826
v 0.2046999 -0.2214830 -0.5892445
v -0.4311550 -0.2808070 0.3428865
v 0.1650259 -0.9238800 -0.4556695
v 0.1885390 -0.7254510 0.1535195
v -0.4479500 0.0600288 0.1671936
v 0.1911519 -0.1484510 -0.5839134
v 0.1867229 -0.1275340 -0.5749575
v 0.3344080 -0.8298500 0.1650475
v 0.1983879 -0.0835882 -0.5485015
v 0.3484050 -0.8507640 0.1723465
v 0.1892299 -0.0531239 -0.5335735
v 0.1950559 -0.0237194 -0.5140045
v 0.1994039 0.0019576 -0.4953075
v 0.8496939 0.0001557 -0.4800245
v 0.3607560 -0.8743280 0.1808465
v 0.7483390 -0.0059141 0.0841879
v 0.8033269 -0.0201280 -0.4474185
v -0.4294800 -0.9680400 -0.3460095
v 0.1522730 0.6046020 0.1194065
v 0.1113490 0.6150180 0.1219855
v -0.0939035 -0.1499840 0.3313495
v -0.6697380 -0.5954220 0.1611406
v 0.7720500 0.5764520 0.1869624
v 0.4306700 0.6975451 -0.0569747
v 0.2936960 0.2216910 -0.0021821
v 0.0456916 0.1614200 0.0738655
v -0.7992500 -0.2306300 -0.1532124
v -0.6144430 0.0860825 -0.0106704
v 0.0036820 0.1605490 0.0771639
v 0.2865080 0.2257140 -0.0239937
v -0.0311416 0.2137320 -0.0018655
v 0.4045500 0.3213650 -0.1004835
v -0.0429395 -0.2404100 0.4495525
v 0.5850100 0.5879180 0.1885515
v 0.6114060 0.2403610 0.0925602
v -0.4161761 -0.5279670 -0.6888584
v -0.3990471 -0.5068901 -0.7007964
v 0.8890110 0.0197656 -0.0801773
v -0.8261741 -0.5855130 -0.3880644
v 0.0536180 0.9695930 0.2167455
v -0.3927540 -0.0696152 0.2349155
v 0.5463459 -0.8733090 -0.3145486
v -0.7022980 -0.4303280 0.1330536
v 0.0579571 0.1121870 0.1368945
v 0.9286050 0.5282950 -0.1951666
v 0.3577290 0.5178320 0.0482993
v 0.0397096 0.0944676 0.1553235
v 0.2039930 -0.6175880 0.1813535
v 0.1868130 0.8343130 0.0284245
v 0.1763510 0.8568830 0.0395285
v -0.6093320 -0.5493300 0.2299956
v 0.1973420 -0.6422980 0.1763345
v 0.1913550 -0.6706870 0.1668775
v 0.1778430 -0.7303430 0.1794895
v 0.3319360 -0.8379380 0.1877155
v 0.0172154 0.2173840 -0.2828295
v 0.5745040 0.6208190 0.3888884
v -0.9362860 -0.5100470 -0.0867823
v 0.3720740 -0.8996660 0.1911495
v 0.3869930 -0.9209009 0.1728195
v 0.5974780 0.7600369 0.7660934
v 0.3953360 -0.9511189 0.1637175
v 0.1804979 -0.6962850 -0.4919965
v 0.0981486 -0.0149860 0.2483785
v 0.0868403 0.9409519 0.2006325
v 0.9677609 0.0793041 -0.4672576
v 0.9344580 -0.2453410 -0.2550276
v 0.1104370 0.8841560 0.2183325
v 0.1786249 -0.5995300 -0.5099854
v 0.7352540 0.5211281 0.3978024
v 0.7806579 0.5963970 0.1968254
v 0.1833419 -0.5486850 -0.5231894
v 0.1756459 -0.5199521 -0.5271645
v 0.6193459 -0.9588190 -0.3595645
v 0.1670269 -0.4924520 -0.5317175
v 0.1569579 -0.4671010 -0.5422605
v 0.3287580 -0.9828720 -0.0266286
v 0.4807920 -0.8337801 -0.2217935
v 0.3023810 -0.7326940 0.1235155
v -0.5032540 0.1503680 0.0286593
v 0.1747549 -0.3746510 -0.5630045
v -0.2147310 0.0288451 0.2345355
v 0.1792159 -0.3462290 -0.5626305
v 0.1842209 -0.3194870 -0.5670035
v 0.7432050 -0.4824630 0.0741226
v 0.3561699 -0.9640880 -0.5675135
v 0.3454709 -0.9698880 -0.5408376
v 0.1916209 -0.2386450 -0.5869114
v -0.5094870 0.0419725 0.1456006
v 0.1811309 -0.2191550 -0.5885195
v -0.5208190 0.0587841 0.1275666
v 0.1810539 -0.1691790 -0.5917405
v 0.1698549 -0.1477060 -0.5829614
v 0.0364832 -0.1306110 0.2913375
v -0.0142048 -0.2732040 0.4668045
v -0.1731910 -0.9156350 -0.0019071
v -0.8827510 -0.5014640 -0.0789342
v -0.0384428 -0.2662230 0.4637115
v 0.9041900 0.5466570 -0.2242156
v 0.1727829 -0.0071202 -0.5052085
v -0.5946760 -0.1458180 0.1947026
v 0.4905970 -0.8210760 -0.1964145
v 0.1782419 0.0439693 -0.4657625
v 0.1919359 0.0615922 -0.4499545
v -0.1826060 -0.1343840 0.2964895
v 0.1916440 0.0989161 -0.4166095
v 0.5833980 0.6984220 0.6430655
v -0.7940720 -0.2235170 -0.2052114
v -0.9985940 -0.6011200 -0.1962064
v -0.6589860 -0.6154090 0.1706016
v -0.1211490 0.0581296 0.2040975
v 0.3745760 0.4826250 -0.1123585
v -0.2173800 0.2230430 0.0373823
v 0.7658409 0.6012280 0.0949918
v -0.7651040 -0.1126710 -0.1230744
v -0.1810550 -0.9134060 0.0534851
v -0.9609080 -0.5955811 -0.0561611
v 0.2121120 -0.5925850 0.1861655
v 0.9331990 0.3287070 -0.1388896
v -0.3172190 -0.2038130 0.3614205
v 0.1874560 -0.6578979 0.1980315
v 0.1808800 -0.6850920 0.1974585
v 0.1757140 -0.7128990 0.2004575
v -0.4595311 -0.1136830 -0.6072734
v -0.1219401 -0.3041440 -0.7526895
v 0.1730000 -0.7359591 0.2021355
v 0.1792640 -0.7553411 0.1897255
v 0.0137774 -0.9209810 0.0112372
v 0.3555340 -0.8822850 0.2066845
v -0.4901710 0.1897280 -0.0355607
v 0.0701401 0.9482440 0.2202925
v 0.0821533 0.9236510 0.2240995
v 0.1067130 0.9128060 0.2018475
v -0.0727939 0.7027560 0.1921585
v 0.4563730 -0.9396540 0.1344585
v 0.7547830 0.5616750 0.2012735
v 0.7546500 0.5339390 0.1945354
v 0.7582000 0.5149920 0.2122815
v 0.8159420 -0.4950250 -0.1257166
v 0.7932720 -0.5159090 -0.1304876
v 0.7454010 0.4976830 0.2287515
v -0.3399141 0.2694580 -0.1912805
v 0.1783069 -0.7467500 -0.5011865
v 0.6396539 0.5073730 -0.5117986
v 0.2395240 0.5404650 0.0530039
v 0.7295180 0.4762420 0.2186795
v 0.9577999 0.2754930 -0.3792606
v 0.1704259 -0.6732700 -0.4925935
v 0.1749479 -0.6473850 -0.4999795
v 0.1225200 -0.9416580 0.3590235
v 0.1691829 -0.6213120 -0.5032744
v 0.1170100 -0.8944830 0.3572005
v 0.1444990 -0.8893059 0.3611085
v 0.1603729 -0.5732380 -0.5110825
v 0.9483689 0.2986640 -0.3667206
v 0.2441249 -0.9743429 -0.3787155
v 0.1603980 -0.9106110 0.3649375
v -0.0380243 0.0317593 0.2160445
v -0.9235930 -0.7838770 -0.2688934
v -0.0270612 0.0118653 0.2303165
v 0.6489320 0.6246580 0.6914465
v -0.0729614 0.8690161 0.3610525
v 0.6255990 0.6170520 0.6910245
v -0.0449017 -0.1599690 -0.6654785
v -0.0208779 -0.1751340 -0.6818755
v 0.8755200 -0.4058360 -0.1605166
v -0.0417256 0.7061590 0.2276765
v -0.5201530 -0.6184080 0.3008466
v -0.2489361 -0.8178720 -0.6439235
v -0.1373930 0.2000370 0.0866581
v 0.2121620 -0.5487911 0.2158055
v 0.2054980 -0.5803370 0.2108825
v 0.1995550 -0.6074300 0.2064545
v 0.1932420 -0.6324670 0.2018235
v 0.8734140 -0.0035609 -0.3293036
v 0.1732950 -0.6982780 0.2248855
v 0.2257990 -0.7789760 0.1556265
v 0.4831010 0.6255800 0.0008723
v -0.4240060 -0.9206899 0.2455366
v 0.1685569 -0.3042420 -0.5842055
v 0.3444060 -0.8591380 0.1965455
v 0.1717729 -0.2447070 -0.5849764
v 0.1691839 -0.2740500 -0.5851104
v 0.4150299 -0.9713550 -0.4693875
v 0.3658810 -0.9061230 0.2182565
v -0.2679200 -0.9240741 0.0318996
v 0.1687099 -0.1953710 -0.5949684
v 0.3805510 -0.9517900 0.2153815
v 0.3788490 -0.9264820 0.2031315
v 0.3885680 -0.9501970 0.1903165
v 0.0530291 0.9530650 0.2401355
v -0.1596620 0.2058810 0.0772436
v -0.2525671 -0.1265390 -0.6153694
v -0.1843220 0.2088040 0.0675530
v 0.1536309 -0.0537605 -0.5385975
v 0.1655949 -0.0298090 -0.5222355
v 0.9719329 0.1933660 -0.4790366
v 0.7832830 0.6339850 0.2201404
v 0.7828410 0.6067100 0.2171134
v 0.7705360 0.5829690 0.2117774
v 0.7511300 0.5421580 0.2196075
v 0.9360819 0.3153570 -0.4361076
v 0.4296980 0.4467950 -0.1739145
v -0.0122476 -0.9195240 0.0272120
v 0.9292440 -0.2286070 -0.2912716
v 0.1811860 -0.6460010 0.2224745
v 0.1769170 -0.6710410 0.2229435
v 0.6284330 0.4240060 0.1297425
v -0.7191120 -0.0478310 -0.0375209
v 0.1694190 -0.7280509 0.2264295
v 0.3088470 -0.8274159 0.2227595
v -0.9678930 -0.5733050 -0.0737534
v 0.6174979 0.0576072 -0.5806115
v 0.3282050 -0.8435910 0.2111715
v 0.8948030 -0.3739260 -0.2122746
v 0.4990189 -0.6445800 -0.3272295
v 0.6156960 0.7532181 0.7555044
v 0.0655365 0.9332340 0.2386405
v 0.2444190 -0.5587090 0.1774435
v 0.4317260 -0.8928800 0.1250555
v -0.3166541 0.0569852 -0.5260135
v 0.8023130 0.5503030 -0.0584232
v 0.1653829 -0.4226210 -0.5564694
v -0.3015631 0.0388143 -0.5384175
v 0.4031390 -0.9003310 0.1328925
v -0.1141440 -0.2357010 0.4394005
v 0.7842880 0.6186780 0.2418384
v 0.1517059 -0.9382970 -0.5075715
v 0.7556890 0.5230070 0.2381725
v 0.4573619 -0.7584831 -0.3846165
v -0.1286730 0.0778431 0.1894415
v -0.7119830 -0.0169291 -0.2303654
v -0.0561793 -0.1914410 -0.7077205
v 0.4302540 -0.9712970 -0.4896035
v -0.0766074 -0.1449600 0.3137205
v 0.1681399 -0.8364720 -0.6572965
v 0.9870970 0.1942030 -0.2002456
v 0.1528229 -0.8142461 -0.6479164
v 0.5145640 -0.8420100 -0.3275585
v 0.2125570 -0.5273900 0.2317455
v 0.8445830 -0.4473580 -0.1414366
v 0.1973530 -0.5695320 0.2361515
v 0.6290560 -0.9691100 -0.2072385
v 0.8824119 0.0161898 -0.3460746
v 0.1865870 -0.6223350 0.2265735
v 0.1543139 -0.6908320 -0.4878685
v 0.9835100 0.2242780 -0.2042586
v -0.7904950 -0.3562300 -0.3238624
v 0.1502839 -0.6619550 -0.4918125
v -0.7005851 -0.2027510 -0.4617554
v 0.1497959 -0.6334940 -0.4965285
v 0.1524079 -0.6053320 -0.5026425
v 0.3240850 -0.8458290 0.2373505
v 0.3409490 -0.8640250 0.2223665
v 0.1531549 -0.5405390 -0.5208315
v 0.1471669 -0.5130050 -0.5311295
v 0.3532460 -0.8861049 0.2340535
v 0.0331240 0.9557130 0.2649215
v 0.0506944 0.9309530 0.2579565
v -0.7618130 -0.5508560 0.0141522
v 0.9020400 0.0311042 -0.3369616
v 0.7887020 0.0068698 0.0327067
v 0.5832020 0.5367050 0.2394015
v 0.5975870 0.8612010 0.7047275
v -0.0413759 -0.1484180 -0.6377264
v -0.2122921 0.1697480 -0.4613905
v 0.5269329 -0.8271240 -0.3680896
v 0.8240269 -0.0188396 -0.4046095
v -0.0628898 -0.9155300 0.1049035
v -0.3997560 0.2483360 -0.1109914
v -0.3847950 0.2474710 -0.0636718
v 0.7848710 0.6452640 0.2441864
v 0.9919320 0.1471950 -0.2100176
v 0.9749600 0.0759179 -0.2842886
v 0.7697880 0.6082900 0.2624134
v 0.8570000 0.5588050 -0.3168086
v -0.3702511 0.2596470 -0.2308165
v -0.8175180 -0.4779610 -0.0950975
v -0.4785200 0.2066360 -0.0805877
v -0.3323590 -0.9637030 0.2596155
v -0.8104970 -0.4565160 -0.0867117
v -0.3944570 0.2525710 -0.1375115
v -0.4161250 0.2432470 -0.1290044
v 0.7456660 0.5506690 0.2455085
v -0.0057012 -0.1965850 -0.7020265
v 0.0032119 -0.2157400 -0.7146415
v 0.4175420 0.3763920 -0.2037985
v 0.7526850 0.5308030 0.2641174
v 0.7293100 0.4830720 0.2454095
v 0.2129230 -0.9504650 0.3768805
v 0.2082730 -0.9717720 0.3708005
v 0.1904920 -0.9539100 0.3745895
v 0.1561339 -0.2220720 -0.5899994
v -0.5918780 -0.9673311 -0.1396484
v 0.9432859 0.3960260 -0.3697146
v 0.1555819 -0.1711480 -0.5897444
v 0.1295359 -0.1737230 -0.5827625
v 0.1450979 -0.1486420 -0.5780765
v 0.1611499 -0.1250970 -0.5731065
v 0.1511929 -0.1006790 -0.5645335
v 0.6038549 0.0332865 -0.5100026
v 0.9341469 0.3728340 -0.3534886
v -0.0925037 -0.1825720 0.3945435
v -0.0092401 -0.1482050 0.2979205
v 0.1459979 -0.0094837 -0.5114344
v 0.1544059 0.0097718 -0.4946775
v 0.1648989 0.0268691 -0.4795335
v -0.0281742 -0.6176240 -0.7055025
v 0.4764310 -0.7834220 -0.4410825
v 0.1666859 0.0631483 -0.4517105
v 0.0049289 0.1206380 0.1281115
v 0.2013440 -0.5445960 0.2451515
v -0.0944105 0.7469190 0.2393655
v 0.1911870 -0.5614650 0.2580645
v 0.1853490 -0.5843240 0.2574325
v 0.1758920 -0.6361541 0.2425975
v -0.3891791 0.1893370 -0.4150214
v -0.9855820 -0.6053030 -0.1042574
v 0.1704360 -0.6573040 0.2453425
v 0.1662270 -0.6835070 0.2490885
v -0.9806500 -0.6247830 -0.0886563
v 0.1629800 -0.7338700 0.2506675
v 0.1649990 -0.7529711 0.2396535
v 0.4110470 0.3448600 -0.1073795
v 0.2079120 -0.7863550 0.2255795
v 0.5835740 0.6139020 0.2291945
v 0.5927250 0.6409830 0.2386605
v 0.5809580 0.6972620 0.6917735
v 0.9044300 -0.0737396 -0.2647756
v 0.2828510 -0.8160250 0.2307035
v -0.4461820 0.2220830 -0.2736635
v 0.0000862 0.7412330 0.2449135
v 0.3371660 -0.8677160 0.2491325
v 0.3731120 -0.9308330 0.2299625
v -0.1336790 -0.9753360 0.2814665
v -0.4533971 -0.1352560 -0.6175885
v 0.0458385 0.9059170 0.2704155
v -0.4505340 0.0190902 -0.5092954
v -0.6607360 -0.7478480 0.0709697
v -0.2809880 0.1131850 0.1782786
v 0.2072450 0.0679653 0.1783695
v 0.5477830 -0.8716429 -0.2272995
v 0.5838220 0.6815130 0.5261654
v 0.9397690 0.1654650 -0.0798692
v 0.1510540 0.8991700 0.0738579
v 0.7802290 0.6658530 0.2463604
v 0.7857600 0.6328720 0.2663295
v 0.9929860 0.1729580 -0.2238446
v -0.2335261 -0.8019950 -0.6610235
v 0.7469920 0.5835860 0.2559735
v 0.4356669 0.0487954 -0.4645825
v 0.6311780 -0.5194780 0.1174965
v 0.5755020 0.7078770 0.7385425
v -0.8087960 -0.4130940 -0.2585914
v -0.8098330 -0.4087090 -0.2356274
v 0.9371239 0.3211190 -0.3527076
v 0.9707889 0.2504030 -0.3663516
v 0.4183570 0.3405420 -0.2774035
v 0.0020901 0.6815270 0.1913725
v -0.5166010 -0.8994460 0.0590058
v 0.6179370 0.5125580 0.3948915
v 0.2277710 -0.4645560 0.2519495
v 0.1440789 -0.8336771 -0.6668445
v 0.2177200 -0.4906330 0.2540775
v -0.9546680 -0.7475640 -0.2519134
v 0.2070360 -0.5169359 0.2552305
v -0.6268141 -0.8763061 -0.3836904
v 0.2799739 -0.9691449 -0.5416005
v 0.6352121 0.7502990 0.3910555
v 0.1778050 -0.6145780 0.2556005
v 0.0511717 0.7146950 0.1178935
v 0.1651270 -0.7113100 0.2510205
v -0.6825200 -0.0845194 0.0953912
v 0.1249480 -0.9248040 -0.3734375
v 0.2186990 -0.8039250 0.2693135
v -0.3674900 -0.2604590 0.3736335
v 0.0187540 -0.9727480 0.2353175
v -0.2323680 0.2119840 0.0558593
v 0.1318109 -0.5637530 -0.5245565
v -0.3796670 -0.2404140 0.3589335
v 0.3177330 -0.8523220 0.2631945
v 0.3473050 -0.8912359 0.2609335
v 0.3630210 -0.9101170 0.2458565
v 0.7825180 0.7975620 0.4848095
v 0.3677770 -0.9358820 0.2556125
v -0.0627010 -0.9601860 0.3090045
v 0.1183039 -0.5631390 -0.5431625
v 0.0863748 -0.9265060 -0.2972805
v -0.6602211 -0.7434911 -0.4382434
v 0.0724494 -0.9253891 -0.3187795
v -0.3520501 0.2634820 -0.2497275
v 0.0100532 0.9710340 0.2797465
v 0.9400100 0.2629240 -0.0895732
v 0.7008760 0.7186280 0.2243975
v -0.3180791 0.2561390 -0.3163375
v -0.2235210 0.1968330 0.0771610
v -0.2996390 0.2514010 -0.3379925
v 0.0315491 0.9264290 0.2802165
v -0.3662741 0.2618010 -0.2038095
v 0.0121747 -0.1942050 0.3961635
v 0.9899780 0.2083120 -0.2274306
v 0.0146405 -0.0365701 0.2641005
v 0.9599130 0.3004220 -0.2313226
v 0.6710430 0.7240551 0.2558635
v -0.2524230 0.0653505 0.2233015
v -0.2806320 0.0682128 0.2188735
v -0.2927620 0.2288800 -0.3826644
v -0.0790034 0.1884870 0.0781953
v -0.6403721 -0.2684350 -0.5578334
v -0.3880371 0.2538150 -0.2134805
v -0.5694331 -0.8977680 -0.4089264
v -0.4115380 0.2463000 -0.1544225
v 0.7856850 0.6596650 0.2659574
v 0.7415520 0.5572031 0.2716615
v -0.2380620 -0.9412720 -0.0321937
v 0.6365229 0.5696040 0.0002589
v 0.1314219 -0.2236100 -0.5973315
v -0.0851974 0.2047520 0.0570530
v -0.0666711 0.1487890 0.1167385
v -0.0750309 0.1690750 0.0966101
v -0.3376920 0.1834650 0.0887543
v 0.1190059 -0.1464400 -0.5848165
v 0.1352169 -0.1229680 -0.5759845
v -0.6875041 -0.2710860 0.1807386
v 0.1239499 -0.0977276 -0.5698944
v -0.2791291 -0.1389930 -0.6355335
v 0.1232029 -0.0515513 -0.5448335
v 0.1360779 -0.0303732 -0.5283405
v -0.4641310 -0.0252529 0.1929636
v -0.4791040 -0.0141802 0.1841066
v -0.0577417 0.1763700 0.0786569
v 0.1391049 0.0301645 -0.4812355
v 0.2246060 -0.4459900 0.2729225
v 0.1454519 0.0644409 -0.4519645
v 0.2069220 -0.5002440 0.2746655
v 0.1389349 0.0975103 -0.4224635
v -0.6980020 -0.5535440 0.1481546
v 0.1935110 -0.5427740 0.2709735
v -0.9410120 -0.7600020 -0.2748114
v -0.3479210 0.1704400 0.1058425
v -0.9739460 -0.6975470 -0.2565454
v -0.9243450 -0.7002910 -0.0214206
v 0.4177110 0.3602830 -0.0905206
v 0.1668290 -0.6412030 0.2652125
v 0.0196247 -0.9827141 0.2670095
v -0.3597820 0.1560590 0.1253245
v -0.1840530 0.0954610 0.1807195
v -0.1842970 0.1146240 0.1616565
v -0.3386620 0.1624410 0.1223675
v 0.5521079 -0.9517710 -0.6029956
v 0.1574840 -0.7508980 0.2630115
v 0.1968020 -0.8134270 0.3082805
v -0.0875467 0.0368298 0.2218495
v 0.3268710 -0.8756630 0.2723335
v 0.0077247 -0.0126007 0.2474245
v -0.0166441 -0.0110908 0.2423905
v 0.5817030 0.7206640 0.6474015
v -0.2634160 0.0827402 0.2101755
v -0.3271030 0.2002820 0.0718297
v -0.3550430 0.1935050 0.0684667
v 0.0073996 0.1904410 0.0258056
v -0.1705180 -0.1441000 0.3203636
v -0.1844830 -0.1559320 0.3429725
v -0.1963120 -0.1455220 0.3196785
v 0.7845110 0.6790540 0.2864414
v -0.0741814 0.0667621 0.1951985
v 0.7880310 0.6501980 0.2930084
v 0.7723800 0.6239920 0.2868814
v 0.7369590 0.5814130 0.2813215
v -0.0649324 0.7883250 0.2320735
v 0.7326350 0.5661420 0.3228885
v 0.5199370 -0.7861210 -0.0018402
v 0.7471400 0.5375100 0.2894145
v 0.6005179 0.5357701 -0.4735025
v 0.7478920 0.5177840 0.3073305
v 0.7322839 0.4949010 0.3004835
v 0.1195859 -0.8316940 -0.6746855
v -0.2679161 -0.9142570 -0.3718375
v 0.1299679 -0.8098830 -0.6583335
v 0.9611640 0.0815514 -0.3381336
v 0.9691929 0.1114110 -0.3627516
v -0.0809954 -0.9754220 0.2886425
v 0.9025170 0.5421880 -0.3039756
v -0.6907601 -0.1758020 -0.4568984
v 0.2277460 -0.4030510 0.2844625
v 0.2242880 -0.4264280 0.2911185
v 0.2145490 -0.4745650 0.2800745
v 0.9261370 -0.2035070 -0.3020326
v 0.1970760 -0.5204420 0.2843705
v 0.1314209 -0.6816159 -0.5010885
v 0.1828120 -0.5675490 0.2825625
v -0.1854071 -0.2742670 -0.7458705
v 0.1730150 -0.5959300 0.2816325
v -0.8289170 -0.4805050 -0.1184204
v 0.1640820 -0.6231220 0.2857015
v 0.1586550 -0.6672060 0.2713075
v 0.1527850 -0.6985880 0.2785105
v 0.1547710 -0.7277110 0.2711865
v -0.0381608 -0.1432580 0.2978135
v -0.7093750 -0.2012000 0.1059006
v -0.8873681 -0.5567340 -0.3645394
v 0.6832400 0.5931470 -0.2551965
v 0.2383059 0.1618600 -0.3551885
v 0.4625790 0.4975100 -0.2928125
v 0.3188290 -0.1988340 0.2737345
v 0.5994850 0.5390480 0.3989275
v -0.4573891 0.1340610 -0.4427085
v 0.5884810 0.5486990 0.3717645
v -0.2753840 0.2156010 -0.4026664
v -0.2410890 0.2163410 -0.4038554
v 0.3076820 -0.8642250 0.2799265
v 0.3328990 -0.9006240 0.2830485
v -0.2356081 0.1978800 -0.4298654
v -0.6564070 0.0327349 -0.0048618
v 0.3531840 -0.9177800 0.2712475
v 0.4849890 -0.6867980 0.0535603
v -0.7947880 -0.3763790 -0.3142144
v -0.4221640 -0.9624140 0.1940715
v 0.9811619 0.1317480 -0.5214536
v -0.8932350 -0.8232321 -0.1941074
v 0.9608040 0.1488270 -0.1142046
v -0.1891840 -0.2261410 0.4220366
v -0.2011530 -0.2473950 0.4275596
v -0.2531320 0.1143970 0.1758725
v 0.3548650 -0.9761790 -0.3866295
v -0.2606120 0.1312600 0.1583565
v 0.0134848 -0.2216420 0.4316835
v -0.3867171 0.2550020 -0.1891685
v 0.0019652 -0.2382910 0.4462765
v 0.2319010 -0.9337000 0.3712045
v -0.4972760 -0.9100519 0.0705845
v 0.7738090 0.6363930 0.3072405
v 0.7358180 0.5940320 0.3072055
v 0.2922760 -0.0392053 0.2386645
v 0.1433010 0.1978660 -0.1086905
v 0.4408180 -0.3218010 0.2594885
v -0.2618530 0.2022400 -0.4235075
v 0.1212340 0.1265570 0.1108675
v 0.2215320 -0.3611050 0.3003035
v 0.2180700 -0.4512100 0.3007005
v 0.1869810 -0.5419120 0.2977015
v -0.3898510 0.2547490 -0.1637745
v 0.1735580 -0.5831929 0.3024875
v 0.9229300 0.5207660 -0.1706966
v -0.3837481 -0.9638510 -0.2380015
v 0.1557380 -0.6493599 0.2920765
v -0.7126531 -0.6644890 -0.4215914
v -0.5689301 -0.7608060 -0.5101205
v 0.2324580 -0.4811090 0.2309405
v 0.6409650 0.7465580 0.3623095
v 0.2220260 -0.5054229 0.2319545
v 0.8751349 0.0174449 -0.3729236
v 0.3119900 -0.8835820 0.2920305
v 0.3575650 -0.9452890 0.2780815
v -0.0415556 -0.0083463 0.2429345
v -0.3933890 0.2509070 -0.2379915
v 0.1425189 -0.1970550 -0.5947275
v -0.6561630 -0.9139990 -0.0106305
v 0.3031580 -0.9604530 0.0657992
v 0.2030420 -0.1429040 0.2742245
v -0.5878231 -0.8216259 -0.4699724
v -0.0408240 0.1470580 0.1038995
v -0.2430450 0.0395252 0.2366145
v -0.5977870 -0.0022719 0.1197826
v 0.1099569 -0.0727777 -0.5618025
v -0.6146910 0.0043974 0.1006519
v -0.1130800 0.0428554 0.2219925
v -0.1356430 0.0478590 0.2182115
v -0.3308960 -0.2262620 0.3721105
v 0.1279989 0.0114806 -0.4997105
v 0.7901070 0.6761410 0.3126684
v 0.7835990 0.6535740 0.3221484
v -0.3331341 -0.0730261 -0.5873104
v 0.8053430 0.3699850 0.0355549
v 0.8641149 -0.0000115 -0.3560006
v -0.1521670 0.0610321 0.2042065
v 0.5838170 0.0337424 0.1611985
v 0.6004529 -0.9357570 -0.5624146
v 0.6073110 0.0343886 0.1477075
v -0.1714260 0.1704350 0.1112215
v -0.9663910 -0.7084370 -0.2775734
v -0.1285890 -0.1340670 0.3010385
v -0.1017530 -0.1391070 0.3059235
v -0.0162178 -0.9197810 -0.3868425
v 0.0150072 -0.9218750 -0.3547245
v -0.3038820 0.1718090 0.1118985
v -0.1821481 0.0867597 -0.5311565
v -0.4421140 -0.7362900 0.3300495
v -0.3139480 0.1866600 0.0915414
v -0.0871252 0.0046327 0.2492755
v 0.2076440 -0.3107030 0.3104245
v 0.2348030 0.7117550 0.1714405
v 0.2447570 0.7381361 0.1660395
v 0.2209430 0.7351400 0.1787235
v 0.6183661 0.5363600 0.4483775
v 0.6965910 0.4241730 0.1317825
v 0.1004360 0.9218420 0.1109475
v 0.2198190 -0.4126330 0.3149775
v 0.6496640 0.5745220 -0.0425245
v 0.2188820 -0.4341680 0.3138065
v 0.5574820 0.5885050 -0.1174615
v 0.1091449 -0.8500010 -0.6960235
v 0.1334579 -0.8558210 -0.6848755
v 0.2056350 -0.4744830 0.3127565
v 0.0975438 -0.8266120 -0.6849805
v 0.2008360 -0.4972840 0.2975155
v -0.7185060 -0.1544120 0.0748760
v 0.1780790 -0.5629400 0.3120875
v 0.1139769 -0.7758820 -0.6144534
v 0.1621740 -0.6057340 0.3103605
v 0.1538330 -0.6325600 0.3120965
v 0.6368939 0.4819370 -0.5275425
v 0.0925979 -0.8702230 -0.7102355
v 0.1464350 -0.6754889 0.2995695
v 0.1371960 -0.7022070 0.3100115
v 0.2400990 -0.4989490 0.2107815
v 0.4439180 0.3993290 -0.2676665
v 0.1418680 -0.7255250 0.2959385
v 0.1459100 -0.7485850 0.2848555
v 0.8822280 -0.0310683 -0.2844396
v -0.1462451 -0.9420350 -0.6407795
v -0.3384410 0.1491840 0.1408495
v 0.2891860 -0.8633010 0.2988075
v 0.3223530 -0.9045260 0.3077595
v 0.3413190 -0.9278409 0.2982255
v 0.1017150 0.5975910 0.0327668
v 0.5899740 -0.8177990 -0.0543910
v 0.5981949 0.0543233 -0.5290845
v 0.7429480 0.6191620 0.3296465
v 0.6375349 0.0426019 -0.5937065
v -0.2814730 0.2429290 -0.3595285
v -0.2625621 0.2304930 -0.3801464
v 0.7297760 0.5921850 0.3411575
v 0.7389530 0.5466800 0.3333974
v -0.3322631 0.2647650 -0.2678735
v 0.7422979 0.5431250 0.3134314
v 0.0984858 -0.9665689 -0.5985925
v 0.1903990 -0.2990360 0.3298465
v 0.2113780 -0.3426730 0.3188005
v 0.5202970 -0.6767180 -0.1264945
v 0.5109240 -0.7060140 -0.0907696
v 0.5064960 -0.6993901 -0.1147635
v 0.2108390 -0.3714000 0.3284465
v 0.8275080 0.5754230 -0.2347956
v 0.2212120 -0.3870050 0.3054685
v 0.7630080 0.7029040 0.2529384
v 0.2086870 -0.4514740 0.3289675
v 0.4496849 -0.9715750 -0.5603105
v -0.2518190 -0.1314540 0.2779715
v 0.1889110 -0.5187480 0.3110915
v 0.8654050 0.2856510 0.0027894
v 0.1783000 -0.5399680 0.3242505
v 0.1681510 -0.5834841 0.3259085
v 0.1522690 -0.6206850 0.3297605
v 0.1440790 -0.6566030 0.3186275
v -0.1011371 -0.9583340 -0.5525125
v 0.6663851 0.8470250 0.7188835
v -0.3716860 0.2603800 -0.1476215
v -0.2592310 0.0996135 0.1944076
v 0.8335640 -0.4707170 -0.1343406
v 0.0549187 -0.9204021 0.0742215
v -0.2727600 -0.1182290 0.2663366
v -0.1397210 -0.1988710 0.4115825
v 0.3154530 -0.9376070 0.3352785
v 0.3273210 -0.9245300 0.3203895
v -0.3099810 0.2404340 -0.3623955
v 0.5643450 0.0549602 0.1570135
v 0.5453380 0.0734797 0.1521505
v 0.4566520 -0.7895581 -0.3171815
v 0.2159850 -0.7672150 0.1288345
v -0.3326710 -0.1769610 0.3191006
v 0.2503660 0.7929630 0.1473375
v 0.7519240 0.5878550 -0.2927105
v 0.5433859 0.5708200 -0.3631195
v 0.5625089 0.5695130 -0.3848945
v 0.5361769 0.5636390 -0.3886345
v -0.3758601 0.2557990 -0.2567964
v -0.3818060 0.2490760 -0.2824545
v 0.2351250 0.7808570 0.1636205
v 0.7890240 0.6961660 0.3289784
v 0.7910350 0.6767160 0.3405055
v 0.2903920 -0.9501370 0.0892885
v 0.5992959 -0.0638999 -0.5355416
v 0.1091179 -0.1195460 -0.5828905
v 0.0967457 -0.0947724 -0.5759075
v 0.3556029 -0.9709750 -0.4986815
v 0.7738730 0.6562200 0.3477135
v 0.7351610 0.6196671 0.3550234
v 0.1087709 -0.0265028 -0.5365884
v 0.7317200 0.5610690 0.3485185
v 0.7457740 0.5260980 0.3306994
v 0.1008279 0.0167975 -0.5096185
v 0.0546541 -0.0217876 0.2584865
v 0.1528010 -0.2377190 0.3356845
v 0.1052419 0.0783767 -0.4499275
v 0.1298629 0.0777214 -0.4411085
v 0.1137789 0.0988890 -0.4295955
v -0.7149370 -0.5421190 0.1290916
v 0.1661680 -0.2619630 0.3435055
v 0.0944772 0.8988100 0.1138175
v 0.8921380 -0.0206763 -0.2594986
v 0.1989980 -0.3230290 0.3363385
v -0.9811300 -0.5586640 -0.1167534
v 0.2099910 -0.4267890 0.3361445
v -0.9730690 -0.5378489 -0.1105964
v 0.1924620 -0.4966300 0.3257555
v -0.5080801 -0.5659280 -0.6114075
v 0.1801230 -0.5179600 0.3378905
v 0.1692030 -0.5610321 0.3381495
v 0.1555730 -0.6027271 0.3388295
v 0.5977780 0.6095310 0.1751624
v 0.1431950 -0.6395890 0.3362435
v 0.1330570 -0.6809970 0.3267445
v -0.8842101 -0.8169010 -0.2774604
v -0.7867320 -0.1748850 -0.0975844
v -0.1099990 -0.9162591 0.0505051
v -0.7994360 -0.2961590 -0.2373094
v 0.1202270 -0.7056340 0.3348385
v -0.2353110 -0.1631110 0.3397585
v -0.7291801 -0.2993330 -0.4425214
v -0.3098491 0.0106698 -0.5412564
v -0.7489671 -0.9098120 -0.1815664
v 0.6203760 -0.4635180 0.1853525
v 0.3054150 0.8015380 0.0135233
v 0.2754890 -0.9534950 0.1415065
v 0.3385980 0.7736930 -0.0119258
v 0.5197680 0.5954440 -0.0253232
v -0.0833016 0.2228550 0.0147058
v 0.9382639 0.3219620 -0.4793746
v 0.1063969 -0.8090889 -0.6670815
v -0.2127111 -0.9176230 -0.3301575
v 0.0847293 -0.7449750 -0.5691035
v 0.0962126 -0.7344199 -0.5503055
v 0.5980800 0.8730690 0.7587535
v 0.7267270 0.6022890 0.3647275
v 0.7256541 0.5790480 0.3675894
v 0.8099210 0.5755510 -0.1817986
v 0.0011670 -0.9222220 -0.6877785
v 0.5404790 0.5818110 -0.2835166
v 0.9338600 -0.2296810 -0.2700886
v 0.0029148 0.1319430 -0.4546715
v 0.1778060 -0.2867850 0.3472435
v 0.1661380 0.6884130 0.1810065
v 0.7349491 0.7717890 0.3593735
v 0.1871290 -0.3076040 0.3488605
v 0.2042880 -0.3491000 0.3462365
v -0.3089120 -0.2188320 0.3794366
v 0.2313190 -0.1251760 0.2688435
v -0.7203950 -0.9251810 -0.1368324
v 0.9261790 0.5289950 -0.2937186
v 0.2084110 -0.3992170 0.3381735
v -0.0006205 -0.0567949 0.2689545
v -0.2933580 -0.9719000 -0.1385905
v 0.9594450 0.1890310 -0.1105466
v 0.1937770 -0.4736150 0.3413815
v 0.2576680 -0.9633070 0.1866645
v 0.1815800 -0.4966010 0.3526165
v 0.1678830 -0.5384820 0.3496215
v 0.1537140 -0.5581080 0.3604935
v 0.1428190 -0.6215700 0.3506445
v 0.6519380 0.7323970 0.3021795
v 0.1309700 -0.6617590 0.3438705
v 0.1163770 -0.6845920 0.3501765
v -0.3375671 0.2585980 -0.2957515
v -0.2461501 -0.1407860 -0.6500175
v -0.3363890 0.1296820 0.1616526
v 0.8370289 -0.0101740 -0.3878785
v -0.4887400 -0.8123879 0.2462626
v -0.9087120 -0.6488950 0.0122149
v 0.9272290 -0.1811270 -0.2849326
v 0.1623090 0.1993840 -0.1287055
v 0.9243760 -0.1320390 -0.2746836
v -0.3633260 0.2505250 -0.3025165
v -0.4087400 0.2410840 -0.0813747
v -0.4029151 0.2482550 -0.1998335
v 0.9629950 0.0598245 -0.1637586
v 0.1159249 -0.1998600 -0.5914425
v 0.4523720 -0.7284549 -0.3748825
v -0.4203480 -0.9725060 0.0270432
v -0.6448241 -0.3155240 -0.5520805
v 0.0929037 -0.1418060 -0.5906545
v -0.4987590 -0.3265850 0.3148966
v 0.7927910 0.7074330 0.3562185
v 0.7849770 0.6781940 0.3729685
v 0.0916797 -0.0461057 -0.5526645
v 0.7410960 0.6390060 0.3728144
v 0.6119449 -0.8715200 -0.4092996
v -0.6348890 -0.2043790 0.1890586
v 0.0934972 -0.0039284 -0.5281005
v 0.7291040 0.6198720 0.3779445
v 0.0951699 0.0605093 -0.4722785
v 0.5588570 0.5728630 -0.0475662
v 0.7232780 0.5984460 0.3856145
v 0.0733195 0.1227110 -0.4287935
v 0.4630440 -0.7761730 -0.3602445
v 0.6206740 0.5959080 0.6419695
v 0.9228110 -0.1536300 -0.2932296
v -0.6410120 -0.2239200 0.1990616
v 0.2763740 -0.9669540 0.1679675
v -0.9798090 -0.6749550 -0.2605574
v 0.4491740 -0.7645700 -0.3086295
v 0.1656160 -0.2756280 0.3676875
v -0.7692081 -0.3156300 -0.3733514
v -0.7712151 -0.2955980 -0.3619114
v -0.9832940 -0.6511290 -0.2662644
v -0.1965091 -0.0600590 -0.5832145
v 0.3119040 -0.9632829 -0.1759665
v 0.1889480 -0.3275010 0.3633485
v 0.2034760 -0.3752970 0.3553435
v 0.6841109 -0.1676450 -0.5522445
v 0.2005830 -0.3955200 0.3647385
v 0.1231589 0.1191990 -0.4060415
v 0.5409300 0.2346850 0.0734358
v -0.0629806 -0.9184830 0.0095294
v 0.1945700 -0.4475080 0.3597315
v 0.1223620 0.8607460 0.0962392
v 0.1684850 -0.5172729 0.3626625
v -0.6850750 -0.3723930 0.1860246
v 0.2979920 -0.3572260 0.2490945
v 0.1559410 -0.5809470 0.3503515
v 0.1412080 -0.6003410 0.3616255
v 0.0837942 -0.8445880 -0.7011064
v 0.1291170 -0.6422020 0.3596865
v -0.0861381 -0.1602970 0.3546015
v 0.0960884 -0.6862611 0.3687275
v 0.0706217 -0.7540420 -0.5877475
v -0.0309598 -0.1113910 -0.5807235
v -0.2629610 0.1869180 0.0960340
v -0.3340670 0.1052990 0.1788425
v 0.5832419 0.5673790 -0.4048536
v -0.3228620 -0.1494920 0.2796325
v 0.7652090 0.6739340 0.3968025
v 0.1134970 -0.9209710 0.1064805
v -0.3311850 0.2684320 -0.2432405
v -0.3126691 -0.0652306 -0.5688065
v -0.3480531 0.1728390 -0.4477955
v -0.3533590 0.2641810 -0.1313945
v -0.3810830 0.1696220 -0.4394715
v 0.7322780 0.5481811 0.3766065
v 0.8248640 -0.4846250 -0.2026856
v 0.8642299 -0.3559810 -0.3623366
v 0.1321870 -0.2507190 0.3952365
v -0.2354441 0.1797140 -0.4494685
v -0.6492060 -0.0731722 0.1279156
v 0.4841240 0.6345710 -0.1096565
v 0.1516120 -0.2695280 0.3900365
v -0.3671971 0.2624520 -0.1755055
v 0.1760470 -0.3014560 0.3669225
v 0.5906880 0.5117760 0.2521045
v 0.6857800 0.5926830 -0.2275435
v 0.1945990 -0.3553820 0.3712235
v -0.7315090 -0.0445829 -0.1720774
v 0.9273680 -0.1449160 -0.1427366
v 0.9244969 -0.1621900 -0.1195216
v -0.6973800 -0.9371530 -0.1589564
v 0.8390790 0.5712330 -0.2137256
v 0.1814900 -0.4755200 0.3692275
v 0.1697120 -0.4978130 0.3770885
v -0.3111451 0.2637220 -0.2878954
v 0.1251230 0.1980830 -0.0895346
v 0.1130030 0.2028900 -0.1173655
v -0.3997500 0.2258370 -0.0136596
v -0.3810970 0.2413070 -0.0357420
v 0.1541650 -0.5364420 0.3725205
v 0.2493480 0.8465689 0.0938058
v 0.1263780 -0.6204460 0.3723785
v 0.8666030 -0.4195700 -0.1016826
v 0.8783310 -0.3977660 -0.1036366
v 0.1094110 -0.6418630 0.3810105
v 0.1129240 -0.6643420 0.3664335
v 0.1309830 0.6189100 0.1324425
v 0.0879495 -0.6654190 0.3864615
v 0.6505770 0.8107181 0.5485244
v 0.7351040 0.5904610 -0.2672206
v 0.0710726 -0.9533859 0.2269795
v -0.2334500 0.1039420 0.1854555
v -0.3440761 0.2502070 -0.3219104
v 0.9416340 0.3084870 -0.1221756
v -0.2367680 0.1830340 0.0961992
v 0.9063340 0.3488190 -0.0814048
v -0.3325410 0.0801364 0.1943135
v 0.5527420 -0.8116270 -0.0188777
v 0.9590980 0.2861210 -0.1595976
v 0.5914340 0.5858870 0.1622225
v 0.2494730 -0.9790699 -0.1485155
v -0.6802380 -0.3955460 0.1782086
v 0.7975171 0.7059190 0.3896835
v 0.7327321 0.6363120 0.3917735
v 0.8916210 -0.0226749 -0.1546176
v 0.2073980 -0.9220380 0.0338684
v -0.3112380 -0.9711910 -0.1158215
v 0.6137470 -0.2261220 0.2196545
v -0.7174030 -0.9090310 -0.0458960
v -0.6175241 -0.6868280 -0.5225565
v 0.7228690 0.5728190 0.3937735
v 0.1642000 -0.2922300 0.3880825
v 0.1728940 -0.3177490 0.3864035
v 0.1806200 -0.3403460 0.3842105
v 0.0697460 -0.0927376 -0.5785304
v 0.0821683 -0.0716951 -0.5679104
v 0.1810470 -0.3616900 0.3938015
v 0.1943310 -0.3799420 0.3793485
v 0.2005820 -0.4176330 0.3631765
v -0.3203440 -0.9555300 0.0628395
v 0.1900170 -0.4305660 0.3872095
v -0.6632000 -0.4097090 0.1899396
v 0.7952660 -0.5012010 -0.0795650
v 0.1804540 -0.4569480 0.3897925
v 0.0824434 0.0847515 -0.4612045
v 0.0900709 0.1020820 -0.4403325
v 0.1570000 -0.5167060 0.3856135
v 0.1418840 -0.5343510 0.3952005
v 0.4531820 0.4511680 -0.2449025
v 0.1387780 -0.5774970 0.3714245
v 0.1234190 -0.5970449 0.3825155
v 0.1925360 0.7781370 0.1892855
v -0.0678536 0.7091210 0.2356155
v -0.6819750 -0.5078290 0.1637056
v 0.1065570 -0.6171989 0.3925625
v -0.1718860 -0.1667950 0.3654535
v -0.3367950 0.0196495 0.2283596
v -0.2476310 0.2009890 0.0755188
v -0.3333430 0.0597706 0.2076555
v -0.6610790 -0.2361540 0.1883406
v -0.6717810 -0.2276870 0.1707446
v 0.9289239 0.0622877 -0.5820245
v 0.7836961 0.6895950 0.3998165
v 0.0798250 0.6162220 0.0284049
v 0.7448550 0.6549230 0.3944274
v -0.3182471 -0.5503989 -0.7266995
v 0.4450240 -0.9801060 -0.2793695
v 0.9468210 0.3077410 -0.1493736
v -0.3684070 -0.0594695 0.2350535
v 0.7243360 0.6197320 0.4019875
v 0.5151750 0.6303890 -0.0543046
v 0.1095920 -0.2357290 0.4030075
v 0.1375200 -0.2724180 0.4117695
v 0.1997670 -0.1127570 0.2699525
v 0.1522680 -0.2863920 0.4049545
v 0.1594180 -0.3075090 0.4077475
v -0.2847691 0.1312120 -0.4842265
v 0.0678031 -0.8669600 -0.7078685
v 0.1812360 -0.3876370 0.4015645
v 0.1934030 -0.4042520 0.3848945
v 0.1677620 -0.4805070 0.3937785
v 0.3687530 -0.9682860 -0.1548845
v 0.9526270 0.3184820 -0.2542166
v -0.3766791 -0.9640510 -0.1946615
v 0.1581210 -0.4993830 0.3960495
v 0.1388930 -0.5552080 0.3826055
v -0.0610349 0.1952980 0.0576577
v -0.0693068 0.2108770 0.0349162
v 0.0585820 -0.7128410 -0.6023915
v 0.0730767 -0.7019110 -0.5845605
v 0.0697108 -0.7284790 -0.5839845
v 0.1224930 -0.5736680 0.3926045
v 0.4517820 -0.7392091 -0.3260135
v 0.1246980 -0.5517620 0.4040455
v 0.7076949 0.5925630 -0.2470675
v -0.3564950 0.2611600 -0.1033365
v -0.9651820 -0.7307650 -0.1534854
v -0.2413560 0.2258480 0.0342890
v 0.9348349 0.3420270 -0.4326906
v 0.9872860 0.0993617 -0.2637756
v 0.3899790 -0.9699830 -0.1588935
v -0.8130360 -0.4248540 -0.1922854
v 0.1396770 -0.2052540 0.3083455
v -0.2271740 0.2368240 0.0148621
v -0.6396020 -0.1890540 0.1726456
v -0.5893291 -0.8696110 -0.4170954
v 0.7951400 0.8087450 0.5312714
v -0.5845810 -0.0347650 0.1492766
v -0.4203941 -0.6147410 -0.6635904
v -0.3764190 0.2570560 -0.1203645
v -0.3465160 0.2668390 -0.2233035
v 0.1855930 0.6317210 -0.0341463
v -0.1413410 -0.1127580 0.2833195
v 0.7913330 0.7058901 0.4166115
v 0.7706940 0.6906750 0.4195904
v 0.7302340 0.6441751 0.4136834
v 0.7192820 0.5952530 0.4111505
v 0.7198870 0.5690550 0.4191005
v 0.7278000 0.5475960 0.4060754
v 0.1565390 0.6231250 0.1410945
v 0.9145390 -0.1017720 -0.2764486
v -0.2887550 0.1376120 0.1562495
v -0.7337630 -0.3032390 0.1296906
v 0.1175210 -0.2577950 0.4195195
v -0.9804340 -0.5369670 -0.1327274
v -0.9876390 -0.5398999 -0.1591944
v 0.7923039 0.5632180 -0.3822826
v 0.8029369 0.5526050 -0.4064716
v 0.1669260 -0.3377290 0.4087305
v 0.1664630 -0.3694870 0.4181225
v 0.8214129 0.5549440 -0.3819616
v 0.8245979 0.5452510 -0.4057025
v 0.1654550 -0.3973500 0.4224745
v 0.4704989 -0.7785890 -0.4115345
v 0.1796600 -0.4136940 0.4067525
v 0.4519149 -0.7141870 -0.3289185
v -0.3274750 -0.9517469 0.0841687
v 0.1738690 -0.4395260 0.4100745
v 0.6201329 -0.8928109 -0.3945065
v 0.1632940 -0.4637680 0.4121005
v 0.1824270 0.7597100 0.1956695
v 0.1295020 -0.5076820 0.4266635
v 0.5016910 -0.6912110 -0.1353215
v 0.1446500 -0.5131390 0.4064785
v 0.7269260 0.7830189 0.3860984
v -0.0233744 0.2209130 -0.0297923
v -0.7045150 -0.0091741 -0.2570504
v -0.1161770 0.1536460 0.1281435
v -0.1165890 0.1741570 0.1100305
v 0.0819456 -0.1165870 -0.5858555
v -0.0573224 0.2180720 0.0080150
v -0.8974570 -0.7834350 -0.0460842
v 0.5976660 -0.9438480 0.0855845
v 0.1454660 0.0438950 0.1935125
v 0.0862039 -0.2251010 0.4096485
v 0.0977598 -0.2166250 0.3848655
v -0.3235700 0.0449935 0.2215385
v 0.7794940 0.7075970 0.4391204
v 0.0747067 0.0176196 -0.5210345
v 0.7453730 0.6723030 0.4220905
v 0.0767325 0.0455016 -0.4986695
v 0.0599488 0.0893972 -0.4704315
v 0.7188520 0.6209630 0.4327495
v 0.7180710 0.5618950 0.4422355
v 0.5933061 0.6551570 0.6468855
v 0.0782612 0.1375960 -0.4051285
v 0.0826269 0.1498370 -0.3807155
v -0.7857510 -0.2577680 0.0018828
v 0.9622170 0.4224950 -0.2672196
v 0.7243510 0.5481000 0.4273044
v 0.7293071 0.5253470 0.4237655
v -0.3764810 -0.0127209 0.2237135
v -0.2248090 -0.1225510 0.2775086
v 0.3766660 -0.0037835 0.2153815
v -0.6812250 -0.0525496 0.0597980
v -0.1013760 0.1989420 0.0766575
v -0.3924280 0.0147899 0.2130035
v -0.1275871 -0.0762646 -0.5813985
v -0.4494820 -0.9089320 0.2287666
v -0.6997290 -0.1007440 0.0787573
v 0.1740260 0.1292770 0.1031945
v -0.3346781 -0.9664490 -0.2202654
v 0.1489880 -0.3202350 0.4299745
v 0.3291640 -0.9807340 0.0248775
v 0.4195840 0.4575730 -0.0059130
v 0.0477744 0.1461880 0.0970462
v -0.3962670 -0.9632400 -0.1699905
v -0.5133130 -0.1117110 0.2346706
v 0.0664305 -0.8042160 -0.6712235
v -0.4919450 -0.1196980 0.2504645
v 0.0589276 -0.7772750 -0.6231525
v -0.1070920 0.0931247 0.1791295
v 0.0535680 -0.7375211 -0.6004004
v 0.5855380 0.4888810 0.0878604
v -0.1026180 -0.1694070 0.3729095
v -0.0572373 -0.0814203 0.2842955
v 0.6535890 0.2701630 0.0941931
v 0.1081740 0.1983350 -0.0711348
v -0.5076670 -0.0419080 0.1867456
v -0.5076490 0.1170850 0.0778377
v 0.9253289 0.4424900 -0.4190046
v -0.5191931 0.0970782 0.0932324
v -0.0342570 0.7877840 0.2975745
v -0.5230820 0.1205660 0.0575632
v 0.2100350 -0.8295619 0.3269585
v 0.1391670 0.2004320 -0.1761685
v 0.1882240 -0.8257070 0.3285365
v 0.7840909 0.0848635 -0.6695595
v -0.0650663 0.8141340 0.2503235
v -0.8672300 -0.4913400 -0.0996764
v 0.0903874 -0.9231580 0.0032554
v -0.4871980 0.0039247 0.1748136
v -0.4981810 0.0231585 0.1609496
v -0.3262480 0.2472530 -0.3412915
v 0.2101270 0.0219443 0.2101795
v -0.3465980 -0.9670750 0.0926298
v -0.3474750 0.0411475 0.2150235
v 0.7361680 0.6803590 0.4518585
v 0.7147781 0.5886980 0.4371645
v -0.2891251 0.2025370 -0.4223475
v 0.7121111 0.5781389 0.4637945
v -0.4278620 0.2392050 -0.1713094
v -0.2043940 -0.9467900 -0.2370125
v -0.8389221 -0.7848220 -0.3766224
v -0.2383420 -0.9736400 -0.2103205
v -0.5017440 -0.9669141 -0.0855889
v 0.0593374 -0.0737523 -0.5699695
v -0.4784500 -0.9628659 -0.1377284
v 0.9012590 -0.0809472 -0.2861766
v 0.0654659 -0.0281180 -0.5490295
v 0.0688005 -0.0051294 -0.5356154
v -0.0127106 -0.8136441 -0.6538424
v 0.0556476 0.0333934 -0.5161415
v -0.1779670 0.1910680 0.0906737
v -0.7873580 -0.3818510 -0.3347854
v -0.3891550 -0.2236810 0.3399315
v 0.0671323 0.1062510 -0.4507065
v 0.8081329 0.0945680 -0.6532956
v -0.5966990 -0.6566730 0.2201056
v -0.0380999 -0.1847770 0.3954965
v -0.0106209 -0.1895680 0.3946045
v 0.1995620 -0.9821950 -0.1826035
v -0.0141101 0.0334762 0.2197495
v -0.4719050 -0.8673500 0.2444246
v -0.0020670 0.0123314 0.2339275
v -0.0936468 0.1618360 0.1142095
v 0.7342070 0.4072530 0.0723206
v -0.3180901 -0.5767781 -0.7275245
v -0.0907417 0.1421370 0.1348125
v 0.9474270 0.4594130 -0.2009486
v -0.2754590 0.2063710 0.0721140
v -0.3754451 -0.5163250 -0.7098554
v 0.1431870 0.0250988 0.2061675
v -0.2514060 0.1666410 0.1165205
v -0.2045680 0.1231270 0.1556905
v -0.5390010 0.0483168 0.1180596
v -0.0382655 0.1827550 0.0600155
v -0.2498581 -0.1609170 -0.6808995
v -0.2079500 0.1083890 0.1739885
v 0.0352553 -0.7867130 -0.6353995
v 0.1894500 0.1160070 0.1226305
v 0.1769690 0.0964523 0.1490105
v 0.0372929 -0.7459440 -0.6160735
v 0.9780099 0.1632150 -0.5283915
v -0.3532410 0.0618988 0.1980445
v 0.0474183 -0.6969219 -0.6204505
v 0.9760829 0.1785500 -0.5015705
v -0.7428441 -0.2492050 -0.4021954
v 0.7465310 0.6985559 0.4623395
v 0.7255991 0.6540980 0.4420815
v -0.3816950 0.2527580 -0.0922892
v 0.7115070 0.6050210 0.4599814
v -0.8989360 -0.6207139 0.0116504
v 0.2326810 0.6540560 -0.0172395
v 0.7130330 0.5862499 -0.3406485
v -0.4017800 -0.2480800 0.3487726
v 0.6162390 0.5620340 0.0508047
v 0.7174420 0.5525930 0.4686975
v 0.8976009 0.3668970 -0.0764354
v 0.7247860 0.5358350 0.4468205
v -0.4059280 0.2359020 -0.0468759
v -0.4306270 0.2276790 -0.0598478
v -0.4256080 0.2214500 -0.0293948
v -0.4953490 -0.9494050 -0.4158894
v 0.4970639 -0.7926290 -0.4264725
v 0.7718209 0.3728920 -0.6430375
v 0.8914120 -0.0594668 -0.2830206
v -0.0273792 -0.2017960 0.4153885
v -0.0873680 0.1460940 -0.4750215
v -0.3484840 0.2422970 -0.3431795
v -0.4705520 -0.0515106 0.2014006
v -0.5347840 0.0702928 0.1031306
v -0.2937610 0.2158350 0.0576159
v 0.5853270 0.7467210 0.6144975
v -0.6973241 -0.2518560 -0.4843824
v 0.5919720 -0.8649780 0.0464271
v 0.6089390 -0.8848960 0.0574587
v 0.0538056 -0.1144670 -0.5845284
v -0.2778410 0.2226420 0.0459477
v 0.6043490 0.5209759 0.3745145
v 0.0380046 -0.0625277 -0.5665945
v 0.2067009 -0.9701819 -0.5563985
v -0.5809290 -0.2422250 0.2476796
v -0.0066210 -0.9236510 0.3320605
v 0.0491037 0.0142451 -0.5295765
v -0.5378490 -0.2890580 0.2841206
v 0.0438045 0.0526916 -0.5058014
v 0.0532711 0.0709442 -0.4885865
v -0.5578680 0.1086970 0.0359068
v 0.0437896 0.1101640 -0.4598365
v -0.1454651 -0.9391360 -0.5204204
v -0.5595970 -0.0190128 0.1542936
v -0.1953220 -0.8438380 0.3211426
v 0.4938990 -0.7195210 -0.1335925
v -0.2859260 -0.2140210 0.3885895
v -0.3564540 0.0878167 0.1844845
v 0.9235390 -0.1005130 -0.1933566
v -0.3582470 0.1139170 0.1692035
v -0.3795630 0.0971693 0.1737645
v -0.6995700 -0.9090850 -0.0276545
v -0.8357021 -0.6079750 -0.4020464
v 0.9531059 0.2730950 -0.4054176
v 0.2440760 -0.9736580 -0.3340925
v 0.7307250 0.6898030 0.4758604
v 0.7212700 0.6642751 0.4707425
v -0.9418960 -0.5890930 -0.0364288
v 0.7150460 0.6348240 0.4644254
v 0.9301550 -0.2500870 -0.2776646
v 0.9217800 -0.2740150 -0.2839486
v 0.9669679 0.1207910 -0.3912706
v 0.8886230 -0.0075305 -0.2787066
v -0.1136650 0.1337330 0.1483455
v 0.1727180 -0.8015450 0.2987495
v 0.1951260 -0.8007610 0.2829795
v 0.1315610 -0.9216909 0.0907391
v -0.5526320 0.0297144 0.1209916
v 0.0423084 -0.7224380 -0.6194695
v -0.5710850 -0.2696930 0.2621006
v -0.6050130 -0.2529470 0.2345276
v -0.1922480 -0.8041379 0.3626745
v -0.4629441 -0.9610850 -0.4552515
v -0.2958300 0.1571280 0.1345525
v -0.7954831 -0.5009360 -0.3103064
v 0.6058560 0.5559980 0.0725801
v -0.3197920 0.1602030 0.1288285
v -0.2842620 0.0899821 0.2016656
v 0.5957550 -0.2409740 0.2242745
v -0.3088660 0.0969232 0.1890616
v 0.9319050 -0.2373830 -0.1642246
v -0.3595270 0.1360610 0.1491496
v 0.8399440 0.5676000 -0.3002025
v 0.5183190 0.5744280 -0.3005086
v 0.5460160 0.5799240 -0.3122565
v 0.7996041 0.7493860 0.4761434
v 0.7849120 0.7455670 0.4940054
v 0.7643350 0.7281870 0.4874274
v 0.5914970 0.5240999 0.0792605
v 0.7075880 0.6155879 0.4855595
v 0.7079700 0.5933450 0.4816525
v 0.0589938 -0.3937910 -0.7325405
v 0.0623936 0.6227930 0.1165435
v -0.9905970 -0.6119601 -0.2497434
v 0.7453470 0.7102330 0.4808964
v 0.7175970 0.6770660 0.4959615
v 0.0499372 -0.3745840 -0.7430145
v 0.0318260 -0.3622690 -0.7533115
v 0.7096460 0.6455500 0.4960135
v 0.7033510 0.6201340 0.5083495
v 0.0363179 -0.3324380 -0.7508475
v 0.7862650 0.7620460 0.5166674
v 0.7621650 0.7432100 0.5111344
v -0.8960290 -0.5761290 -0.0120236
v 0.6437539 0.0625608 -0.6414525
v 0.0394593 -0.3019110 -0.7403435
v 0.7419620 0.7234080 0.5032135
v 0.7159981 0.6910080 0.5142835
v 0.0339021 -0.8422800 -0.6932645
v -0.1353941 -0.1017310 -0.5823455
v 0.0261877 -0.2757750 -0.7348495
v 0.2657910 -0.9800121 -0.1322395
v 0.7069380 0.6674130 0.5229284
v 0.0355559 -0.2541270 -0.7209665
v 0.7042810 0.5960780 0.5046695
v 0.8783750 -0.3283620 -0.3321196
v 0.3468210 0.2323200 -0.0174801
v 0.6348770 0.1253510 0.0956844
v 0.6920560 0.5915149 -0.2018285
v -0.7790180 -0.8942860 -0.1201724
v 0.3525600 0.5671110 0.0790455
v 0.6032109 -0.8543210 -0.4934555
v 0.8525959 0.5215060 -0.4295026
v 0.1036030 -0.7300860 0.3402895
v 0.8702080 -0.0491120 -0.3319286
v -0.0211124 -0.1611220 -0.6532515
v 0.3030830 0.2160630 0.0210267
v 0.7275400 0.7015899 0.4976545
v 0.0209863 -0.1126700 -0.5791864
v 0.9982510 0.1613440 -0.2533376
v 0.0429391 -0.0893606 -0.5744625
v 0.7011011 0.6368350 0.5251245
v 0.0389797 -0.0354121 -0.5564774
v 0.7100500 0.5694580 0.4912165
v 0.0429324 -0.0093878 -0.5434455
v 0.8156490 0.3840140 0.0231472
v 0.0319500 0.0348071 -0.5215045
v 0.7899770 0.7810830 0.5395945
v 0.7592160 0.7614120 0.5387464
v 0.0359636 0.0927414 -0.4785615
v 0.7366920 0.7369900 0.5271425
v 0.7230780 0.7124521 0.5198354
v -0.2799440 -0.9760950 0.2482096
v 0.2220590 -0.9844930 0.3174935
v -0.5046540 -0.9350080 0.0210280
v -0.7702910 -0.4662300 0.0309239
v 0.6988540 0.6518210 0.5429575
v 0.2141470 -0.7131020 0.1167295
v 0.6992961 0.6054500 0.5319905
v 0.7047220 0.5748200 0.5237134
v 0.7286900 0.7484020 0.5529534
v 0.7097540 0.6948280 0.5358844
v 0.6061780 0.6909610 0.3093525
v 0.0513119 -0.2768680 -0.7242035
v 0.2074590 -0.9842800 0.3444045
v 0.6947020 0.6292620 0.5502275
v 0.9372099 0.3959400 -0.3941246
v 0.6997761 0.5775510 0.5513164
v -0.7668861 -0.5464540 -0.3654634
v 0.6133450 0.0505069 0.1339445
v -0.1542221 -0.1165660 -0.5908445
v 0.1721360 -0.7546920 0.2152185
v -0.1268351 -0.1189940 -0.6025804
v 0.0102942 0.9865630 0.2340735
v 0.2208849 -0.8223250 -0.5869795
v -0.1906341 -0.9494430 -0.5180365
v 0.1490780 0.8998660 0.1594675
v 0.3361820 -0.8232050 0.1452095
v 0.2657670 -0.4996890 0.2004735
v 0.0045968 -0.9164890 0.1403695
v 0.0277301 -0.8226960 -0.6809415
v -0.7407241 -0.3482000 -0.4303204
v 0.0103750 -0.7987800 -0.6455715
v 0.0339473 -0.7682930 -0.6168544
v 0.0203300 -0.7536920 -0.6258094
v 0.9434269 0.4199690 -0.3834136
v 0.7924041 0.8033490 0.5583025
v 0.0146547 -0.6878970 -0.6589595
v 0.6307750 0.0761066 0.1082955
v 0.6489090 0.4416290 0.1990845
v 0.3614520 0.7460990 -0.0427072
v 0.7163060 0.7215110 0.5448014
v 0.9799979 0.1198400 -0.4960346
v -0.6150920 -0.5209360 0.2290276
v 0.6998211 0.6736979 0.5517845
v 0.6925530 0.6509891 0.5650274
v 0.6934370 0.6034451 0.5624874
v -0.9474630 -0.5036230 -0.1107034
v 0.6939330 0.5792691 0.5789085
v -0.0096108 0.9110050 0.3206715
v -0.0035562 0.9364940 0.3120625
v 0.1062530 0.6298150 0.1399565
v 0.7647970 0.5871119 -0.2738485
v -0.7125610 -0.0284368 -0.2793894
v 0.7749000 0.8041790 0.5803755
v 0.7425981 0.7711910 0.5642905
v 0.7207640 0.7589720 0.5766365
v 0.6009800 0.6309280 0.6076165
v 0.7075760 0.7305540 0.5739995
v 0.0076197 -0.4536860 -0.7303525
v 0.0160208 -0.4258450 -0.7350025
v 0.0290542 -0.3948280 -0.7448034
v 0.7021620 0.7004640 0.5627255
v 0.6862640 0.6481251 0.5894504
v 0.7725999 0.3249090 -0.6728095
v 0.6882750 0.6032799 0.5882035
v 0.0146948 -0.3150590 -0.7519674
v 0.0156715 -0.2933490 -0.7442715
v 0.0896337 -0.2267780 -0.6511484
v 0.6111270 0.0915366 0.1073805
v -0.0041046 -0.2320590 -0.7291754
v 0.9382820 0.3285520 -0.1658426
v -0.6713900 -0.0088250 0.0279355
v 0.9473389 0.0770145 -0.5699856
v 0.7793880 -0.0500427 0.0801784
v 0.9405149 0.2936000 -0.4804046
v 0.6678469 -0.4055230 -0.5336975
v 0.0147505 -0.0785966 -0.5729685
v 0.7506840 0.7898430 0.5801654
v 0.7049780 0.7485480 0.5960185
v 0.6934831 0.7048190 0.5899865
v 0.0150198 -0.0158818 -0.5507705
v 0.6910821 0.6755000 0.5810634
v 0.0190952 0.0126586 -0.5364505
v 0.2257280 0.1425070 0.0973426
v 0.0164343 0.0560103 -0.5110145
v 0.0267631 0.0744265 -0.4953575
v -0.4548090 -0.1117050 0.2616206
v -0.4350970 -0.1252120 0.2693535
v 0.0192667 0.1132740 -0.4670815
v -0.0225483 -0.9107100 -0.6791625
v -0.5851410 -0.5101531 0.2658326
v 0.6329100 0.4390750 0.1746385
v -0.5705810 -0.4897520 0.2818756
v -0.9897820 -0.5861630 -0.1265814
v 0.7788891 0.8245800 0.5996094
v -0.7717840 -0.4382630 0.0325849
v 0.7168500 0.7716460 0.5964665
v 0.6957951 0.7265810 0.5987235
v 0.8878140 -0.3266890 -0.3116016
v 0.5857260 0.4647430 0.0740504
v 0.8964069 -0.3218370 -0.2906856
v 0.6829110 0.6024660 0.6119234
v -0.2880601 -0.3477850 -0.7452945
v 0.0558898 -0.1609540 -0.5973824
v 0.4670349 -0.9680400 -0.5855696
v 0.9327390 -0.1742170 -0.1719936
v 0.7544740 0.8076680 0.5987654
v -0.7681500 -0.1685100 -0.0237010
v 0.7009780 0.7634380 0.6154374
v 0.6909240 0.7385180 0.6169965
v 0.0101852 -0.8175250 -0.6677595
v 0.6844370 0.6845731 0.6065405
v 0.6838760 0.6641840 0.6022494
v 0.0068145 -0.7746460 -0.6247735
v 0.6807600 0.6458330 0.6122375
v 0.0033815 -0.7202680 -0.6578715
v 0.0025277 -0.7487000 -0.6411955
v 0.6838350 0.6250360 0.6002705
v 0.7325810 0.8087291 0.6165305
v 0.9494709 0.2578530 -0.5096455
v 0.6296149 0.5939050 0.0767922
v 0.7053030 0.9047590 0.6922935
v 0.7142860 0.7868840 0.6151825
v 0.6862881 0.7542150 0.6364765
v 0.8130019 0.5190750 -0.4685856
v 0.6838490 0.7096870 0.6174125
v -0.5726910 -0.7808270 0.2063526
v -0.7523230 -0.6030620 0.0229005
v 0.6778750 0.6861310 0.6266654
v 0.6786000 0.6664920 0.6211805
v 0.6785210 0.6242400 0.6242024
v 0.7595550 0.8480220 0.6397944
v 0.7315260 0.8294530 0.6398814
v 0.6968721 0.7790910 0.6347445
v 0.0032307 -0.3743690 -0.7557755
v 0.6776201 0.7274660 0.6400225
v -0.6830470 -0.6943710 0.0838278
v 0.0098160 -0.3433060 -0.7577205
v 0.6748291 0.6468550 0.6351075
v 0.6772040 0.6010410 0.6364315
v 0.0113748 -0.2537350 -0.7323675
v 0.6622770 0.5788080 0.6432064
v 0.7563850 0.8703671 0.6560505
v 0.7405610 0.8510760 0.6541014
v -0.8027420 -0.2994080 -0.1931274
v 0.3917490 -0.9748760 -0.1114655
v 0.7110680 0.8035320 0.6354625
v 0.0083682 -0.0469104 -0.5608275
v -0.6061950 -0.1655690 0.1929566
v 0.6812310 0.7706600 0.6548285
v -0.0069877 0.0037405 -0.5469475
v 0.6724120 0.7460420 0.6585345
v 0.0055034 0.0371377 -0.5245125
v 0.6726730 0.6985260 0.6445004
v 0.6721010 0.6710800 0.6432845
v 0.5041400 0.1971520 0.0690886
v 0.0096544 0.0955110 -0.4837555
v 0.1176929 -0.9152850 -0.7142805
v 0.7338271 0.8664190 0.6696004
v -0.0028480 -0.1716160 -0.6634924
v 0.7193680 0.8436590 0.6633144
v 0.6915970 0.7945220 0.6543425
v -0.7728871 -0.3941010 0.0321784
v 0.6641721 0.7174120 0.6682065
v -0.3406851 -0.8595510 -0.5958105
v -0.0044157 0.9603430 0.3021935
v 0.6675481 0.6490500 0.6599695
v 0.4202630 0.3805580 -0.0958825
v -0.8794030 -0.8069950 -0.0548742
v 0.2352190 0.0706654 0.1752575
v 0.9718599 0.0967204 -0.4452236
v 0.1944640 -0.9767261 -0.2552635
v -0.0928457 -0.9216640 -0.1424965
v -0.0109118 -0.8353560 -0.6720484
v 0.6960090 0.8352489 0.6788015
v 0.6764160 0.7854609 0.6714504
v 0.6675640 0.7645730 0.6759414
v 0.6619911 0.7419690 0.6780865
v 0.6624030 0.6794610 0.6713884
v -0.0121141 -0.6940920 -0.6734855
v 0.0994254 -0.7065830 0.3539855
v 0.8316619 0.2096860 -0.6889616
v 0.1255420 -0.7283810 0.3203585
v 0.7233660 0.8859410 0.6846485
v 0.6194499 0.5216039 -0.4927925
v 0.9203030 -0.1763700 -0.3114206
v 0.6830130 0.8084430 0.6755765
v 0.4714209 -0.9374980 -0.6201546
v 0.4917769 -0.9288290 -0.6225806
v 0.4864529 -0.9571930 -0.6101245
v 0.6537560 0.7279550 0.6931035
v 0.6464741 0.7159600 0.7099325
v 0.2966740 0.5549150 0.0834212
v 0.1095159 -0.7548521 -0.5626445
v 0.0158284 -0.4967990 -0.7166265
v -0.7714401 -0.3643450 -0.3719224
v 0.2312690 0.0166181 0.2151835
v -0.7647341 -0.3411830 -0.3847104
v -0.0007970 -0.4801770 -0.7273945
v 0.6586430 0.6479770 0.6870005
v -0.0109172 -0.4371240 -0.7386625
v -0.0077977 -0.4068050 -0.7460445
v 0.2003579 -0.9753391 -0.3062675
v -0.3686830 0.1679350 0.1025235
v 0.3409540 0.7831850 0.0152840
v 0.7028000 0.8788511 0.7013554
v 0.6882290 0.8534510 0.6999025
v 0.6738890 0.8255630 0.6980655
v -0.0048699 -0.2991440 -0.7480015
v 0.0020004 -0.2759840 -0.7417284
v 0.6610460 0.7896080 0.6980304
v 0.1481439 -0.9281790 -0.3576145
v 0.6548030 0.7544750 0.6961305
v -0.0186737 -0.2113750 -0.7201625
v -0.0444094 -0.9113150 -0.5045844
v 0.6447991 0.7378850 0.7140974
v 0.2398250 -0.3939650 0.2598125
v 0.0115735 -0.1426750 -0.5913405
v -0.0086723 -0.0961647 -0.5770525
v 0.2442750 -0.9832100 -0.1219715
v 0.6534491 0.7010620 0.6940774
v 0.8660420 0.2366520 0.0248374
v 0.8503250 0.2561500 0.0293637
v -0.3013190 -0.1304130 0.2662095
v -0.0133046 -0.0209396 -0.5582925
v 0.1825599 -0.7775429 -0.5622015
v -0.0053141 0.0230388 -0.5360075
v 0.6931840 0.8983190 0.7117185
v 0.2547669 -0.9716290 -0.5204645
v -0.0105563 0.0580419 -0.5147665
v -0.0007619 0.0769887 -0.4995095
v 0.6793610 0.8760620 0.7196345
v -0.0055266 0.1173060 -0.4730165
v 0.5479370 -0.8692950 0.0726435
v 0.4968080 0.3536620 0.0260305
v -0.8201490 -0.8556581 -0.0606142
v -0.7687640 -0.3685860 0.0416688
v 0.6541350 0.8191930 0.7213854
v 0.6194350 0.7262180 0.7500694
v -0.4655441 -0.0919927 -0.5906634
v -0.2305680 0.1234440 0.1610795
v 0.3626039 0.1751210 -0.3345365
v -0.2408340 0.1457770 0.1381765
v -0.0362087 -0.8547710 -0.6704525
v 0.5085180 -0.6391110 0.0326214
v -0.1571190 0.0847536 0.1855305
v -0.3571610 0.1785550 0.0886127
v -0.0168932 -0.7938960 -0.6338975
v -0.5640220 0.0861997 0.0566939
v -0.0204838 -0.7662820 -0.6414505
v -0.0216543 -0.7423400 -0.6574495
v -0.0307570 -0.7169480 -0.6697415
v 0.3386010 -0.9813080 0.0539590
v 0.5569030 -0.4612850 0.2036945
v -0.0226176 -0.6742090 -0.6801075
v 0.1500409 -0.9311709 -0.3324565
v 0.6328861 0.7455471 0.7364164
v -0.0000578 -0.6696841 -0.6747994
v -0.0163038 -0.6542640 -0.6855595
v 0.3822630 0.2817000 -0.1004915
v 0.3894880 0.2830750 -0.0785067
v 0.8594039 0.4914420 -0.4707476
v -0.0102268 -0.6306580 -0.6924455
v -0.0067713 -0.6045840 -0.6972505
v 0.2069020 0.0450275 0.1980765
v 0.1865360 0.0306160 0.2066355
v 0.1637820 0.0388547 0.2010285
v 0.4183869 -0.8058940 -0.5309696
v 0.0131862 -0.5890120 -0.6850915
v -0.0298869 -0.5628680 -0.7102785
v -0.0046014 -0.5776750 -0.7023515
v 0.0000344 -0.5506541 -0.7090055
v -0.3002420 -0.1497970 0.2858405
v -0.3509140 0.2258380 0.0188925
v -0.0100887 -0.5064240 -0.7237085
v -0.0277818 -0.4874130 -0.7274024
v -0.5560670 -0.3647650 0.2845216
v -0.5698830 -0.3470540 0.2693166
v -0.0183513 -0.4628320 -0.7339625
v -0.3070630 -0.1726740 0.3248555
v -0.0622228 -0.9234149 -0.2163655
v 0.3475800 0.4734030 -0.0601640
v -0.0261370 -0.3807850 -0.7495065
v 0.3080320 -0.9691000 0.0888511
v -0.0168334 -0.3525160 -0.7515745
v 0.3111500 -0.9777300 0.1308415
v -0.0101701 -0.3248060 -0.7513155
v -0.0289949 -0.3058010 -0.7504275
v -0.1097730 -0.1109360 0.2888525
v -0.0229788 -0.2795890 -0.7473855
v 0.6942789 0.4423100 -0.5836346
v 0.1749270 -0.0367012 0.2446825
v 0.2153990 0.6635900 0.0010869
v 0.3580779 -0.9665890 -0.2450965
v -0.3108660 0.1216620 0.1700695
v -0.8645270 -0.5915370 0.0075803
v 0.7681350 0.7227269 0.3046075
v 0.7637820 0.7405519 0.3304265
v 0.1725680 -0.8836460 0.3650425
v -0.1109420 -0.1571240 0.3501965
v -0.1192110 -0.1462020 0.3259815
v -0.1645530 0.2223710 0.0479824
v -0.1344480 0.0339625 0.2359125
v 0.1771120 -0.9711510 -0.1689615
v -0.0137912 -0.0680042 -0.5686665
v -0.9752790 -0.6685910 -0.2834894
v -0.0204520 -0.0432915 -0.5660275
v -0.0105220 0.1638760 -0.4204755
v -0.2196490 -0.9570620 -0.0889319
v -0.0259354 0.0219328 -0.5428644
v -0.0191974 0.0400628 -0.5293214
v -0.2056470 -0.9401480 -0.0869879
v 0.9748099 0.2242190 -0.3781216
v -0.2691760 0.1522470 0.1375576
v -0.0176167 0.1008280 -0.4898995
v -0.0222858 0.0676154 0.1939205
v 0.9607770 0.0475484 -0.2478226
v -0.6970350 -0.6277080 0.1192226
v -0.7759780 -0.3457210 0.0275393
v -0.2916271 0.0644816 -0.5303525
v -0.4471770 -0.9681129 0.0286757
v 0.9882370 0.1638230 -0.1931746
v -0.3151460 0.1441420 0.1505265
v -0.7610780 -0.6288950 0.0247604
v -0.0331654 -0.8102900 -0.6420115
v 0.3131770 0.7821820 0.0981257
v 0.3023290 0.7665210 0.1174695
v 0.1521070 0.8199840 0.0783542
v -0.1963001 -0.9333529 -0.4991754
v 0.5199899 -0.8044339 -0.4170516
v 0.6098120 0.7785460 0.7633964
v -0.1063910 -0.0017164 0.2599375
v -0.0330288 -0.6413530 -0.6986895
v -0.1356960 0.0105448 0.2564505
v 0.7781810 0.7368270 0.3553315
v -0.4630310 0.0049615 0.1853096
v -0.5427750 -0.8081380 0.2056846
v -0.0274857 -0.5918800 -0.7066065
v -0.1601680 0.0255691 0.2413565
v -0.0197293 -0.5335391 -0.7191914
v 0.9433260 0.0305421 -0.2348246
v -0.6701450 -0.9485300 -0.1517054
v 0.5976030 0.7378170 0.7619684
v 0.7621309 -0.0729323 -0.4743696
v -0.0344274 -0.4472300 -0.7430404
v -0.0281707 -0.4259000 -0.7451935
v -0.0382034 -0.4069670 -0.7490605
v 0.7772979 -0.0583390 -0.4578925
v -0.0435198 -0.3591270 -0.7543205
v -0.0355719 -0.3322300 -0.7519865
v 0.8326699 0.0848948 -0.6408425
v -0.0536715 -0.3123770 -0.7529235
v 0.0128560 0.1598790 -0.4102205
v -0.0479795 -0.2865810 -0.7497455
v 0.5126480 0.3683060 0.0383053
v -0.0144511 -0.2543150 -0.7406375
v -0.0309967 -0.2305630 -0.7349725
v 0.5762891 0.6500880 0.3917814
v -0.0328335 -0.1926870 -0.7048265
v -0.6884610 -0.9387410 -0.1305704
v 0.5257560 -0.0407671 0.2125535
v 0.5027350 0.6429820 -0.0686890
v -0.0277251 -0.1302950 -0.5920945
v -0.0356637 -0.1400070 -0.6109695
v -0.0353363 -0.0846972 -0.5758505
v -0.0404584 -0.0565563 -0.5732175
v 0.2299440 -0.4189940 0.2651955
v -0.5881470 -0.7666889 0.1917826
v 0.1699670 -0.9247470 -0.0472395
v 0.2335480 -0.4387930 0.2465285
v -0.3081140 0.2371410 0.0144505
v -0.0365785 0.0601937 -0.5219325
v 0.5352130 -0.3428510 0.2493555
v -0.5174200 -0.7216350 0.2932576
v 0.2000100 0.8515420 0.1541575
v 0.8738529 0.4280710 -0.5339625
v 0.9126570 -0.0679876 -0.1994016
v -0.5748630 -0.8802600 0.0434041
v -0.8800150 -0.8170930 -0.0807084
v 0.8936540 -0.0474602 -0.2604346
v 0.8963149 0.3830350 -0.5509235
v -0.7824220 -0.3235460 0.0138220
v 0.3405400 0.4858540 -0.0758581
v 0.9040939 0.3299420 -0.5787606
v 0.9135359 0.3082580 -0.5749095
v 0.4979639 -0.8094110 -0.3716725
v 0.9229119 0.2579060 -0.5839575
v 0.9227139 0.2324620 -0.5970395
v -0.5293151 -0.0099868 -0.5051164
v -0.3102401 -0.9296800 -0.3754285
v -0.0165155 0.9298720 0.2496855
v 0.9402699 0.1395240 -0.6050585
v 0.6763670 0.4132110 0.1161345
v -0.0027164 -0.9221981 -0.0385587
v -0.3956901 -0.4100080 -0.7160414
v -0.0336731 -0.8280801 -0.6572045
v -0.4224821 -0.6394140 -0.6555124
v 0.3271820 0.6686480 0.1188265
v -0.0399627 -0.7595890 -0.6570295
v 0.2415230 -0.9668100 -0.2627355
v 0.3778790 0.7509040 -0.0169273
v 0.7843059 -0.1132180 -0.4652115
v -0.0448312 -0.6893470 -0.6807765
v 0.7876769 -0.1402740 -0.4716285
v 0.7879999 -0.1667560 -0.4778785
v 0.6044360 0.5403529 0.0062994
v -0.4884540 -0.8923880 0.1343736
v 0.6692299 0.0448018 -0.6456205
v -0.0680740 -0.9313560 0.3158595
v 0.1429810 -0.9231570 -0.0160248
v 0.0054896 -0.9225950 -0.0665498
v 0.7959259 -0.3355540 -0.4769686
v 0.9427849 0.2827320 -0.5041046
v -0.6436820 -0.9264380 -0.3091674
v -0.0489682 -0.5387191 -0.7145485
v 0.5650730 0.1002620 0.1213775
v 0.5607920 0.1258660 0.1044965
v -0.6482220 -0.3046240 0.2189166
v 0.5221900 0.2766950 0.0619393
v -0.0435166 -0.4702540 -0.7372495
v 0.6149099 -0.8599310 -0.1650046
v 0.4745719 -0.7887861 -0.5065915
v -0.3020430 0.2032370 0.0745666
v 0.5845540 -0.8329480 -0.1467105
v 0.4739490 -0.7522891 -0.1630885
v 0.4740739 -0.7769990 -0.1725405
v 0.1706320 0.1860040 -0.0315893
v 0.4104260 0.7232870 -0.0286528
v -0.7049570 -0.9292049 -0.1090314
v 0.4200769 -0.7894040 -0.5107955
v 0.4006440 0.7360680 -0.0108996
v 0.4455830 -0.7860790 -0.5018676
v -0.0456722 -0.2564820 -0.7459695
v 0.4426070 -0.7211550 -0.2827195
v -0.0453117 -0.2085720 -0.7220114
v 0.3005199 -0.8784550 -0.5589114
v -0.5371740 -0.5711631 0.2834876
v -0.7943470 -0.2023290 -0.1001494
v 0.7688841 0.7845010 0.5608055
v 0.9149879 0.3310920 -0.5584826
v 0.9243489 0.2823980 -0.5684095
v 0.1299530 -0.9225980 0.0636925
v -0.4071031 0.2474830 -0.1793185
v 0.9376169 0.2338180 -0.5733915
v -0.0442376 -0.0253699 -0.5676055
v 0.9358379 0.1927470 -0.5994965
v -0.0329570 0.0010329 -0.5557165
v 0.9437990 0.0381023 -0.1595406
v -0.0434794 0.0403782 -0.5360895
v -0.7271960 -0.9193820 -0.2020094
v 0.9388769 0.1112680 -0.6020415
v -0.0285350 0.0811856 -0.5066894
v -0.0497873 0.1088470 -0.4976215
v -0.0311435 0.1257210 -0.4776675
v -0.0175741 0.1349390 -0.4617335
v 0.4693670 0.0762654 0.1742345
v 0.4595610 0.0499452 0.1909615
v 0.5054630 0.5009730 0.0044251
v 0.2707099 -0.9724450 -0.3374225
v 0.7798979 -0.0860518 -0.4600455
v 0.4531609 -0.6708400 -0.3802185
v 0.9035880 0.0346523 -0.0841767
v 0.6841930 0.4396730 0.1977775
v 0.6403731 0.4946400 0.3938034
v 0.8066609 -0.1564310 -0.4601116
v -0.8494761 -0.5825890 -0.3870764
v -0.8569761 -0.5591930 -0.3708444
v 0.5379950 -0.6242540 0.0295039
v -0.0463069 -0.8777200 -0.6707895
v 0.8048619 -0.1851320 -0.4669946
v -0.0548363 -0.8181159 -0.6419204
v -0.7201500 -0.4840120 0.1215756
v -0.2893210 -0.9295590 0.0510924
v -0.0630575 -0.7629110 -0.6668135
v -0.0483410 -0.7398180 -0.6694245
v -0.0612309 -0.7163450 -0.6805335
v 0.8043449 -0.2887270 -0.4754765
v 0.9923260 0.1209810 -0.2860806
v -0.0292058 -0.9670620 -0.6413645
v 0.7979769 -0.3555610 -0.4656706
v 0.3088100 0.5978529 -0.0885886
v -0.0467835 -0.6042440 -0.7160765
v 0.4162780 -0.2792570 0.2612175
v 0.3230840 -0.6149110 0.1502355
v 0.2765920 -0.8731540 0.3272505
v 0.1911630 -0.0576574 0.2541445
v 0.6138580 -0.2548780 0.2216905
v -0.6825000 -0.9017270 -0.0046320
v 0.2771750 -0.7882680 0.1396685
v -0.3355891 -0.9353009 -0.5991985
v -0.0381055 -0.5123740 -0.7200944
v -0.6793250 -0.1960250 0.1371376
v 0.4895900 -0.7909220 -0.1660835
v -0.0489850 -0.4306610 -0.7494755
v -0.8982160 -0.8041680 -0.0968042
v 0.0149303 0.9454520 0.2915485
v -0.0530274 -0.3859730 -0.7558175
v -0.0694283 -0.3648630 -0.7608845
v 0.2510140 0.7649209 0.1566765
v -0.0609362 -0.3383120 -0.7568835
v 0.5076080 -0.8393730 -0.2096935
v 0.5493290 -0.8893460 -0.2483645
v -0.0663857 -0.2723500 -0.7457135
v 0.5515220 -0.9070131 -0.2684416
v 0.5875760 0.6683010 0.5697754
v -0.0611874 -0.2259620 -0.7380224
v 0.6538010 -0.9847730 -0.0059642
v 0.7948499 0.0669286 -0.6505186
v 0.4510080 0.6814460 -0.0633133
v -0.0629384 -0.0754414 -0.5770135
v 0.8650419 0.4728530 -0.4902536
v 0.8741069 0.4486290 -0.5105556
v 0.4925709 -0.6728520 -0.2509575
v -0.0688119 -0.0465132 -0.5736514
v -0.0605661 0.0015050 -0.5607635
v -0.0722276 0.0208238 -0.5539455
v -0.0681362 0.0389556 -0.5433174
v 0.8901519 0.4251670 -0.5184936
v -0.0623970 0.0593610 -0.5296265
v 0.9140759 0.3576560 -0.5434646
v -0.0565487 0.0818208 -0.5152714
v 0.9114009 0.3840430 -0.5279825
v 0.9265669 0.3047330 -0.5507225
v 0.9367509 0.2576960 -0.5590616
v -0.0896255 0.1736480 -0.4443895
v 0.5773450 0.5951840 0.3844725
v 0.9379139 0.2112840 -0.5880216
v 0.9499749 0.1890680 -0.5837606
v -0.7819390 -0.2777050 0.0182622
v -0.2617361 -0.9232050 -0.4711805
v 0.9547889 0.1272030 -0.5867305
v -0.8176711 -0.7970949 -0.3844134
v 0.9531389 0.1014340 -0.5799575
v -0.3531211 -0.8971080 -0.5970524
v 0.6477509 -0.0005969 -0.5095585
v 0.3893690 0.7326320 -0.0414234
v 0.7985009 -0.0996808 -0.4463365
v 0.8036099 -0.1279990 -0.4523166
v 0.9139720 -0.3008210 -0.2204616
v 0.6114981 0.5048540 0.3533465
v 0.8240189 -0.1742620 -0.4481035
v 0.8069079 -0.2478120 -0.4686345
v 0.7973289 -0.2667420 -0.4826475
v -0.0622802 -0.8633810 -0.6630685
v 0.8106209 -0.3130630 -0.4663655
v 0.4694850 -0.6726980 0.0792764
v 0.4129700 -0.1780000 0.2659655
v 0.3784550 -0.0641137 0.2431085
v 0.5320530 0.3555810 0.0532945
v 0.4913960 -0.7701550 -0.1510495
v 0.5330729 -0.8428370 -0.1972945
v 0.5477110 -0.8572839 -0.2080655
v 0.2842769 -0.9735390 -0.3603075
v -0.0758018 -0.6564420 -0.7127415
v 0.5700770 -0.9071200 -0.2478225
v 0.9225010 -0.2529410 -0.3018716
v -0.7885960 -0.8912760 -0.1486384
v -0.0547574 -0.6511620 -0.7069385
v 0.0041721 -0.9158961 -0.4503275
v -0.0679729 -0.6133220 -0.7252215
v -0.7524241 -0.8100990 -0.4191054
v 0.8366649 0.5067980 -0.4692965
v 0.8781039 0.4762370 -0.4709666
v -0.0593016 -0.5647380 -0.7163875
v -0.0464072 -0.5828440 -0.7131464
v -0.0647961 -0.5884640 -0.7234795
v -0.7165790 -0.9216200 -0.0913381
v 0.9365689 0.2793240 -0.5442945
v -0.0653826 -0.5182880 -0.7256715
v 0.9557529 0.0704720 -0.5449906
v 0.2544980 -0.4770910 0.2131995
v -0.4717270 -0.8849850 0.2236796
v -0.0544049 -0.4933750 -0.7301664
v -0.0677136 -0.4750830 -0.7415525
v -0.0575501 -0.4534420 -0.7462995
v 0.3087600 -0.9663230 -0.2388075
v 0.3249120 -0.9728850 -0.3374415
v -0.0631217 -0.4120260 -0.7559555
v 0.9499049 0.2340030 -0.5480096
v 0.5313899 -0.9591711 -0.6037115
v 0.9589419 0.1668210 -0.5791655
v 0.9535929 0.1493350 -0.5894995
v -0.0787984 -0.3182870 -0.7551695
v -0.0718867 -0.2938740 -0.7493014
v -0.3047370 -0.9512060 0.0461814
v -0.0783728 -0.2498620 -0.7439824
v 0.0861198 -0.9254980 -0.1290225
v 0.8253459 -0.1449420 -0.4376555
v 0.5902900 0.6280880 0.5120174
v -0.0198710 -0.9440780 0.3236595
v -0.0698736 -0.1599180 -0.6758264
v -0.0781897 -0.1765850 -0.7003685
v -0.0907519 -0.1589590 -0.6831795
v 0.5869951 0.7862530 0.6507954
v 0.8216969 -0.2308320 -0.4513725
v 0.8112549 -0.2695600 -0.4659865
v -0.0559291 -0.1030800 -0.5802985
v 0.8129779 -0.3386310 -0.4568855
v 0.5716910 -0.8792419 -0.3324136
v -0.0953378 -0.0677959 -0.5783684
v 0.5834010 0.6477320 0.4920805
v 0.0237616 0.6476500 0.1489635
v 0.8101199 -0.3639240 -0.4478715
v 0.1506780 -0.3499740 0.4365615
v 0.1470200 -0.3832060 0.4419285
v -0.7310401 -0.2349820 -0.4207084
v 0.6111500 0.1357050 0.0950123
v 0.0177095 -0.1771760 -0.6568224
v 0.8414929 0.4895080 -0.4903205
v 0.6358480 -0.8836230 0.0372187
v 0.1287900 0.6586010 0.0147233
v 0.1473050 0.5886950 0.0930627
v -0.9845420 -0.6260800 -0.2688624
v 0.2375590 -0.7507451 0.1156205
v 0.2313870 -0.7284380 0.1138265
v -0.5863331 0.0827202 -0.3935644
v -0.9132110 -0.7185640 -0.0142340
v -0.8978060 -0.7246150 0.0024974
v -0.6975040 -0.8680990 0.0249568
v 0.5758740 0.6329150 0.4153975
v -0.2846460 -0.9450110 0.0262186
v 0.5344880 -0.3713320 0.2441275
v 0.1894190 0.1569140 0.0612133
v -0.7439630 -0.0667934 -0.1575504
v 0.0165897 -0.9662091 0.3193865
v -0.0576444 -0.8407561 -0.6563935
v 0.4097260 0.6980760 -0.0734560
v -0.0777928 -0.8029600 -0.6391685
v -0.1110951 -0.9136170 -0.4480075
v -0.2768060 -0.2355650 0.4007475
v -0.0913164 -0.7618790 -0.6734505
v -0.0760006 -0.7402080 -0.6793885
v 0.7834390 -0.4208200 0.0772795
v -0.0768491 -0.6943020 -0.6946465
v 0.7915110 -0.4344180 0.0617004
v 0.7212850 0.6172590 0.0406044
v 0.4878080 -0.7439760 -0.1459715
v 0.5668491 0.7730190 0.7523704
v 0.5151440 -0.8261510 -0.1848575
v 0.4501069 0.5110360 -0.2213445
v 0.4805940 0.6523360 -0.0852991
v 0.7760810 0.8255330 0.5250885
v 0.5910280 -0.9061930 -0.2285925
v 0.6002110 -0.9511420 -0.2471815
v -0.0830299 -0.5693260 -0.7279805
v -0.0757060 -0.5438730 -0.7235245
v 0.0924571 0.0603390 0.1834005
v 0.5758969 -0.8225859 -0.4767045
v -0.0798198 -0.4985220 -0.7388955
v 0.4859030 0.6585610 -0.0579429
v 0.4686940 0.6680340 -0.0683354
v 0.3160810 -0.8275959 0.2007785
v -0.0724425 -0.4367690 -0.7524415
v 0.8779389 0.4909250 -0.4511966
v -0.0788405 -0.3918870 -0.7622964
v 0.8877959 0.4562650 -0.4838256
v -0.0871971 -0.3440050 -0.7601485
v -0.1920121 0.1454160 -0.4891174
v 0.8985659 0.4318060 -0.4985266
v 0.7429720 -0.2640020 0.1712025
v 0.9456859 0.2565930 -0.5344686
v -0.0895465 -0.2739890 -0.7495995
v 0.9674559 0.1191840 -0.5649045
v 0.9542719 0.2542410 -0.4491476
v 0.9639979 0.0938077 -0.5557496
v 0.8179789 -0.1134560 -0.4324775
v -0.0731105 -0.1198470 -0.5943165
v 0.8382659 -0.1670230 -0.4317006
v -0.0856446 -0.1270520 -0.6131395
v -0.0830675 -0.0977597 -0.5805415
v 0.8396059 -0.1895050 -0.4338416
v 0.8223109 -0.2024160 -0.4518335
v 0.8234759 -0.2579980 -0.4500836
v 0.1682240 0.8928260 0.1387205
v -0.8990480 -0.8091900 -0.1228604
v 0.8396339 -0.2971010 -0.4280756
v -0.0269628 -0.9815969 0.2637255
v 0.8269139 -0.3172800 -0.4436885
v -0.0872885 0.0564347 -0.5380114
v -0.0832424 0.0780115 -0.5243335
v 0.8281409 -0.3449320 -0.4349366
v -0.0802376 0.1011190 -0.5088995
v 0.8244139 -0.3751070 -0.4232996
v -0.0705778 0.1573450 -0.4584705
v 0.4332420 0.5183690 0.0297603
v 0.5749820 0.6169840 0.3122095
v 0.4216940 0.4960360 0.0236540
v -0.9629150 -0.6917720 -0.0862916
v -0.5736500 -0.3727410 0.2690786
v -0.7560150 -0.2058720 0.0353438
v -0.4809520 -0.8397900 0.2444326
v -0.5242811 -0.8875080 -0.5132135
v -0.5391091 -0.8785419 -0.4938454
v -0.2131090 -0.2815660 0.4312235
v -0.1972040 -0.2670510 0.4344035
v -0.7827330 -0.1790870 -0.2219164
v -0.9978091 -0.6298040 -0.1525224
v -0.6680861 -0.0922975 0.1199476
v -0.6662080 -0.1191240 0.1337006
v -0.6488750 -0.0960300 0.1415826
v -0.0794502 -0.8506130 -0.6528395
v -0.1971910 -0.2909180 0.4398445
v -0.7338641 -0.2619900 -0.4234544
v 0.8160669 -0.4132630 -0.3966576
v -0.0790109 -0.8304470 -0.6417015
v 0.8098819 -0.4023080 -0.4185135
v 0.1646740 -0.9580930 0.3689945
v -0.1071451 -0.7809210 -0.6634845
v 0.9109500 0.0042288 -0.1832906
v 0.6260720 -0.9588940 0.0775210
v -0.0907137 -0.7179310 -0.6907434
v 0.0755859 -0.9181190 0.1652315
v -0.0946495 -0.6717880 -0.7115694
v -0.6348860 -0.4517740 0.2191356
v -0.4661291 -0.9316530 -0.5471935
v -0.0913705 -0.6217541 -0.7329745
v -0.0879184 -0.5951560 -0.7326605
v 0.9285909 0.3289020 -0.5293126
v 0.9581720 0.4488740 -0.3225636
v 0.3212680 0.5300740 -0.0893715
v 0.6112240 -0.9299340 -0.2284405
v -0.0914142 -0.5232511 -0.7335815
v 0.6141480 -0.9597570 -0.2287105
v -0.0777944 -0.4576780 -0.7479885
v -0.3156710 -0.1061000 0.2540976
v -0.0976682 -0.4474500 -0.7546555
v -0.0884466 -0.4186540 -0.7590245
v 0.8979469 0.4658260 -0.4554506
v 0.9083599 0.4372990 -0.4726316
v 0.4749979 -0.9819410 -0.2024185
v 0.7769139 -0.3607180 -0.4817425
v -0.0970374 0.8114350 0.3379815
v 0.4042640 -0.9832850 -0.0332801
v -0.0965537 -0.2986180 -0.7535635
v 0.7753649 -0.3322980 -0.4952205
v -0.4964480 -0.2984600 0.3064965
v -0.1118221 -0.2510430 -0.7487035
v 0.3711780 0.7066970 0.0812364
v 0.3067050 -0.9830500 0.2324505
v -0.0727094 -0.1999730 -0.7229974
v 0.7718859 0.0607659 -0.6634246
v 0.7633309 0.0783750 -0.6792815
v 0.3754670 0.5873040 -0.1222025
v 0.8310459 -0.0981136 -0.4139155
v -0.9749090 -0.6001430 -0.0800570
v 0.8375759 -0.1249690 -0.4176055
v 0.2611380 -0.9843121 0.2905435
v -0.1113481 -0.0986502 -0.5810865
v 0.1573419 -0.8033520 -0.6269125
v 0.8391599 -0.2159320 -0.4332176
v -0.0940032 -0.0381336 -0.5766045
v -0.0886905 0.0069671 -0.5631355
v -0.8623410 -0.8476820 -0.1771754
v 0.8381989 -0.2429400 -0.4312465
v 0.8381669 -0.2701690 -0.4302605
v 0.3693390 0.5655850 -0.1251535
v 0.2220150 -0.9823350 -0.1390155
v 0.7365469 -0.0212178 -0.5108145
v -0.2030820 -0.0188806 0.2534975
v 0.7553350 -0.3862330 0.1226584
v -0.1164941 0.1532240 -0.4737435
v -0.0954531 0.1617500 -0.4614505
v 0.7402810 -0.3920720 0.1378385
v 0.3264470 -0.3475660 0.2506555
v 0.6351770 -0.8600510 -0.0060318
v 0.6316740 -0.8684870 0.0165778
v 0.9362320 -0.2426820 -0.2300006
v 0.7455450 -0.1035630 0.1298245
v 0.9444390 0.3818740 -0.2118516
v 0.9524800 0.4090100 -0.2133956
v -0.3297110 -0.2806620 0.3935325
v 0.8687650 -0.3523680 -0.3386726
v 0.3857430 0.5489531 -0.1393275
v -0.0998809 -0.8478000 -0.6440434
v 0.4599650 0.4461950 -0.2700875
v -0.0986298 -0.7953150 -0.6473975
v 0.5054580 -0.7942801 -0.1508935
v 0.8627490 0.5457571 -0.1271776
v -0.1044681 -0.7408150 -0.6867964
v 0.5447839 -0.8187280 -0.1466925
v -0.1073041 -0.6962900 -0.7028085
v -0.3868611 -0.9636810 -0.2154125
v 0.5916760 -0.8839860 -0.2094515
v 0.5956259 -0.8399390 -0.4740025
v 0.8960069 0.4870930 -0.4301736
v 0.9172609 0.4409000 -0.4452796
v 0.7689629 -0.1258410 -0.4827465
v -0.7777910 -0.8827060 -0.0628120
v -0.6835020 -0.5360830 0.1662936
v 0.9229349 0.1838550 -0.6145806
v 0.2758980 -0.0604216 0.2416015
v -0.1085521 -0.5025560 -0.7494035
v 0.8865290 -0.0755870 -0.0687892
v 0.2924390 -0.8127520 0.2013015
v -0.1137221 -0.4248110 -0.7593695
v 0.5883591 0.6894300 0.4091415
v 0.3874470 0.4921990 -0.1299265
v -0.1053281 -0.3982880 -0.7621815
v -0.0964497 -0.3709080 -0.7634175
v -0.1148231 -0.3503030 -0.7579424
v -0.3350421 -0.9356740 -0.4465445
v -0.1049241 -0.3236860 -0.7566525
v 0.8459399 -0.1507650 -0.4183846
v -0.1148611 -0.2797410 -0.7524505
v -0.2039031 -0.9300190 -0.6228195
v -0.3070371 -0.0849951 -0.5887685
v 0.5524480 -0.8585870 -0.3397686
v -0.1011951 -0.1895140 -0.7173485
v 0.8534139 -0.2551300 -0.4111306
v -0.1068721 -0.1676550 -0.6971304
v -0.7927400 -0.3283500 -0.3132474
v -0.1101121 -0.1496060 -0.6753175
v 0.8423239 -0.3231020 -0.4211325
v -0.7529280 -0.9068780 -0.2046874
v 0.5957150 -0.3558400 0.2278695
v 0.8432599 -0.3501880 -0.4108706
v 0.8414809 -0.3765630 -0.3978635
v 0.8266699 -0.3942700 -0.4049485
v -0.0980622 -0.1160310 -0.5975624
v -0.4692950 -0.1891770 0.2776245
v 0.2174680 -0.0009506 0.2213735
v -0.7194921 -0.0905181 -0.3590254
v 0.2873230 -0.9841180 0.2866775
v 0.4368440 -0.8055010 -0.2491685
v 0.3258220 0.6156420 0.1096495
v 0.3504670 0.6196589 0.1007850
v 0.6022620 -0.9768280 0.0822902
v 0.9996180 0.1790770 -0.2761316
v 0.5232580 -0.6142440 0.0500412
v -0.1088821 0.0530192 -0.5428325
v 0.5262730 -0.8021270 -0.1354775
v -0.1078271 0.0717347 -0.5323654
v -0.1070751 0.0935543 -0.5177975
v -0.1051511 0.1162800 -0.5019165
v -0.1029031 0.1349500 -0.4874445
v 0.5646170 -0.8325350 -0.1589535
v -0.9788520 -0.5791910 -0.0984129
v 0.3184870 -0.1698410 0.2660515
v 0.6133420 -0.9032871 -0.2100385
v 0.3311290 -0.1436890 0.2586525
v 0.9271640 0.5344239 -0.2194356
v -0.7473680 -0.1612220 0.0279451
v 0.6325980 -0.9237350 -0.2083865
v -0.8862421 -0.6725240 -0.3955554
v -0.8749501 -0.6549600 -0.4026884
v -0.7892780 -0.4689060 -0.0246358
v 0.6296380 -0.9453000 -0.2189075
v 0.4492590 0.6908081 -0.0377617
v 0.9122879 0.4645350 -0.4279286
v -0.3628230 -0.9650810 -0.1698365
v 0.9346680 -0.1668800 -0.2173096
v -0.1187571 -0.7625500 -0.6796315
v 0.1728389 -0.8076550 -0.6113225
v 0.1816830 -0.7734690 0.2323645
v -0.1197231 -0.7192481 -0.6981345
v 0.1767510 -0.9770859 -0.2273035
v 0.6719320 -0.8667790 -0.0666876
v -0.1171981 -0.6295090 -0.7355075
v 0.0370273 0.9760900 0.2390325
v 0.8435239 -0.0854615 -0.3957075
v 0.8484959 -0.1095030 -0.4002346
v -0.1089241 -0.5746000 -0.7353275
v -0.1014641 -0.5483240 -0.7309024
v 0.9083900 0.0163677 -0.1252726
v -0.1141651 -0.5284100 -0.7380925
v 0.0373709 -0.9837850 0.3006855
v 0.8549429 -0.2279020 -0.4132456
v 0.8515959 -0.3043310 -0.4096726
v -0.0332595 -0.9351460 0.2002385
v -0.3213070 -0.0014882 0.2352625
v 0.6359020 0.2021110 0.0956685
v 0.6551450 0.1871430 0.0958261
v 0.6467550 -0.4993910 0.1304554
v -0.1239021 -0.3782220 -0.7596744
v 0.7762480 0.3962210 0.0505845
v -0.1316851 -0.3291600 -0.7510085
v 0.0714214 -0.2196040 -0.6678495
v -0.0124884 -0.9678940 -0.5976654
v 0.2192349 0.0598770 -0.4461335
v 0.5471260 -0.5077190 0.1778055
v -0.1323751 -0.2664820 -0.7505975
v -0.1309491 -0.2253910 -0.7407935
v 0.6461760 -0.9457760 -0.2037395
v -0.1258241 -0.2007690 -0.7274895
v 0.9107789 0.4834090 -0.4075086
v 0.4121740 0.0938364 -0.4267205
v 0.9421089 0.1686440 -0.6000106
v -0.7532750 -0.6499600 0.0357016
v -0.7360810 -0.1364320 0.0356408
v 0.2950830 -0.1867650 0.2724145
v 0.8572569 -0.0981297 -0.3853706
v 0.8556599 -0.1338760 -0.4017896
v 0.8628429 -0.1586970 -0.4012956
v -0.3976920 -0.9708970 0.2027005
v 0.8524549 -0.1753220 -0.4172016
v -0.1195981 -0.0462964 -0.5824025
v 0.8552379 -0.2009710 -0.4158826
v -0.1112081 -0.0147084 -0.5745635
v 0.5796420 0.6341810 0.2884715
v 0.8525699 -0.2816390 -0.4104936
v 0.8567789 -0.3251540 -0.3956036
v 0.8557629 -0.3544450 -0.3862996
v -0.1315251 0.0830233 -0.5261155
v 0.8521199 -0.3801800 -0.3716945
v 0.9655210 0.2917340 -0.2565926
v 0.2963970 -0.2133880 0.2785425
v 0.7213510 -0.4983570 0.0713828
v 0.5300960 0.6099750 -0.0519999
v 0.6349520 0.4858880 0.3514515
v 0.5693430 -0.8222460 -0.1354465
v 0.6349510 -0.9019940 -0.1898315
v -0.7234210 -0.1127500 0.0429980
v 0.6511040 -0.9250090 -0.1884515
v -0.1538871 0.1302910 -0.4979845
v -0.1186561 -0.8701270 -0.6463035
v -0.0216062 -0.9395870 -0.6779995
v -0.1363771 -0.8178670 -0.6330665
v -0.1337491 -0.7817800 -0.6670165
v -0.1463831 -0.7640229 -0.6844485
v 0.6363919 -0.9356270 -0.3976095
v -0.1323811 -0.7424750 -0.6939604
v 0.9223089 0.4631980 -0.4069506
v -0.1357461 -0.6981100 -0.7088954
v -0.7767980 -0.8460420 -0.0068682
v 0.6627630 0.4450180 0.2254745
v 0.8350599 -0.0330488 -0.3843865
v -0.1134121 -0.6023260 -0.7387764
v 0.8576029 -0.0778335 -0.3754296
v 0.8644429 -0.1183610 -0.3852216
v 0.8716419 -0.1420940 -0.3851896
v -0.1309161 -0.5502180 -0.7373575
v 0.8783939 -0.1660580 -0.3828966
v 0.8685689 -0.1842360 -0.3990536
v 0.8708859 -0.2406200 -0.3926886
v -0.1423861 -0.4618040 -0.7696775
v 0.2307899 -0.9730690 -0.3087515
v -0.1373191 -0.4321890 -0.7661625
v 0.8624609 -0.2958820 -0.3915496
v -0.1311881 -0.4058600 -0.7607905
v 0.8647179 -0.3359810 -0.3745226
v 0.0200113 0.8168560 0.1933425
v -0.1462801 -0.3576110 -0.7529964
v 0.2171320 0.7798210 0.1758115
v 0.7468140 -0.4384290 0.1036275
v -0.3303700 -0.9759769 -0.0303936
v 0.3588020 -0.9733570 0.2778935
v 0.8369790 -0.4330020 -0.2979615
v 0.8562289 -0.4318650 -0.0784980
v 0.6537250 -0.9071180 -0.1644805
v -0.2403931 0.1577110 -0.4694695
v 0.6508270 -0.9670110 -0.1892815
v 0.9091669 0.5040160 -0.3824556
v 0.5794200 0.5642620 0.3202845
v 0.9353789 0.4468110 -0.3923556
v 0.9073459 0.2272350 -0.6196175
v 0.2986500 -0.2359570 0.2804625
v 0.8711329 -0.1010150 -0.3688366
v -0.3757870 -0.9740120 0.0476496
v -0.2453891 -0.9376720 -0.4906495
v 0.8716989 -0.2117740 -0.3953976
v -0.8033730 -0.3108420 -0.0888710
v -0.1447571 -0.8669180 -0.6368245
v 0.8671199 -0.2687850 -0.3915706
v -0.3583981 -0.8758529 -0.5962824
v 0.8400200 -0.4570020 -0.0859727
v -0.8477601 -0.7080750 -0.4105104
v 0.4413249 -0.7286460 -0.2006705
v -0.2485740 -0.9117310 0.0964338
v 0.5864400 0.7017980 0.5111675
v -0.7015670 -0.0709399 0.0310630
v -0.2638420 -0.9155930 0.1187935
v -0.7388890 -0.0747690 -0.0407560
v 0.3711410 0.5451750 0.0613901
v 0.2814910 -0.2844020 0.2748085
v 0.3838640 0.2669810 -0.3152265
v 0.6399029 -0.8666530 -0.1485905
v -0.7451350 -0.2243190 0.0798328
v 0.1084740 0.5907700 0.0593326
v 0.9267929 0.4762490 -0.3864496
v 0.1494880 0.5736020 0.0457621
v 0.0029144 0.7754610 0.1849155
v -0.2791870 -0.9739960 -0.1103815
v 0.8801709 -0.1269080 -0.3678516
v 0.1223660 -0.2289220 0.3758975
v 0.8847819 -0.1493240 -0.3695026
v 0.8690600 0.3357660 -0.0218627
v -0.5677011 -0.6313090 -0.5788464
v 0.2282800 0.6103640 -0.0600919
v 0.8850449 -0.1922160 -0.3779706
v -0.5407710 0.0884949 0.0776809
v 0.1492400 0.6052051 -0.0154133
v 0.1651720 0.6216100 -0.0309282
v 0.8839109 -0.2562870 -0.3723756
v 0.8771189 -0.2848330 -0.3712626
v 0.8832579 -0.3039870 -0.3482006
v 0.9275290 -0.1162450 -0.2359436
v 0.5017029 -0.7921770 -0.4514345
v -0.5254031 -0.5462070 -0.5991774
v -0.5085501 -0.5382460 -0.6188404
v 0.4442979 -0.7540510 -0.1944055
v -0.3331181 -0.3154910 -0.7330675
v 0.2970750 -0.2974210 0.2633165
v 0.6967371 0.5518540 0.5690314
v -0.5015031 -0.9409310 -0.4382814
v -0.6497581 -0.5284700 -0.5251564
v 0.4961109 -0.8653600 -0.2637795
v -0.0256184 0.6798980 0.1204395
v -0.6524551 -0.2057950 -0.5245964
v 0.6517480 -0.8854541 -0.1511066
v 0.6686300 -0.8908269 -0.1390865
v -0.6283151 -0.4433800 -0.5576704
v 0.2049180 0.5668260 0.0821746
v -0.7358550 -0.9118561 -0.0843725
v -0.3281351 -0.3375960 -0.7335175
v 0.9466469 0.4392840 -0.3718956
v -0.7921160 -0.2980580 -0.3054354
v -0.9797350 -0.6153040 -0.2861184
v 0.0082900 0.1462830 -0.4335605
v 0.3267720 0.5533160 -0.1023395
v 0.8879099 -0.1089430 -0.3476586
v -0.3627301 0.1517370 -0.4611284
v 0.5822461 0.8436710 0.7209784
v 0.5181079 -0.7987760 -0.4379866
v 0.8935069 -0.1697750 -0.3621536
v 0.8896699 -0.2242990 -0.3705476
v -0.4095071 -0.3860930 -0.7072645
v -0.4358601 -0.3876300 -0.6992025
v 0.5769981 0.8192550 0.7152044
v -0.4443431 -0.6536779 -0.6475875
v 0.8981639 -0.2469770 -0.3540156
v -0.6665041 -0.5091389 -0.5118524
v 0.9232359 0.1564470 -0.6195216
v 0.9289440 -0.2716200 -0.2158936
v 0.7404520 -0.0838104 0.1244824
v 0.7623760 -0.4803950 0.0568064
v -0.5558160 0.0472341 0.1032656
v 0.7604370 -0.4660790 0.0730577
v -0.7181991 -0.1515010 -0.4025114
v -0.0276287 -0.9129490 -0.5196304
v 0.0734629 0.6867040 0.0789904
v 0.0090083 -0.9227780 0.1916965
v 0.0722389 0.6730940 0.0598546
v 0.7325990 0.4637610 0.1618535
v 0.9517659 0.4200590 -0.3603566
v 0.9428069 0.4622730 -0.3679676
v 0.1714210 0.7201051 0.0652085
v -0.6242311 -0.8063149 -0.4304654
v -0.6016931 -0.1491840 -0.5411144
v 0.6674240 -0.9338650 -0.1685125
v -0.5822241 -0.1423090 -0.5501584
v 0.8969069 -0.1420310 -0.3476266
v -0.4709351 -0.5646070 -0.6447874
v 0.9009539 -0.1972980 -0.3537036
v 0.8934629 -0.2728680 -0.3514836
v 0.8999670 -0.2883150 -0.3294426
v -0.3853581 -0.3353550 -0.6998435
v 0.7889459 -0.2445670 -0.4893436
v -0.0204665 0.7796850 0.1998355
v 0.1454830 -0.9416500 -0.2531705
v 0.6596230 -0.8706640 -0.1338405
v -0.5967141 -0.6776720 -0.5385454
v -0.3610420 -0.8060850 0.3197835
v -0.9939550 -0.5678051 -0.2327894
v 0.6763290 -0.9166250 -0.1471875
v 0.1951050 -0.7906210 0.2546815
v 0.2618809 -0.9643360 -0.2458225
v -0.4479840 -0.9660010 -0.2953025
v 0.1571950 -0.9801410 0.3544115
v 0.6872460 -0.9447980 -0.1505815
v -0.5001521 -0.8827800 0.1103106
v 0.2370310 0.6687640 -0.0007287
v -0.4474161 -0.5699360 -0.6595194
v -0.6386871 -0.8592690 -0.3910824
v 0.7512529 0.4784450 -0.5550916
v -0.5023190 -0.9207630 0.0471559
v 0.2140250 -0.2169560 0.2894865
v 0.2863740 -0.4755450 0.2076895
v 0.1895030 0.6894490 0.0373745
v 0.9785610 0.2659450 -0.2572956
v 0.6233729 -0.9005280 -0.4999696
v 0.9862750 0.2438520 -0.2597076
v 0.2657590 -0.4531370 0.2160235
v 0.6589410 -0.3714380 0.2055025
v 0.9198170 -0.2278250 -0.3165556
v -0.9936580 -0.5500550 -0.1864044
v 0.9487420 0.0335032 -0.2086366
v -0.9924430 -0.5479029 -0.2146914
v 0.3577720 0.4853850 -0.0961800
v 0.7963780 -0.0756775 0.0763719
v 0.9079920 -0.1722050 -0.3376746
v 0.9070579 -0.2254220 -0.3427406
v -0.3566451 -0.3103760 -0.7213654
v 0.9097210 -0.2564220 -0.3299826
v 0.4545330 -0.7833550 -0.1941255
v -0.7374060 -0.5486090 0.0849021
v 0.2940930 -0.5062521 0.1980535
v 0.2359370 -0.8138920 0.2844105
v -0.5307540 -0.8251580 0.1919976
v -0.0188535 -0.9594250 -0.6649525
v 0.7544409 -0.3029190 -0.5190606
v -0.4880941 -0.1530650 -0.6141254
v 0.2998760 -0.5334359 0.1868965
v 0.9782599 0.1075870 -0.5168446
v -0.4449441 -0.1813320 -0.6282924
v 0.7393749 -0.1562620 -0.5162225
v 0.6228510 0.4063170 0.0908785
v 0.7014910 0.6871090 0.1607885
v -0.7410840 -0.5192410 0.0884000
v 0.7710689 -0.1516310 -0.4888445
v -0.5306051 0.0288615 -0.4766404
v 0.3145110 0.8040130 0.0362186
v 0.5929350 -0.9742210 -0.2367155
v -0.9614560 -0.7436600 -0.1716664
v -0.7352541 -0.5733920 -0.4128794
v -0.7240091 -0.5843771 -0.4385334
v 0.6282219 -0.9374880 -0.3713155
v -0.3058380 -0.9687769 -0.2226245
v -0.4561951 -0.7181060 -0.6291395
v -0.7307911 -0.5964659 -0.4172534
v 0.4026790 -0.9769020 0.1519635
v -0.3563991 -0.9505470 -0.5897945
v 0.7872299 -0.2860390 -0.4950765
v -0.5765291 -0.1063440 -0.5318415
v -0.0809563 -0.7816581 -0.6565545
v 0.7921949 -0.3104530 -0.4868865
v 0.2377640 0.7136940 0.0136171
v 0.7994019 -0.2178390 -0.4726985
v 0.9192329 0.1245820 -0.6228235
v 0.0063884 0.7529410 0.1683645
v 0.9665689 0.0539343 -0.2075286
v -0.1987830 -0.9154561 -0.0160725
v 0.2212190 0.7724520 0.0047563
v 0.6320510 0.2559110 0.0947641
v 0.2740770 -0.4325220 0.2212735
v 0.6884580 -0.9008100 -0.1272365
v 0.8737780 -0.3481050 -0.3158496
v -0.7384510 -0.0647699 -0.2132864
v -0.7441470 -0.0830287 -0.2306874
v 0.6974960 -0.9233320 -0.1320466
v -0.3654681 -0.3547860 -0.7122934
v 0.7713059 -0.2504150 -0.5094746
v -0.3671761 -0.3289820 -0.7132924
v 0.6170649 -0.9349231 -0.3478145
v 0.0451008 -0.9503680 -0.6975025
v 0.6877210 0.4600170 0.2724845
v 0.9613120 0.3985500 -0.2531986
v -0.6117051 -0.3742480 -0.5754665
v 0.8560550 0.0899856 0.0085193
v 0.0502585 -0.1788320 -0.6205415
v -0.6850280 -0.6118760 0.1390546
v 0.4183200 -0.3073560 0.2607335
v 0.2801650 0.6232320 -0.0629052
v -0.4090841 -0.5626130 -0.6880514
v -0.8967091 -0.6532480 -0.3905294
v 0.3391230 -0.5951540 0.1607285
v 0.9948680 0.1427860 -0.2324296
v -0.8779461 -0.5802720 -0.3809154
v 0.3369950 -0.9818680 0.2929005
v 0.9914540 0.1276940 -0.2149426
v 0.9087149 0.2547130 -0.6099566
v -0.4148321 -0.5914410 -0.6756905
v -0.4511191 -0.4100440 -0.6949864
v 0.7470009 -0.0618767 -0.4861996
v -0.3606531 -0.8546940 -0.5926384
v 0.9525329 0.4871490 -0.2048606
v -0.5230121 -0.9224530 -0.4425234
v 0.8465289 0.4699860 -0.5107126
v 0.7723519 -0.1737660 -0.4925885
v 0.7829609 -0.1927910 -0.4854355
v 0.3681580 -0.9589109 0.2616115
v -0.5771890 -0.7921140 0.1800736
v -0.4784881 0.1272620 -0.4414785
v 0.0029111 0.9170660 0.2274575
v 0.0151672 0.9359111 0.2111825
v 0.3108770 -0.9836100 0.3106145
v 0.6947190 -0.8908820 -0.1019015
v 0.0194736 0.9085010 0.2085755
v 0.7022640 -0.9081330 -0.1138505
v 0.9538629 0.4446070 -0.3508866
v -0.7167681 -0.6372070 -0.4239864
v -0.7203291 -0.6120909 -0.4320254
v -0.5562530 -0.6211770 0.2738526
v 0.5822681 0.6682570 0.3718645
v 0.0175127 0.6864830 0.0973815
v 0.7276849 -0.1363360 -0.5168856
v -0.5146611 -0.7327400 -0.5692604
v -0.5392670 -0.8291430 0.1661426
v -0.4892711 -0.7617290 -0.5653434
v -0.6059161 -0.2420090 -0.5714645
v -0.1235991 -0.9208330 -0.3102545
v -0.2212901 -0.8179730 -0.6385585
v -0.2605351 -0.9239841 -0.6099845
v -0.1348291 -0.9196171 -0.3351835
v 0.2696150 -0.2018690 0.2797875
v 0.5855740 0.7283130 0.5939165
v -0.7314260 -0.5036160 0.1073596
v 0.8975239 0.3556750 -0.5704046
v 0.8907439 0.3385480 -0.5929366
v 0.5833770 0.5446090 0.3081655
v -0.3372910 -0.9475660 0.2738035
v 0.5495670 -0.4407180 0.2157805
v -0.0688983 -0.1544300 0.3377555
v 0.9087799 0.2856520 -0.5966025
v -0.3634000 0.0163045 0.2227196
v -0.8829380 -0.8040390 -0.3052964
v 0.5757610 0.6401970 0.3658985
v 0.6361440 -0.8355830 -0.0596373
v 0.7673580 -0.4167530 0.0946274
v 0.7114919 -0.4458460 -0.4861615
v 0.2892400 -0.3886760 0.2360405
v 0.7120910 -0.9299990 -0.1102855
v 0.1544309 -0.9227570 -0.4279345
v 0.1483049 -0.9223700 -0.4778065
v 0.3386880 -0.9745440 -0.4155775
v 0.3188120 -0.1211490 0.2561845
v -0.3801811 -0.3836940 -0.7119574
v 0.6511060 -0.8844560 0.0071570
v -0.1777750 -0.0177834 0.2622905
v 0.7507239 -0.2132930 -0.5224306
v -0.7917650 -0.2773640 -0.0108884
v 0.8948139 0.2763210 -0.6254155
v -0.7571510 -0.8896950 -0.0511376
v 0.8944679 0.2475290 -0.6363725
v -0.3757471 -0.2612350 -0.7056975
v 0.0762848 -0.8878460 -0.7122275
v -0.9901400 -0.6601800 -0.1453864
v -0.5654590 -0.6971030 0.2416366
v -0.7373770 -0.9046330 -0.0605577
v 0.2208710 -0.0932294 0.2612725
v 0.2134810 -0.0673309 0.2520645
v -0.3532331 -0.6235070 -0.6975644
v -0.3449011 -0.6032560 -0.7137575
v 0.0429082 0.9513500 0.1662825
v 0.0309598 0.9282080 0.1901915
v -0.3059921 0.1138390 -0.4963815
v -0.6658211 -0.1710150 -0.4916124
v 0.4580489 -0.7332439 -0.1783515
v 0.4599479 -0.7608171 -0.1798325
v -0.9026061 -0.6764390 -0.3841694
v 0.7556799 -0.4154020 -0.4636375
v -0.5192401 -0.8722050 -0.5294735
v -0.5076931 -0.8911490 -0.5326445
v -0.9325770 -0.7235060 -0.3281134
v 0.7666229 -0.4264920 -0.4426005
v 0.3832760 -0.2562430 0.2634365
v -0.8692081 -0.7782480 -0.3521824
v -0.9331971 -0.6898510 -0.3436284
v -0.9182071 -0.6830980 -0.3667754
v 0.3922530 -0.2312570 0.2605795
v 0.8778099 0.3837160 -0.5717025
v -0.9322981 -0.6605830 -0.3539734
v -0.0431359 -0.9388930 0.3193045
v -0.2563110 -0.9718270 0.2671945
v 0.7654509 -0.0997877 -0.4772775
v 0.0498253 -0.2138060 -0.6833385
v -0.8899201 -0.7186130 -0.3793454
v -0.8908401 -0.7413960 -0.3626884
v -0.9294681 -0.6335120 -0.3640764
v 0.2774490 -0.7308379 0.1199415
v 0.1608059 -0.9492540 -0.2802905
v -0.5642941 -0.4231500 -0.6076234
v 0.8914639 0.3030880 -0.6154706
v 0.7185809 -0.4163280 -0.4981155
v 0.8384340 0.2072600 0.0451130
v 0.5931970 -0.2930630 0.2269045
v -0.3555051 -0.7750440 -0.6508015
v 0.0214479 0.8803999 0.2045865
v -0.0768552 -0.1702890 0.3759025
v 0.0543783 0.7619640 0.1508665
v 0.0711935 -0.9243730 -0.1002925
v -0.0818651 0.8761190 0.3140755
v 0.6832020 -0.8794900 -0.0849866
v 0.7129630 -0.9343240 -0.0828966
v -0.3746891 -0.7768470 -0.6334454
v 0.2677820 -0.4120170 0.2297095
v 0.7048670 -0.9116290 -0.0933914
v 0.0920806 -0.1558880 0.2950625
v 0.4567199 -0.9535069 -0.6104625
v 0.6247131 0.7995150 0.7533855
v 0.6014280 0.8105880 0.6422104
v 0.2553930 -0.7911220 0.1608505
v -0.3925321 -0.7569790 -0.6335815
v -0.3798481 -0.3096220 -0.7072545
v 0.6697800 0.5049350 0.4805025
v -0.1648531 0.1659740 -0.4683205
v -0.1976540 -0.9190890 -0.0455186
v 0.0359502 0.8996871 0.1909805
v -0.3659261 -0.6433020 -0.6841084
v -0.0046783 -0.9238970 -0.2729325
v 0.1697960 0.6935570 0.0486601
v 0.2492980 -0.7747329 0.1321925
v -0.3658671 -0.5958340 -0.6979764
v 0.3150609 -0.9415129 -0.5752314
v -0.5025700 -0.1717340 0.2606795
v 0.4779309 -0.7999130 -0.1843505
v 0.3787060 -0.0435361 0.2329365
v 0.7145279 -0.3399070 -0.5333416
v 0.8569019 0.0979136 -0.6457846
v 0.0626280 -0.9201920 0.1913915
v -0.8809800 -0.7859720 -0.3309014
v 0.6297830 0.2844330 0.0906113
v 0.9032919 0.1467730 -0.6354735
v 0.1665230 -0.9645571 -0.2551335
v 0.2876350 -0.7532560 0.1217655
v 0.0969501 -0.9229540 -0.0257758
v 0.2470169 -0.9726980 -0.4911955
v -0.0510798 -0.1714860 0.3749025
v -0.4040180 -0.9732749 0.0509009
v 0.2408500 -0.2074990 0.2849315
v -0.4269040 -0.9684809 0.1061606
v 0.7832409 -0.2651470 -0.4991675
v -0.3734531 -0.7540770 -0.6524155
v -0.6002701 -0.5570720 -0.5567544
v 0.4831480 -0.9850399 -0.0951098
v 0.7550029 -0.3525610 -0.5019276
v -0.4107260 -0.9733900 0.0053788
v -0.6892431 -0.3196530 -0.4945444
v -0.6740251 -0.3311870 -0.5138155
v -0.4823980 -0.1729390 0.2695605
v 0.0399749 -0.1393580 -0.5888195
v 0.2472520 -0.1793620 0.2776245
v -0.9053490 -0.7414629 -0.0170273
v 0.9000529 0.3151340 -0.5949536
v 0.2589200 -0.3899820 0.2428905
v 0.2681810 0.7422810 0.1500045
v 0.1518859 -0.4453360 -0.5607735
v 0.4521469 -0.6986220 -0.3697005
v -0.3915181 -0.7332200 -0.6497185
v -0.3549201 -0.7989340 -0.6315364
v 0.7051770 0.5504839 0.5413044
v -0.5402260 -0.6403050 0.2898456
v 0.0859434 0.6406670 0.0140540
v -0.7340611 -0.4587520 -0.4334124
v -0.5283900 -0.6680911 0.2991466
v 0.7013690 -0.9146090 -0.0687760
v 0.6051940 0.2987000 0.0840232
v 0.0077755 -0.1254540 0.2895295
v 0.7386669 -0.2377070 -0.5343096
v 0.4172460 -0.8153930 0.1006953
v 0.7513749 -0.2588900 -0.5257766
v -0.3062220 -0.9714320 0.2572446
v 0.1690170 -0.2505830 0.3178005
v 0.1567040 -0.2256340 0.3119975
v 0.8909329 0.2182320 -0.6416076
v 0.8777199 0.2686740 -0.6497776
v 0.8770109 0.2951910 -0.6374466
v 0.0313065 0.6228040 0.0883836
v 0.6941779 -0.4106520 -0.5166416
v -0.4561181 -0.9206280 -0.5637375
v -0.4901261 -0.9175540 -0.5352644
v -0.4715591 -0.9073139 -0.5587564
v 0.2714170 -0.3677570 0.2520125
v 0.3589099 -0.9728040 -0.4353615
v -0.4106271 -0.7374710 -0.6320074
v -0.4070531 -0.7173170 -0.6448664
v -0.0139568 0.6660531 0.1722115
v 0.1063490 -0.5682560 0.4124085
v 0.1615740 0.8589650 0.1859685
v -0.1091361 -0.8974400 -0.6506485
v 0.2865889 -0.9605230 -0.1734305
v -0.0742906 0.8580890 0.2889235
v -0.0917357 0.8481600 0.3116665
v -0.6097451 -0.4077480 -0.5785344
v 0.7670329 0.4423990 -0.5893345
v 0.8547809 0.0719111 -0.6358406
v 0.8786659 0.0859368 -0.6366455
v -0.3607270 -0.1202190 0.2675236
v 0.7727669 -0.3063480 -0.5052416
v -0.3422810 -0.1005460 0.2531075
v 0.3521049 -0.6243850 -0.5285756
v -0.9890410 -0.5604060 -0.1421084
v 0.3596240 0.4693820 -0.0771738
v 0.8336479 0.4254090 -0.5706125
v 0.4103940 0.7139260 -0.0506027
v 0.5949240 -0.6154040 0.0232236
v 0.9053099 0.2004810 -0.6254545
v -0.8058010 -0.3067230 -0.1551744
v -0.7634151 -0.2398340 -0.3594444
v -0.3937441 -0.7070500 -0.6601674
v 0.2782860 -0.6848220 0.1249575
v -0.7815570 -0.2484410 -0.3167514
v -0.7893641 -0.7899669 -0.4135144
v 0.9050129 0.1738330 -0.6309605
v -0.7914941 -0.7673399 -0.4261044
v -0.4063451 -0.6300520 -0.6648434
v 0.0463723 -0.0709393 0.2749845
v 0.8864649 0.3238390 -0.6080435
v -0.5750030 -0.9052190 0.0247059
v -0.4373851 -0.7440881 -0.6168554
v -0.4279021 -0.7162510 -0.6353614
v 0.0288107 0.7241590 0.1353845
v 0.0304110 0.7463551 0.1527475
v 0.7347089 -0.3713340 -0.5089106
v 0.7154499 -0.3910000 -0.5135595
v 0.6905230 -0.2316200 0.1892695
v -0.3986131 -0.6788490 -0.6627675
v -0.4114671 -0.3416830 -0.6898054
v 0.7604120 0.6571590 0.3721855
v 0.6456260 0.6058470 0.6771265
v -0.7755501 -0.8082210 -0.4077014
v 0.6635880 0.6245120 0.6730505
v -0.7599741 -0.8280849 -0.3965844
v 0.6877980 -0.8947040 -0.0335979
v 0.7136340 0.3550000 0.0745897
v 0.3392850 -0.5594630 0.1790855
v 0.5910330 -0.0882368 0.2107495
v 0.4162360 -0.7877640 0.0961815
v 0.6987630 -0.9138510 -0.0424427
v -0.7524791 -0.1945830 -0.3650304
v -0.3249050 -0.9749020 0.2399275
v 0.0511638 -0.5014780 -0.6897885
v 0.6419120 0.7937120 0.7299715
v -0.1254660 -0.0132314 0.2684395
v -0.2078791 -0.9262840 -0.2868125
v 0.9170959 0.4105480 -0.4879816
v 0.1834210 -0.2300530 0.2965125
v 0.5885750 -0.9272010 -0.2476925
v 0.0824173 -0.2860220 0.4555795
v 0.2653440 -0.7079420 0.1207425
v 0.2493930 -0.3258280 0.2742485
v 0.4720050 -0.6794040 -0.2774685
v 0.4098590 0.5633390 0.0555848
v 0.4381410 0.5884310 0.0447588
v 0.4318680 0.5667890 0.0455673
v 0.7255149 0.2822760 -0.6769566
v 0.7181380 0.6784430 0.1495645
v -0.1049871 -0.8180000 -0.6325815
v 0.6438720 -0.4454480 0.1854985
v 0.3305900 -0.8048310 0.1309065
v 0.6159230 0.1123570 0.0978291
v 0.4720329 -0.5785820 -0.4629865
v 0.9003779 0.1021470 -0.6315926
v -0.3897181 0.1457260 -0.4573824
v 0.0396878 0.6391340 0.0486777
v 0.4551810 -0.8550600 0.0997333
v -0.5231110 -0.8480000 0.1468636
v -0.5159881 -0.8421470 0.1767376
v -0.4020001 -0.6514490 -0.6616364
v 0.8981849 0.1242300 -0.6380185
v 0.8804529 0.1117420 -0.6444516
v 0.7545629 -0.3260870 -0.5121586
v 0.1405960 -0.2199600 0.3258335
v 0.5851110 -0.9462160 -0.2660885
v -0.6144681 -0.3465110 -0.5692254
v -0.5939391 -0.3559250 -0.5814834
v -0.5434221 -0.7374001 -0.5387455
v 0.7519649 -0.3786780 -0.4918295
v -0.5348371 -0.7237920 -0.5560474
v 0.7341509 -0.4300160 -0.4760585
v -0.3567121 -0.5217940 -0.7185314
v -0.3401881 -0.5360570 -0.7227025
v 0.7435589 -0.4039170 -0.4838856
v 0.7331039 -0.3924440 -0.4995525
v 0.3800579 -0.5562140 -0.5235296
v 0.0386250 -0.9254410 -0.2380395
v 0.9723529 0.0881981 -0.4979466
v 0.0307751 -0.9249070 -0.2673555
v 0.7252110 -0.3958130 0.1541425
v 0.8766779 0.3621460 -0.5913805
v 0.8732709 0.3418550 -0.6100006
v 0.1339910 0.5818210 0.0660748
v -0.3711181 -0.7264370 -0.6720775
v -0.3540791 -0.7043149 -0.6911754
v 0.8375099 0.4041190 -0.5882146
v -0.3788741 -0.6921370 -0.6785924
v 0.6697479 -0.6157390 -0.0842212
v 0.7346599 -0.3456520 -0.5186875
v -0.7650870 -0.1715770 -0.3187654
v -0.0815629 -0.0406507 0.2701775
v -0.0574447 -0.0282852 0.2592765
v 0.7427399 -0.2860430 -0.5297585
v 0.2802809 -0.9229350 -0.5737125
v -0.0048535 -0.0991149 0.2822625
v 0.7214479 -0.1591180 -0.5306496
v 0.8591459 0.2880180 -0.6569485
v 0.6225870 0.8829740 0.7569675
v 0.8419289 0.2834550 -0.6718156
v 0.6437880 0.8730429 0.7496205
v 0.8399849 0.3031340 -0.6627925
v 0.0931964 0.8472199 0.1400435
v 0.1075040 0.8563859 0.1194665
v 0.8336859 0.3263670 -0.6529205
v 0.8257349 -0.0718320 -0.4087335
v 0.2084240 0.7573670 0.1836385
v 0.8395809 -0.0599861 -0.3885196
v 0.3070600 0.5859571 0.1023135
v 0.1355919 -0.3998310 -0.6236725
v 0.3634109 -0.9706670 -0.4782235
v -0.0608039 0.8533469 0.2701425
v 0.1329840 -0.2236800 0.3478235
v 0.3201050 -0.3768570 0.2414535
v 0.8821259 0.1372790 -0.6459215
v 0.8619429 0.1522790 -0.6498665
v -0.0473560 -0.9236079 -0.2321955
v -0.7455501 -0.1687850 -0.3618124
v -0.6042441 -0.2940060 -0.5727424
v -0.5846981 -0.2858560 -0.5839484
v -0.5567101 -0.7199470 -0.5433434
v -0.5742941 -0.6960230 -0.5454774
v -0.5417421 -0.6783150 -0.5780625
v 0.8591589 0.1254320 -0.6491606
v -0.8060590 -0.4016540 -0.2763524
v -0.3607581 -0.4740560 -0.7200155
v -0.3359471 -0.9659500 -0.2682775
v -0.3815371 -0.9643730 -0.2662195
v -0.2905331 -0.0072806 -0.5517225
v 0.6388819 -0.9579660 -0.4140376
v -0.1801911 -0.9081020 -0.6292444
v 0.0232425 -0.5379910 -0.7000015
v -0.8148750 -0.8288080 -0.0106421
v -0.3660661 -0.4069320 -0.7195764
v 0.7834389 -0.0321398 -0.4623475
v -0.1497120 -0.1639660 0.3622545
v -0.3595611 -0.4483260 -0.7235094
v 0.6310209 -0.9124250 -0.4091285
v 0.6208939 -0.8928440 -0.4210185
v -0.0180400 0.7572380 0.1827145
v 0.8566919 0.4059270 -0.5710946
v 0.8577949 0.3845960 -0.5896155
v -0.0135916 -0.9182380 0.0561525
v -0.8009610 -0.3873000 -0.2966954
v -0.0152405 0.1490120 -0.4432705
v -0.5813490 -0.7580700 0.2142316
v -0.6474471 -0.7330900 -0.4610364
v 0.9347159 0.4198100 -0.4070806
v -0.6399481 -0.7575390 -0.4512234
v 0.8556139 0.2642280 -0.6698715
v 0.0839703 -0.1785620 0.3084895
v 0.6233370 0.8280880 0.7595275
v 0.4018179 -0.5644170 -0.5065295
v -0.8029960 -0.2549180 -0.1412414
v -0.8020150 -0.2611240 -0.1635044
v 0.3159730 0.6919940 0.1260205
v 0.3666480 0.7261310 -0.0637836
v 0.7265289 -0.2125280 -0.5411225
v -0.4414260 -0.2255100 0.3029886
v -0.4305300 -0.2412400 0.3200085
v -0.9286440 -0.7898240 -0.1969504
v 0.8222459 0.4881210 -0.5090465
v 0.8250149 0.4693170 -0.5303815
v 0.4111400 -0.9500110 0.1433085
v 0.1086289 -0.3263900 -0.6927065
v 0.7013249 0.2577620 -0.6727615
v 0.7078309 0.2746360 -0.6700955
v 0.6992939 0.2916460 -0.6592606
v -0.1008570 0.8370630 0.3313495
v 0.1273970 -0.5303670 0.4156815
v 0.1836910 -0.9768140 0.3621545
v -0.2098311 -0.9450520 -0.5089614
v 0.1102290 -0.5256211 0.4340835
v -0.6488271 -0.7935070 -0.4210504
v 0.7193909 -0.2941930 -0.5420706
v 0.7976209 0.3618380 -0.6467735
v 0.0681220 -0.4503090 -0.6966165
v -0.3545051 -0.5762579 -0.7105444
v 0.3816749 -0.9769770 -0.3414885
v 0.8848319 0.1633210 -0.6439806
v -0.6710941 -0.2519900 -0.5215204
v 0.7440439 -0.0877220 -0.4903525
v 0.7340249 -0.1132660 -0.5029315
v 0.1653660 0.5663390 0.0265498
v -0.5695451 -0.3176250 -0.6057904
v 0.7631509 -0.1914240 -0.5059455
v 0.5839600 0.5362970 0.2637295
v 0.7391499 -0.1829490 -0.5253566
v 0.6128870 -0.5562940 0.0830645
v -0.8583741 -0.7703810 -0.3701644
v 0.7740159 -0.2206910 -0.5013636
v 0.0770108 0.8318820 0.1555015
v 0.1083320 0.8335580 0.1278735
v 0.7576709 -0.2359240 -0.5195716
v -0.5190470 -0.7675720 0.2667546
v 0.2855770 0.6661730 0.1417675
v -0.8644180 -0.8371381 -0.2630564
v 0.7561389 -0.1656390 -0.5051106
v 0.7498979 -0.1375990 -0.5002795
v 0.6715619 0.0845068 -0.6853955
v 0.6851239 0.2446240 -0.6695946
v 0.1891249 -0.9466820 -0.4816115
v 0.7331459 -0.3161110 -0.5285485
v -0.9868550 -0.5598609 -0.2559004
v 0.2377920 0.7607520 -0.0125848
v 0.5782680 0.5613910 0.2711705
v 0.8729379 0.2372820 -0.6616516
v 0.3343330 0.6950850 0.1134845
v 0.5505620 0.3711750 0.0565368
v 0.5639960 0.3872390 0.0546850
v 0.2331480 -0.6212100 0.1482875
v 0.2109990 -0.6285660 0.1588665
v -0.8397951 -0.8636240 -0.1733284
v 0.6683890 -0.8597521 -0.0926408
v 0.4229190 0.4615710 -0.1588225
v 0.1022370 -0.9251651 -0.1057795
v 0.4022499 -0.6542650 -0.4803855
v -0.6149751 -0.2218330 -0.5608605
v 0.3938809 -0.6999130 -0.4893855
v -0.5834421 -0.3084550 -0.5864344
v -0.5715461 -0.2930860 -0.5976624
v -0.7399760 -0.1068460 -0.3129324
v 0.7619770 0.5739909 0.0091611
v -0.3508831 -0.3816190 -0.7206854
v 0.8459030 0.2328740 0.0401657
v 0.5851710 0.7111050 0.5726854
v 0.8877589 0.1902220 -0.6428435
v -0.7768781 -0.3382200 -0.3615184
v 0.8721019 0.2053640 -0.6590125
v -0.7099241 -0.6050050 -0.4547234
v 0.2583350 -0.2941470 0.2820515
v -0.0705968 0.7343169 0.2719485
v 0.7689200 -0.4999390 -0.0109773
v 0.1789740 0.6266730 0.1459475
v -0.7672230 -0.3433770 0.0518557
v -0.4871951 -0.0581770 -0.5514094
v 0.2556480 -0.9295280 0.3625085
v -0.7180740 -0.0210433 -0.1655584
v 0.7122911 0.5232249 0.5042165
v 0.4411300 -0.9839540 0.1264695
v 0.8384499 0.3847430 -0.6052745
v 0.6623139 0.1104630 -0.6920726
v 0.5896060 0.7364759 0.5684775
v 0.8228069 0.4007010 -0.6028505
v 0.8560659 0.3639360 -0.6088205
v 0.6568519 0.1407170 -0.6915866
v 0.8344909 0.3666210 -0.6236115
v 0.8511319 0.3406650 -0.6304786
v -0.5966240 -0.9128690 0.0112779
v -0.6694050 -0.7044600 0.0947965
v 0.1112570 0.7786601 0.2278325
v 0.8736039 0.3198020 -0.6250725
v 0.5295030 0.0062203 0.1975465
v 0.5329580 0.0286032 0.1854195
v 0.7068269 -0.1379160 -0.5307116
v -0.2090110 -0.9123451 0.0623348
v 0.8505739 0.1920900 -0.6713275
v 0.3760260 0.4668770 -0.0963338
v 0.8560129 0.2164830 -0.6743405
v 0.2897949 -0.9022270 -0.5610045
v 0.6980149 0.3641970 -0.6316705
v 0.0837184 0.6618400 0.0381139
v -0.6904150 -0.5825020 0.1438646
v 0.6246020 0.5203220 0.4308005
v -0.6665711 -0.7190770 -0.4473394
v 0.4311709 -0.7457761 -0.2111845
v -0.6780891 -0.6290100 -0.4910074
v 0.1325890 -0.9266760 -0.1094165
v 0.6680061 0.4861370 0.3924125
v -0.5714771 -0.7860540 -0.5000114
v 0.6159969 -0.9420780 -0.5402276
v -0.0284301 -0.9230410 -0.1517675
v 0.0543825 -0.5602020 -0.6532515
v -0.6158371 -0.4332510 -0.5709104
v 0.0781541 -0.4629560 -0.6782244
v -0.3263810 -0.7847130 0.3408045
v -0.3562010 -0.9539320 0.2641105
v 0.1494710 -0.4883760 0.4153065
v 0.1387840 -0.7692860 0.2955265
v -0.6257501 -0.1593160 -0.5249204
v -0.4026871 -0.8375350 -0.5836404
v 0.1179809 -0.7020710 -0.5169765
v 0.8664219 0.1786930 -0.6540136
v 0.2660590 -0.2710530 0.2857685
v 0.8429429 0.1668600 -0.6610815
v -0.3414501 -0.4879610 -0.7294374
v 0.8370479 0.1407880 -0.6514495
v -0.3408431 -0.5121289 -0.7262625
v -0.3403611 -0.4625720 -0.7326655
v 0.2610030 -0.2481430 0.2875015
v 0.6407399 -0.9378980 -0.4566405
v 0.1119159 -0.9623290 -0.6860615
v 0.6402619 -0.9309920 -0.4281595
v 0.3864359 -0.9542890 -0.5950375
v 0.3812739 -0.9652320 -0.5733055
v 0.1323930 -0.9229400 0.0370388
v 0.6296339 -0.9093020 -0.4312645
v 0.6511149 0.0928167 -0.6774046
v 0.6245269 -0.8930759 -0.4452015
v 0.6340639 -0.9142330 -0.4517025
v 0.0565728 -0.4357280 -0.7117975
v 0.0843858 -0.9213430 -0.4035225
v 0.6561949 0.1730000 -0.6864765
v 0.6601129 0.2024390 -0.6762225
v 0.0719676 -0.9191440 -0.4294075
v 0.6650879 0.2282270 -0.6650116
v 0.6649289 0.2507630 -0.6502826
v 0.7734180 0.7562270 0.3801945
v 0.0937350 0.6793320 0.0606365
v 0.6855559 0.2704060 -0.6575906
v 0.6899829 0.3150130 -0.6456246
v 0.6931819 0.3408330 -0.6383995
v 0.5916200 -0.4957250 0.1709915
v -0.8303381 -0.7557850 -0.4054524
v 0.2043720 0.6258240 -0.0467877
v 0.5061270 -0.7289290 -0.1075675
v 0.2522290 -0.3758890 0.2584425
v 0.8235309 0.3507740 -0.6426856
v -0.7362081 -0.1416350 -0.3595194
v 0.2544550 0.6289290 -0.0527975
v -0.6620941 -0.6877069 -0.4783864
v 0.7521321 0.6392061 0.3498954
v 0.1467120 -0.4679490 0.4289705
v 0.0394965 -0.6138690 -0.6453555
v 0.2621680 0.7300270 -0.0316417
v -0.0213185 -0.9172620 0.0826189
v 0.5381859 -0.9344820 -0.6138735
v -0.5252021 0.0492692 -0.4646734
v -0.7085821 -0.1855990 -0.4400684
v -0.7147411 -0.1685810 -0.4211284
v 0.1084369 -0.2341200 -0.6349865
v 0.6593910 0.5266930 0.5463964
v -0.5487141 0.0374080 -0.4625994
v 0.7702200 0.5764960 0.0852930
v -0.4436721 -0.6881400 -0.6429594
v 0.6562610 0.2142010 0.0963003
v 0.1323469 -0.9546530 -0.6979744
v 0.2174440 0.7323840 0.0340825
v 0.7351110 0.6191660 0.0594316
v 0.2040540 0.6458319 -0.0216394
v 0.2016590 0.6771390 0.0216236
v 0.6882941 0.5836670 0.6005555
v -0.0954983 0.7904510 0.2709865
v -0.5289120 -0.9353930 0.0074846
v 0.5679429 -0.8416719 -0.5498895
v 0.6267569 0.0168629 -0.5119216
v 0.0590540 -0.4750310 -0.6918095
v 0.2100330 0.7022250 0.0341582
v -0.0626082 0.9332130 0.3205915
v -0.7275621 -0.1148850 -0.3579724
v -0.4203631 -0.6671660 -0.6514204
v -0.7697890 -0.2661460 0.0438344
v 0.2229540 0.5828700 -0.0442503
v 0.9002770 -0.0394791 -0.1891236
v -0.6930930 -0.0679736 0.0500282
v -0.1428770 -0.8185390 0.3600215
v 0.6057739 -0.9156899 -0.5459686
v 0.1363809 -0.3720630 -0.6410445
v 0.0764719 -0.6240060 -0.5836924
v -0.6919661 -0.0645926 -0.3869064
v 0.6201360 0.5874890 0.5951005
v -0.9786650 -0.5387920 -0.2577374
v 0.8187649 0.3862820 -0.6183715
v 0.7119649 -0.3180680 -0.5406665
v -0.0545972 -0.9239780 -0.2561215
v -0.9715940 -0.5181620 -0.2445554
v 0.0920203 -0.3612900 -0.7196075
v -0.5239491 -0.7492520 -0.5459455
v 0.7579679 0.5522560 0.1732875
v -0.1869290 -0.9183990 -0.3344195
v 0.5842140 -0.8118720 -0.0831568
v 0.0057972 -0.1557670 -0.6161425
v -0.2126051 -0.9597631 -0.5246274
v 0.2572590 -0.2247790 0.2856325
v 0.2829580 0.7165080 0.1443015
v 0.0597566 -0.5170660 -0.6720575
v 0.0502613 -0.5435090 -0.6717324
v 0.0610316 -0.6878570 -0.6025275
v 0.2167139 -0.7722830 -0.5158345
v 0.6573029 0.0701068 -0.6656966
v 0.6367099 0.0867140 -0.6582525
v 0.2325039 -0.7935210 -0.5282925
v 0.6357239 0.1167960 -0.6745415
v 0.0684307 -0.4896540 -0.6735675
v 0.6339249 0.1530140 -0.6729515
v 0.6351439 0.1859630 -0.6624735
v 0.4393879 -0.7415910 -0.4345785
v 0.6443229 0.2147910 -0.6552235
v 0.4431379 -0.7241009 -0.4151745
v 0.4413379 -0.6962230 -0.4146655
v 0.4418409 -0.6386631 -0.4240335
v -0.6847901 -0.7039690 -0.4342264
v 0.6739299 0.2930040 -0.6386955
v 0.3067130 0.6668479 0.1306335
v -0.3844760 0.1897510 0.0587287
v 0.6791119 0.3531930 -0.6237425
v 0.6771399 0.3761880 -0.6140916
v 0.2370649 -0.8768229 -0.6125414
v 0.0353313 -0.5490750 -0.6864115
v 0.2701489 -0.9744400 -0.3815955
v 0.3136180 -0.2520440 0.2766855
v -0.6196681 -0.1196400 -0.5036275
v 0.4804829 -0.6919340 -0.1991695
v 0.0563755 0.8874201 0.2636495
v -0.8008270 -0.2710570 -0.1890294
v 0.6718940 -0.3109140 0.2041495
v 0.6485500 -0.3198400 0.2147155
v -0.6900771 -0.4067700 -0.4973894
v 0.2525710 0.7503030 -0.0268159
v 0.5202660 -0.0696743 0.2193465
v -0.7232201 -0.1927500 -0.4204804
v 0.1547300 0.7611080 0.2075055
v 0.7287000 -0.5563850 -0.0363075
v -0.7551461 -0.3153850 -0.3989164
v -0.7521691 -0.3449440 -0.4075184
v -0.6607221 -0.3799170 -0.5348775
v 0.6022810 -0.3795190 0.2226925
v 0.4940250 -0.9246840 0.1189765
v -0.4785200 -0.9203130 0.1068656
v 0.4699720 -0.9218990 0.1268455
v -0.5906130 -0.4087970 0.2611156
v -0.3873301 -0.6349961 -0.6713534
v -0.5564300 -0.9657240 -0.0768250
v -0.3013130 -0.2361610 0.3943816
v -0.8045400 -0.3726800 -0.2724894
v -0.0633523 -0.9189090 0.1746285
v 0.4617729 -0.6765720 -0.3090405
v 0.2268090 0.6836480 0.0143474
v 0.4547099 -0.8228030 -0.2333785
v 0.4010350 0.4390840 -0.0721148
v 0.0498297 -0.9179291 0.1663635
v -0.5634341 -0.6764890 -0.5650384
v 0.9331589 0.3239850 -0.4098546
v -0.7102530 -0.6692020 0.0591061
v 0.5947489 -0.8711441 -0.5326815
v 0.5645639 -0.8596030 -0.5705616
v 0.2099290 0.7621650 0.0295813
v 0.0557136 -0.2005360 -0.6604505
v 0.6663640 0.4756900 0.3442345
v 0.9313490 0.5088280 -0.3338576
v 0.0800637 -0.5238050 -0.6345865
v 0.4699080 -0.6260320 0.0946198
v 0.5407230 -0.0630604 0.2155945
v -0.3700590 -0.9685950 -0.4667304
v -0.4327041 -0.5483270 -0.6743054
v 0.4790010 -0.7440860 0.0497701
v 0.4891780 -0.3488820 0.2579315
v -0.4226301 -0.4964510 -0.6890255
v 0.6759540 0.4640660 0.2984855
v 0.6525330 -0.2915130 0.2093205
v 0.1828500 -0.1610600 0.2801285
v 0.1502640 -0.4079790 0.4361525
v 0.8776970 -0.4052070 -0.1872036
v 0.6517889 0.0432757 -0.6203555
v 0.4574240 -0.6798379 -0.3312915
v 0.6910629 0.0269556 -0.6300796
v 0.4571300 -0.6751640 -0.3534955
v 0.2787440 0.5732189 0.0991894
v -0.7501611 -0.6757450 0.0484502
v 0.4539889 -0.6972680 -0.3420145
v 0.2071809 -0.8599180 -0.6444474
v 0.7982060 0.7295769 0.4096574
v -0.4277051 -0.5729330 -0.6713704
v 0.5861750 -0.1470750 0.2123675
v 0.6254519 0.2051820 -0.6400666
v 0.5874790 -0.1190010 0.2153165
v 0.6513199 0.2354320 -0.6476795
v 0.8130749 0.0722305 -0.6386196
v 0.6615569 0.2719500 -0.6345175
v 0.0406427 -0.1842610 -0.6476315
v 0.1283099 -0.5370990 -0.5406685
v 0.6709199 0.3329600 -0.6232426
v 0.1045879 -0.6056390 -0.5483875
v 0.3688100 0.4598600 -0.0297195
v 0.1040009 -0.5412630 -0.5817765
v 0.5279710 -0.6696050 -0.0644236
v 0.6008781 0.6164410 0.5567785
v 0.6246340 -0.9829310 0.0626799
v 0.2388210 -0.0755707 0.2494695
v 0.9353079 0.0849417 -0.5929915
v -0.6897421 -0.4307200 -0.4990574
v 0.8122989 0.1267870 -0.6588596
v -0.7423861 -0.3054650 -0.4224914
v 0.7914729 0.1122880 -0.6741375
v 0.5885580 -0.2176140 0.2238935
v 0.7749799 0.5777510 0.1344804
v -0.7222081 -0.2469760 -0.4427284
v 0.2023080 0.7464660 0.0483449
v 0.0631202 -0.9183160 0.1456025
v -0.0267947 0.6810640 0.1924875
v 0.9180990 0.0159851 -0.1557436
v -0.9173860 -0.7552520 -0.3187354
v 0.2535299 -0.9001410 -0.6033045
v 0.4116769 -0.6212950 -0.4723135
v 0.0249094 -0.6299560 -0.6627835
v 0.7717470 0.6020540 0.1214924
v -0.7654981 -0.4699380 -0.3782554
v -0.7604291 -0.4420170 -0.3874674
v 0.1034959 -0.3795330 -0.7030544
v 0.2757419 -0.9606720 -0.5655665
v 0.7151379 -0.3659980 -0.5245906
v 0.0707720 -0.5744320 -0.6155235
v 0.2161899 -0.9391410 -0.6524245
v -0.1824191 -0.8842620 -0.6275675
v -0.7706781 -0.7869869 -0.4262474
v -0.1699430 -0.9249860 -0.1395885
v -0.4715681 -0.9436660 -0.5219014
v -0.7477131 -0.5631350 -0.3889884
v -0.7292230 -0.0789611 -0.3170474
v -0.7681881 -0.4946860 -0.3680924
v -0.9069921 -0.7444280 -0.3416384
v -0.4573420 -0.8872620 0.2425126
v -0.7595721 -0.5188600 -0.3788594
v 0.1180480 0.8370570 0.2260315
v -0.7725041 -0.5155220 -0.3559274
v 0.5333819 0.3208290 -0.4713565
v 0.1552509 -0.3198640 -0.6031735
v -0.6539001 -0.2326080 -0.5342374
v 0.5231349 -0.8733600 -0.2478405
v 0.8756519 0.5095840 -0.4254996
v 0.6725540 0.6244690 0.6486954
v -0.8078430 -0.3894020 -0.2519404
v -0.0623395 -0.9208310 -0.3519705
v 0.7672619 -0.2792960 -0.5138655
v -0.7089430 -0.0325583 -0.3089264
v -0.4993591 -0.0466977 -0.5316154
v -0.5805970 -0.8062460 0.1253546
v 0.4517149 -0.6976590 -0.2933925
v 0.6714489 0.0308297 -0.6206256
v 0.6250229 0.0795298 -0.6336516
v 0.4529530 -0.6968060 -0.3188635
v 0.6171349 0.1347950 -0.6533216
v 0.7102240 -0.9378910 -0.0548007
v 0.6183339 0.1633980 -0.6503186
v 0.7132870 0.4632050 0.2362255
v 0.6185409 0.1844780 -0.6421705
v 0.6948749 -0.3590990 -0.5389076
v 0.6342479 0.2290760 -0.6337746
v 0.0982977 -0.9271359 -0.1562435
v 0.6472989 0.2513610 -0.6312346
v 0.2772310 0.6230870 0.1306995
v 0.6569049 0.2885070 -0.6207796
v 0.6629519 0.3091720 -0.6210995
v 0.0494751 -0.9829050 0.2679995
v 0.4686939 0.4093650 -0.3513305
v 0.5429599 -0.9014540 -0.6056326
v 0.6645170 0.6012371 0.6596105
v 0.6682169 0.3992550 -0.5969566
v 0.5607769 -0.9297980 -0.5994275
v 0.2460680 0.7348210 -0.0101702
v 0.7636120 0.6379300 0.3266785
v 0.2583190 0.7100101 -0.0123584
v 0.2334390 -0.8810110 0.3581115
v 0.1369499 -0.4485290 -0.5855144
v 0.2853019 -0.8629040 -0.5525165
v -0.4286701 -0.4651170 -0.6900694
v -0.4046911 -0.4763650 -0.7033004
v 0.5284220 -0.6404160 0.0071981
v 0.5089210 -0.6608090 0.0099712
v -0.7188041 -0.3170200 -0.4593594
v 0.2087699 -0.8863569 -0.6605254
v 0.1184379 -0.5240459 -0.5650284
v -0.0126554 -0.1424460 -0.6021845
v -0.7610881 -0.2902370 -0.3800914
v 0.2664689 -0.8185180 -0.5346085
v 0.2197309 -0.8567770 -0.6224045
v 0.3658299 0.1271870 -0.3813565
v -0.7747740 -0.8972991 -0.1939334
v 0.2503920 0.6868770 0.0008688
v -0.9480160 -0.6638290 -0.3308024
v 0.0359616 -0.5708489 -0.6730555
v -0.0451018 -0.9155149 0.1552025
v -0.7553481 -0.2609400 -0.3814594
v -0.7186321 -0.2153950 -0.4386804
v 0.2438110 0.8217860 0.1356985
v 0.5874970 0.5268151 -0.0017386
v 0.4691080 -0.6571240 -0.3333425
v -0.6788261 -0.0180359 -0.3686114
v 0.7474779 -0.5188020 -0.0092881
v 0.2551410 0.6654640 -0.0126842
v 0.2642959 -0.9241910 -0.5931615
v -0.6765331 -0.0350812 -0.3859374
v 0.1073549 -0.3526980 -0.7004685
v -0.6968501 -0.0895986 -0.3960304
v 0.0875991 -0.4376070 -0.6862515
v -0.7519951 -0.3913060 -0.4062084
v -0.7553581 -0.4152640 -0.3966304
v 0.2036119 -0.7976720 -0.5739245
v -0.7693821 -0.4144960 -0.3708454
v 0.7464309 -0.4411050 -0.4552096
v -0.7586611 -0.3671000 -0.3950194
v 0.3636460 0.7666030 0.0082855
v -0.8297431 -0.8080601 -0.3628024
v 0.6955099 -0.3330110 -0.5462286
v -0.3888701 -0.9190691 -0.5896584
v 0.6776869 -0.3225740 -0.5599726
v -0.4017801 -0.8943450 -0.5899804
v 0.1204009 -0.2599400 -0.6397965
v 0.6320759 0.0594738 -0.6179236
v 0.1062049 -0.5791301 -0.5552105
v -0.7472890 -0.3006010 0.1052066
v -0.8401370 -0.8306479 -0.3209794
v 0.0099808 -0.6169200 -0.6808355
v 0.6188519 0.0738156 -0.6138986
v 0.7666710 0.6747590 0.2088225
v 0.1107669 -0.2189930 -0.6123525
v 0.6076640 -0.1931600 0.2162324
v 0.1484129 -0.3726900 -0.6135604
v -0.0051807 0.1069050 0.1556755
v 0.2956130 0.6912990 0.1380655
v 0.6098769 0.1946280 -0.6235506
v 0.1273030 -0.3604580 0.4555305
v 0.2326669 -0.8488320 -0.6001755
v 0.7712400 0.6815680 0.2356104
v 0.6439489 0.2710740 -0.6127025
v 0.2038000 -0.7654390 0.1524335
v -0.0232268 0.1203700 0.1407355
v 0.2291810 0.6381360 -0.0409053
v 0.6617589 0.3521390 -0.6082895
v 0.3846360 0.0512124 -0.4583945
v 0.6546269 0.3739570 -0.5938465
v 0.6462599 0.3967990 -0.5783885
v 0.5160199 0.3002430 -0.4755055
v 0.6635039 0.4273150 -0.5795606
v 0.7824500 0.6999090 0.3069105
v 0.7268600 -0.1167920 0.1476475
v 0.7784150 0.6591220 0.2256754
v -0.7352061 -0.3735650 -0.4392834
v 0.1565659 -0.7731971 -0.5740705
v -0.7510881 -0.2328250 -0.3827314
v 0.0791624 -0.9383680 -0.5474344
v 0.2302799 -0.8107700 -0.5563855
v 0.2546380 0.6472490 -0.0311221
v 0.5307100 -0.6373301 -0.3238025
v 0.5136649 -0.6296040 -0.3496836
v -0.7299931 -0.5556980 -0.4314774
v 0.0515738 -0.6756210 -0.6173955
v 0.2077160 0.7843840 0.0176600
v 0.2245349 -0.8811930 -0.6369745
v 0.2926920 0.7431630 0.1337185
v -0.9205231 -0.6067950 -0.3705884
v 0.1598529 -0.3750760 -0.5877795
v 0.5321790 -0.7912780 -0.0265614
v -0.7671121 -0.2720920 -0.3608134
v -0.2568410 -0.9592479 0.1770895
v -0.6763550 -0.4169330 0.1718156
v -0.6795591 -0.6480670 -0.4805744
v -0.6654431 -0.6663610 -0.4889604
v -0.7159070 -0.9173380 -0.0702449
v 0.1620399 -0.3990960 -0.5724415
v -0.6890831 -0.5794250 -0.4912034
v -0.6724451 -0.5915020 -0.5088695
v -0.6835801 -0.6066771 -0.4917194
v -0.2595430 -0.2126180 0.3940246
v 0.1491419 -0.3992090 -0.5977635
v 0.1503719 -0.4232330 -0.5802414
v 0.0176049 -0.5627860 -0.6931034
v -0.6774261 -0.5618089 -0.5055655
v -0.6814371 -0.5321040 -0.4982554
v -0.6627181 -0.5430180 -0.5157844
v 0.2591750 -0.0352027 0.2392805
v -0.0906506 -0.9151599 0.1026585
v -0.6936551 -0.1067740 -0.4113214
v -0.3521970 -0.9754670 0.1999535
v 0.0584239 -0.5739460 -0.6362925
v 0.3898360 0.7137361 -0.0670657
v -0.7063811 -0.1291090 -0.4066484
v 0.4663960 -0.7339810 0.0641324
v -0.7062431 -0.1478800 -0.4201414
v 0.0641506 -0.6078711 -0.6071055
v -0.7207081 -0.3813230 -0.4608134
v 0.7638950 0.7932310 0.4510595
v 0.1271450 0.8855550 0.2007385
v 0.6796580 -0.2555060 0.1943965
v 0.2732460 -0.1716370 0.2708585
v -0.8795140 -0.8293680 -0.1367954
v 0.6226939 0.0615030 -0.6007735
v 0.5878529 -0.9565080 -0.5696785
v 0.0756445 -0.2778990 -0.7083565
v 0.8343209 0.1122700 -0.6481776
v -0.3898500 -0.1153780 0.2700445
v 0.6573419 -0.2824380 -0.5767575
v 0.6057719 0.1483110 -0.6328885
v 0.6269720 -0.9320000 0.0724926
v 0.6073809 0.1717530 -0.6294616
v 0.8411260 0.0402512 -0.0066746
v 0.0614537 -0.6637480 -0.6037505
v 0.6267729 0.2469170 -0.6078976
v 0.1897790 -0.2638070 0.3043805
v 0.1170790 -0.9231180 -0.0068425
v 0.6438019 0.2980290 -0.5987106
v 0.1210449 -0.4281180 -0.6298825
v 0.6525919 0.3271450 -0.6031405
v 0.5775929 -0.8842371 -0.5713206
v 0.6453759 0.3486560 -0.5878995
v 0.6776899 -0.2937360 -0.5637576
v 0.1513640 -0.7890570 0.2918835
v -0.3202701 -0.1765590 -0.6677175
v 0.6381480 0.8166460 0.7417645
v 0.0705611 -0.3689920 -0.7332085
v -0.4591401 -0.3856120 -0.6878974
v 0.1160430 0.9228621 0.1747125
v 0.8883509 0.0246407 -0.4171296
v -0.7229821 -0.4489760 -0.4493424
v 0.0947339 -0.3341340 -0.7142944
v 0.1621949 -0.7630841 -0.5485035
v 0.0440561 0.8529990 0.1826885
v -0.7250681 -0.2742840 -0.4436794
v 0.0564544 0.8694500 0.1727075
v -0.7343881 -0.5294501 -0.4245094
v -0.9302501 -0.5842479 -0.3566184
v 0.1761159 -0.7934870 -0.5865154
v 0.1428269 -0.3039390 -0.6245285
v -0.4402321 -0.4370390 -0.6970374
v -0.7347371 -0.1993370 -0.4011484
v 0.6357949 -0.9195700 -0.4775285
v 0.6279739 -0.8951410 -0.4703975
v 0.0243653 -0.1696020 -0.6316195
v -0.6887801 -0.3779580 -0.4962684
v -0.7148891 -0.2899690 -0.4614304
v -0.6290671 -0.1393780 -0.5086704
v -0.6462671 -0.1534920 -0.5015514
v 0.6760999 -0.3495680 -0.5532596
v 0.6552429 -0.3637050 -0.5602846
v 0.5749879 0.4830140 -0.4953705
v 0.6330819 -0.3714090 -0.5676635
v 0.6582849 -0.3110390 -0.5745085
v 0.4367479 0.4420280 -0.1957005
v 0.4308519 0.4197140 -0.1995875
v 0.6578929 -0.3387480 -0.5678115
v 0.2373189 -0.9042439 -0.6248555
v -0.5889081 0.0321294 -0.4431384
v -0.1927581 -0.8182980 -0.6352015
v -0.0546789 0.8462840 0.3437935
v 0.0971344 0.7674580 0.1302605
v 0.4462389 0.4639220 -0.2175605
v -0.5969711 0.0097332 -0.4509954
v -0.9911200 -0.5859940 -0.2521474
v 0.1415300 0.8623810 0.2011165
v -0.5938901 0.0472063 -0.4259564
v -0.7187611 -0.8679470 -0.3725444
v -0.6068141 -0.0161877 -0.4589304
v -0.6138541 -0.0393058 -0.4657104
v -0.7431621 -0.8505610 -0.3803234
v -0.6990341 -0.4755760 -0.4780734
v -0.6825741 -0.4774410 -0.5020024
v -0.6884451 -0.5028400 -0.4890584
v 0.6359960 -0.1450950 0.1926305
v -0.6177821 -0.0796439 -0.4809334
v -0.6066031 -0.0545449 -0.4791744
v 0.7617660 0.6509990 0.1531675
v 0.7807560 0.7182940 0.3299625
v 0.1049469 -0.4208430 -0.6728765
v 0.3667129 -0.6779310 -0.5140596
v -0.6785951 -0.4496620 -0.5111135
v 0.0924531 -0.2123940 -0.6296735
v 0.8086419 -0.0311844 -0.4230435
v -0.0251467 -0.8821290 -0.6786364
v -0.7170691 -0.4058610 -0.4638774
v 0.6971339 -0.3057810 -0.5511935
v 0.2563759 -0.8701431 -0.5873085
v 0.3915359 -0.6264590 -0.4947295
v 0.2537330 -0.1505580 0.2699065
v -0.0596266 0.9000230 0.3568195
v -0.7312700 -0.0932418 0.0021986
v 0.6541029 0.0222082 -0.5711076
v 0.6100669 0.0765785 -0.5969165
v 0.6090369 0.0951798 -0.6182866
v 0.0619122 -0.6379310 -0.6048875
v 0.6054719 0.1224010 -0.6299885
v 0.0709698 -0.6511730 -0.5898194
v 0.5981009 0.1589520 -0.6153925
v -0.5338810 -0.8555690 0.0964785
v 0.0926754 -0.1979740 -0.6063825
v 0.5994619 0.2053950 -0.5998835
v -0.5447010 -0.3148220 0.2842036
v 0.4208570 0.6874850 0.0410723
v 0.6287269 0.2728640 -0.5884076
v 0.2203370 -0.9789751 -0.1950765
v 0.6275219 0.2979330 -0.5700476
v 0.6374189 0.3239750 -0.5797495
v 0.1784079 -0.9281800 -0.6855265
v 0.7630980 0.6647110 0.1818605
v 0.6378959 0.3690420 -0.5735195
v 0.1579159 -0.3493660 -0.5993615
v 0.6370909 0.4185520 -0.5600745
v -0.7090310 -0.6146770 0.1062676
v 0.2615270 -0.8883320 0.3483485
v -0.6769861 -0.1014680 -0.4308814
v -0.7198541 -0.4979200 -0.4520244
v 0.4024059 -0.5380059 -0.5214146
v -0.5067541 -0.2645450 -0.6391835
v -0.5209501 -0.6216030 -0.6063644
v 0.0914648 -0.5991200 -0.5680995
v 0.0801047 -0.5887589 -0.5903955
v 0.1099769 -0.4316940 -0.6512985
v 0.4583940 -0.7768320 -0.4583645
v 0.0953749 -0.4479810 -0.6635414
v -0.3189911 -0.1568500 -0.6478945
v -0.7184500 -0.6148800 0.0861448
v 0.7899081 0.7329090 0.3821684
v 0.4427480 0.4977300 0.0197603
v 0.6098840 -0.1614730 0.2058905
v 0.7558240 0.6202900 0.3059165
v -0.0493389 -0.6286920 -0.7140385
v -0.4682100 0.1122190 -0.4582244
v -0.1044500 -0.0530569 0.2741685
v 0.4275450 -0.9699670 0.1447325
v -0.1050790 -0.0796315 0.2808065
v 0.0675906 -0.3000360 -0.7257274
v 0.7115830 0.4698980 0.2618675
v -0.0457496 0.8074590 0.2306465
v 0.1925039 -0.7641120 -0.5202475
v 0.6644970 0.4695480 0.3196265
v -0.0645567 0.7652340 0.2136095
v 0.8593410 -0.4261030 -0.1495356
v 0.1262569 -0.2435750 -0.6172144
v 0.4846730 -0.5827790 0.1003499
v -0.0372520 0.8466470 0.2440815
v -0.0548276 0.8394030 0.2562565
v -0.0462283 0.8609860 0.2595755
v 0.0189048 0.6347220 0.1235265
v -0.0412034 0.8807800 0.2634005
v -0.3360620 -0.8057340 0.3247285
v -0.0470283 0.8969860 0.2760345
v 0.0663619 -0.2354070 -0.6888665
v 0.4160559 -0.6704400 -0.4621315
v -0.0361218 0.9205240 0.2720215
v 0.6523460 0.4846260 0.3713624
v 0.4181100 -0.6939890 -0.4589335
v -0.1449361 -0.9169070 -0.3906045
v -0.6075271 -0.0971866 -0.4975114
v 0.0308519 -0.5124370 -0.7032704
v 0.0433020 -0.5273920 -0.6884634
v 0.0498924 -0.6536670 -0.6216685
v -0.6526601 -0.2872100 -0.5477294
v -0.6545891 -0.2598340 -0.5417864
v -0.7516050 -0.0920291 -0.2053044
v 0.4241099 -0.5698971 -0.4879545
v -0.6855111 -0.2722390 -0.5039024
v -0.9105080 -0.5032450 -0.0818838
v 0.0702582 -0.4135080 -0.7170385
v -0.6836511 -0.2440990 -0.5025734
v -0.5539740 -0.8383980 0.0999201
v -0.7199291 -0.4276860 -0.4564464
v -0.4249431 -0.9428480 -0.5718524
v 0.1874460 0.6094460 -0.0394957
v 0.2074650 0.6021590 -0.0463085
v 0.0837640 -0.3888250 -0.7199345
v 0.4233849 -0.7543870 -0.4726315
v 0.2641300 -0.1233860 0.2628365
v 0.0064835 -0.6440700 -0.6778725
v 0.5508580 -0.5695790 0.0956051
v 0.2765020 -0.1002520 0.2521925
v 0.5532950 -0.5860760 0.0750134
v 0.6297029 0.0371159 -0.5624565
v 0.4887780 -0.5631959 0.1192685
v 0.7977180 0.7239161 0.4354475
v 0.5979109 0.0985133 -0.5924765
v 0.5986199 0.1154890 -0.6091005
v 0.3812069 -0.5833310 -0.5119905
v 0.5960769 0.1377450 -0.6122885
v 0.1465889 -0.2535790 -0.5966805
v 0.5970539 0.1795320 -0.6077875
v 0.4750220 -0.6284320 -0.3794815
v 0.1299699 -0.6514100 -0.5061395
v 0.1299740 0.9045810 0.1795295
v 0.6144339 0.2536820 -0.5818155
v 0.0539110 -0.5969419 -0.6292095
v 0.0501583 -0.6256200 -0.6243504
v -0.3295221 -0.8092160 -0.6395595
v 0.6226949 0.3273410 -0.5523636
v 0.1178570 -0.9243870 -0.0823552
v 0.6247959 0.3598860 -0.5532896
v 0.6291809 0.3888520 -0.5571195
v 0.2536759 -0.8315260 -0.5484174
v 0.6078289 -0.8955430 -0.5272835
v 0.1889809 -0.8399370 -0.6429805
v 0.1855139 -0.8633720 -0.6652035
v 0.0938865 -0.4101730 -0.6994435
v 0.0762076 -0.4298040 -0.7027014
v 0.5559229 -0.8793560 -0.5862575
v 0.5332049 -0.8696030 -0.5961816
v 0.1175500 0.7603210 0.1152955
v 0.0247339 0.7042290 0.1165415
v 0.7111871 0.5487170 0.5149525
v -0.8687631 -0.7434820 -0.3804894
v -0.8871981 -0.6942700 -0.3908804
v 0.0937152 -0.5141571 -0.6142255
v -0.9214310 -0.7967180 -0.1697894
v -0.9024251 -0.8149700 -0.1753444
v 0.0690126 -0.5517070 -0.6348125
v 0.5685069 -0.9059891 -0.5862996
v 0.0383784 -0.0423397 0.2679945
v 0.5812799 -0.9320771 -0.5813705
v 0.0430812 -0.9186580 -0.4298755
v -0.7317561 -0.4860330 -0.4349074
v -0.1734911 -0.9360050 -0.6337185
v -0.6884681 -0.3482460 -0.4954234
v 0.1059659 -0.6290610 -0.5422065
v -0.6493421 -0.1791790 -0.5139324
v 0.1158549 -0.6405860 -0.5260555
v 0.8691110 -0.4010510 -0.0771107
v 0.7459440 0.4912060 0.2022355
v 0.0954180 -0.7107680 -0.5501934
v 0.0079905 -0.1856700 -0.6804255
v -0.0290444 0.8276240 0.2293635
v 0.0224780 -0.2088470 -0.6980335
v 0.7594110 -0.2522500 0.1584724
v 0.2063969 -0.7827560 -0.5429235
v 0.6943160 -0.8977170 -0.0814211
v 0.1247579 -0.3714990 -0.6671915
v -0.5288331 -0.4266980 -0.6417984
v -0.9996180 -0.6037180 -0.1688254
v 0.1221509 -0.4026970 -0.6530474
v -0.6638110 -0.6548200 0.1489226
v 0.3476939 0.1553520 -0.3493065
v -0.6397480 -0.7069380 0.1363976
v -0.0385771 0.9359111 0.2850685
v -0.0277091 0.8730940 0.2468295
v 0.7376120 0.5180590 0.3716815
v -0.5732430 -0.1089950 0.1985496
v 0.4734790 -0.3929280 0.2450545
v -0.6819100 -0.3203650 0.1977156
v 0.3934710 0.4656430 -0.1189005
v -0.1356930 0.2261890 0.0350617
v 0.2266610 -0.9725480 -0.2155035
v -0.0525688 0.9180560 0.2950175
v -0.6597080 -0.8965271 0.0104597
v 0.2268950 -0.0250366 0.2347755
v 0.2758390 0.7739080 0.1359565
v 0.1151689 -0.3687830 -0.6870965
v 0.9336709 0.4917100 -0.3569576
v 0.3052950 0.7164609 0.1308235
v -0.7638451 -0.2098930 -0.3498694
v -0.3832461 -0.4601650 -0.7155724
v -0.3789381 -0.4321140 -0.7196774
v -0.4377621 -0.2470350 -0.6528295
v 0.3146170 0.5751030 -0.0992895
v 0.8636880 0.1701250 0.0293330
v 0.3997730 0.5838571 0.0679837
v 0.5889500 0.8325861 0.6921925
v 0.8735070 0.1900360 0.0245943
v 0.4338200 -0.7706820 0.0855967
v 0.6170849 -0.8748890 -0.4852746
v 0.6078819 -0.8739940 -0.5101306
v -0.1725310 -0.9125800 0.1284375
v 0.1950519 -0.8142490 -0.5975145
v 0.2037519 -0.8427420 -0.6283165
v 0.1313269 -0.3446540 -0.6561465
v 0.5888829 0.1247390 -0.5902116
v 0.0902853 -0.4934290 -0.6342884
v -0.0346872 0.1672960 -0.4313645
v 0.0725663 -0.6746290 -0.5856985
v 0.2100159 -0.8352500 -0.6091185
v -0.7086161 -0.0672655 -0.3627794
v 0.6064359 0.2314690 -0.5903315
v 0.1201089 -0.4526670 -0.6093085
v 0.6132529 0.2725080 -0.5633646
v 0.0504223 -0.9359519 0.2138185
v 0.1156269 -0.6709560 -0.5222005
v 0.1356579 -0.4251030 -0.6048615
v -0.2871791 -0.9596770 -0.3221605
v 0.0964653 -0.2781390 -0.6888785
v 0.4639010 -0.6508380 -0.3648395
v -0.5539810 -0.8126330 0.1835866
v -0.0838720 -0.9227030 -0.2134815
v -0.0910656 -0.9223850 -0.1888505
v 0.6218330 -0.6150130 0.0047589
v -0.0132462 0.7210550 0.1477125
v 0.3878999 -0.6788490 -0.4956235
v -0.4415831 -0.6227340 -0.6507694
v -0.4358601 -0.5949250 -0.6605935
v 0.1053429 -0.4833300 -0.6115705
v 0.0794774 -0.3205410 -0.7247485
v -0.8749011 -0.7594720 -0.3627674
v 0.0766247 -0.3431060 -0.7306825
v 0.4344120 0.6095030 0.0475170
v -0.5895721 -0.5816340 -0.5657104
v -0.6686641 -0.2803790 -0.5271655
v -0.8414160 -0.8466480 -0.0745572
v -0.3796751 -0.7944050 -0.6137014
v 0.8908840 -0.3610160 -0.2549266
v 0.1524399 -0.2883390 -0.6020505
v -0.5227791 -0.6749710 -0.5942944
v -0.5062861 -0.6946330 -0.6046614
v 0.1374149 -0.2724890 -0.6211724
v 0.1862909 -0.8955740 -0.6772525
v -0.5737261 -0.0654560 -0.5066144
v -0.7277781 -0.5120440 -0.4398104
v 0.2046239 -0.9180120 -0.6688294
v -0.5987330 -0.8598140 0.0498539
v 0.0814438 -0.2567850 -0.6911105
v -0.4794730 -0.8951170 0.1786326
v -0.6909871 -0.2960110 -0.4936214
v 0.7411390 0.6044850 0.0390451
v 0.1583179 -0.8579760 -0.6746265
v -0.0417880 0.7616140 0.1973375
v 0.1690219 -0.8793570 -0.6807284
v -0.0087513 0.7603910 0.2622175
v -0.3819751 -0.6619999 -0.6745474
v -0.5804331 -0.2451370 -0.5861785
v 0.1655369 -0.9011430 -0.6932305
v 0.4210340 0.5878550 0.0565157
v 0.0598792 -0.3243710 -0.7375004
v -0.5742841 -0.2703050 -0.5920895
v -0.5872781 -0.1857990 -0.5666414
v -0.5652281 -0.1968820 -0.5860584
v -0.5633621 -0.2244550 -0.5969844
v 0.4266090 0.5470430 -0.1637885
v 0.6990310 0.2423050 0.0958065
v 0.1335319 -0.3160310 -0.6478515
v 0.1450049 -0.3397840 -0.6272655
v 0.0368551 -0.6748440 -0.6378155
v -0.5637871 -0.1482580 -0.5611765
v -0.5454141 -0.1292990 -0.5641285
v 0.0289893 -0.7062750 -0.6391184
v 0.0829342 -0.6541210 -0.5711515
v -0.5267591 -0.1097650 -0.5673414
v 0.3911859 0.0742748 -0.4367865
v -0.4148161 -0.9198520 -0.5839544
v 0.1356759 -0.7133280 -0.4960265
v 0.2113710 -0.7401140 0.1158965
v 0.2074090 -0.6659300 0.1367755
v -0.1517770 -0.9135031 0.1003874
v 0.3740160 0.2619280 -0.0784465
v 0.3169550 0.5051240 -0.0697521
v 0.1216459 -0.8800460 -0.7080735
v 0.1498619 -0.7418840 -0.5050755
v 0.1684019 -0.7554390 -0.5246495
v -0.5890641 -0.7726820 -0.4940604
v 0.0832651 -0.5428200 -0.6160215
v 0.2703699 -0.9000250 -0.5811615
v 0.3467339 -0.5978760 -0.5359165
v 0.4170999 -0.4622710 -0.5606086
v 0.6086889 0.0554838 -0.5548655
v 0.6007209 0.0773338 -0.5732775
v 0.7020419 -0.1582120 -0.5416065
v 0.0010378 -0.1640390 -0.6416345
v 0.0854209 -0.2406990 -0.6718265
v 0.5861699 0.1567190 -0.5918435
v 0.5941109 -0.8899260 -0.5508105
v 0.5843709 0.1882720 -0.5830376
v 0.5820749 -0.8652641 -0.5533106
v 0.2823650 -0.0117795 0.2300545
v 0.5958979 0.2458470 -0.5606745
v 0.2885700 -0.9736960 -0.4316615
v 0.6116599 0.2963600 -0.5444515
v 0.1099249 -0.3006500 -0.6811335
v 0.0960343 -0.2599030 -0.6742195
v 0.6130149 0.3496880 -0.5317085
v 0.6153929 0.3789510 -0.5359126
v 0.5897800 -0.6351680 -0.0324238
v 0.2992680 0.7574830 -0.0454811
v 0.6196179 0.4089140 -0.5386886
v 0.6065239 0.4304460 -0.5186996
v 0.6186749 0.4602390 -0.5241186
v 0.1987950 -0.7244800 0.1309855
v 0.5129210 -0.6509120 -0.3017115
v -0.9672690 -0.7138760 -0.1293734
v -0.5197640 -0.9689710 -0.1104274
v 0.5009370 -0.6624830 -0.2776725
v -0.4120771 -0.7616481 -0.6157694
v 0.7859530 0.8503830 0.5882794
v 0.1039139 -0.6918041 -0.5388175
v 0.1063839 -0.7204330 -0.5331765
v 0.9000850 0.4401650 -0.1281096
v 0.1118799 -0.5521780 -0.5604684
v 0.9549199 0.0570418 -0.4891296
v 0.0447338 -0.5861410 -0.6501195
v 0.5929439 -0.8514481 -0.5162676
v 0.1238369 -0.7328070 -0.5160315
v 0.1363209 -0.7596220 -0.5562155
v 0.8592540 -0.3912150 -0.3064646
v -0.7567030 -0.3453310 0.0752621
v 0.1971640 0.7244890 0.0512502
v 0.1881010 0.7050149 0.0485968
v 0.5897109 -0.9101630 -0.5681805
v -0.2825160 -0.9596720 0.1684915
v 0.3660479 -0.6030320 -0.5210395
v 0.3721619 -0.6277310 -0.5132225
v 0.0849858 -0.4761010 -0.6562685
v 0.3806700 -0.6529260 -0.5042335
v -0.5292950 -0.9699430 -0.0820880
v -0.5295201 -0.5753460 -0.5970305
v 0.2648049 -0.8548530 -0.5605145
v -0.7232071 -0.5370950 -0.4469484
v -0.3950131 -0.2826310 -0.6957754
v 0.2447959 -0.8383420 -0.5747834
v 0.1222619 -0.4759810 -0.5880425
v -0.6709901 -0.2250600 -0.5127484
v 0.1093159 -0.5093850 -0.5898145
v 0.0191586 -0.2324920 -0.7176214
v 0.5856770 0.6881400 0.6186125
v -0.5694551 -0.8451740 -0.4749634
v 0.0969142 0.7927840 0.1373525
v 0.0966780 -0.5697780 -0.5754335
v 0.0887017 -0.5585901 -0.5967284
v 0.0959325 -0.5332650 -0.5999135
v 0.1023119 -0.2493690 -0.6557415
v -0.0162798 0.7367690 0.1640945
v 0.0833474 0.0431624 0.2010115
v -0.0216318 0.7044300 0.1337715
v -0.0397018 0.7175490 0.1557225
v -0.0467009 0.6869140 0.1410965
v 0.3885910 0.3044960 -0.1442685
v 0.0743748 -0.2069890 -0.6460245
v 0.4678700 0.3730370 -0.0089013
v -0.7921930 -0.4881450 -0.0374579
v -0.5976890 -0.8891480 0.0310077
v 0.4308630 0.4164700 -0.0446874
v 0.0922374 -0.3044160 -0.7067574
v 0.0465452 -0.4599100 -0.7070715
v -0.9687080 -0.6231490 -0.0645409
v -0.8919190 -0.7685210 -0.0220500
v 0.1200010 -0.4291410 0.4533435
v -0.5228421 -0.0874802 -0.5545874
v -0.5347931 -0.0772149 -0.5326294
v 0.0653477 -0.5338351 -0.6534475
v -0.4801481 -0.4518590 -0.6717054
v 0.3639520 0.1437090 -0.3638405
v 0.0737807 -0.1788000 -0.6031845
v -0.7440560 -0.5624880 0.0581773
v -0.4040180 -0.9632530 -0.1396725
v 0.0874356 -0.6873200 -0.5632815
v -0.5958941 -0.7278210 -0.5136735
v -0.3576891 -0.9651440 -0.2796184
v 0.7820181 0.8485210 0.6183024
v -0.5882461 -0.7965651 -0.4847704
v 0.0750704 -0.5056250 -0.6538805
v -0.6331691 -0.2141770 -0.5449044
v 0.5881200 0.6205710 0.4876705
v 0.2752929 -0.8799120 -0.5635755
v 0.5904789 0.0759761 -0.5475835
v 0.7766230 0.6505630 0.2005404
v 0.5843569 0.1038990 -0.5652825
v -0.5074480 0.1732420 -0.0227349
v 0.5747649 0.1370380 -0.5675866
v 0.1209589 -0.3222680 -0.6697415
v 0.5669729 0.1698660 -0.5635956
v 0.1292599 -0.2876670 -0.6435345
v 0.5880369 0.2164040 -0.5737426
v 0.5830010 0.6765200 0.4999095
v 0.1121319 -0.2758560 -0.6638175
v 0.5954219 0.2725450 -0.5400936
v 0.5950249 0.2937100 -0.5264495
v 0.2264440 -0.3333010 0.2954565
v -0.7978520 -0.4440400 -0.3013484
v 0.6034399 0.3443390 -0.5119376
v 0.2235439 -0.9098300 -0.6478965
v 0.6043639 0.3685020 -0.5148715
v -0.5991230 -0.4557560 0.2592816
v 0.2031380 -0.6488570 0.1541715
v -0.6962110 -0.9281700 -0.0840039
v 0.4012569 -0.5945470 -0.4913675
v 0.1169399 -0.5856839 -0.5355115
v 0.5937231 0.5293100 0.3514684
v -0.4167361 0.2412770 -0.2439985
v -0.4094351 0.2448190 -0.2195965
v -0.4240761 0.2395320 -0.1978884
v -0.0987521 0.8046080 0.2898215
v -0.2430440 -0.9303650 -0.0103963
v 0.1812980 0.8115960 0.0404330
v 0.1947740 0.7873030 0.0357775
v -0.4371990 0.2325870 -0.1193714
v -0.0489382 -0.7856970 -0.6449165
v 0.4105390 0.4355640 -0.0475276
v -0.4227331 -0.3654340 -0.6957905
v 0.6067120 0.7886690 0.6001185
v 0.2630420 -0.0800011 0.2462715
v -0.7140051 -0.1123960 0.0634553
v 0.0431264 -0.2324160 -0.7042174
v 0.1588620 0.6596640 0.0091322
v 0.0596352 -0.2550210 -0.7073514
v 0.1758470 0.6747540 0.0279802
v 0.7089109 -0.1842930 -0.5462396
v -0.9596770 -0.5259470 -0.0932989
v 0.0372967 -0.6429540 -0.6420295
v 0.0216348 -0.6587250 -0.6603905
v -0.3364190 0.2082620 -0.4078945
v -0.0076224 0.6746550 0.0986479
v -0.3634961 0.2326880 -0.3576665
v 0.1245690 0.6127840 -0.0053699
v -0.3890521 0.2277800 -0.3491904
v -0.3947161 0.2328190 -0.3275644
v -0.4233941 0.2348680 -0.2688434
v -0.5191911 -0.8495570 -0.5337954
v 0.1628120 0.7491000 0.0816706
v -0.4419540 0.2326130 -0.1851654
v 0.1537750 0.7774740 0.0923805
v -0.6282711 -0.0357063 -0.4464804
v -0.8272450 -0.7976561 0.0159988
v -0.4620500 0.2188900 -0.1057514
v -0.7181541 -0.5623850 -0.4539214
v -0.4728820 0.2044510 -0.0518852
v -0.4123670 -0.2726370 0.3538176
v -0.6892611 -0.2200530 -0.4878254
v -0.6697021 -0.1979110 -0.5023054
v -0.6560991 -0.3443740 -0.5366624
v -0.6627981 -0.3099740 -0.5318604
v 0.7685080 0.8603880 0.5770524
v -0.6162181 -0.7128750 -0.5093535
v 0.0286630 0.9842989 0.2105325
v 0.0094394 0.9621170 0.2173665
v 0.4559079 -0.7483950 -0.3550775
v -0.3521841 0.2226850 -0.3820204
v -0.6191381 -0.8304549 -0.4174374
v -0.5033241 -0.8659140 -0.5451664
v -0.3811561 0.2194050 -0.3750065
v 0.0810695 0.0769520 0.1695465
v -0.4971031 -0.8376600 -0.5481635
v -0.4114301 0.2305490 -0.3125634
v -0.0353176 -0.9644380 0.3109115
v 0.1197600 -0.9237740 0.2063665
v -0.4325331 0.2357240 -0.2244534
v -0.5055641 -0.7690020 -0.5472634
v -0.4477640 0.2296790 -0.2055544
v -0.4895391 -0.8096870 -0.5460045
v -0.4609770 0.2239660 -0.1858574
v -0.4487250 0.2296250 -0.1649274
v 0.9397629 0.2126230 -0.0814270
v -0.4557530 0.2249520 -0.1387014
v 0.5501820 -0.8095340 -0.1213945
v 0.4279459 0.4016790 -0.2146265
v 0.1033049 -0.4585320 -0.6362925
v 0.7967181 0.7500790 0.4315175
v -0.4922211 0.1098840 -0.4468544
v 0.1918030 -0.7728651 0.2069685
v -0.5088031 -0.9229420 -0.4855205
v -0.4286461 -0.8969340 -0.5835674
v 0.4862999 -0.7892470 -0.4876405
v -0.3702111 0.2067490 -0.4000694
v 0.7774950 0.6825269 0.2610865
v -0.4837961 0.0878429 -0.4653485
v -0.4400341 -0.3475350 -0.6829854
v 0.9074590 0.5391210 -0.1848096
v -0.4134561 0.2226730 -0.3377925
v -0.5621871 -0.8163060 -0.4990674
v -0.1255650 -0.9220790 -0.2194965
v -0.4291511 0.2261210 -0.2935514
v -0.5209000 -0.8166980 0.2138236
v 0.6033839 0.0068903 -0.5003685
v -0.4399551 0.2303570 -0.2493555
v 0.5060009 -0.7928270 -0.4774385
v 0.5928670 0.5214610 0.0211144
v -0.4717760 0.2181070 -0.1619704
v 0.5723989 0.0944549 -0.5387616
v -0.4807530 0.2117340 -0.1337364
v 0.5638259 0.1194350 -0.5473345
v -0.5339370 -0.8011481 0.2237426
v 0.5537419 0.1461120 -0.5498405
v -0.4891720 0.2043290 -0.1060794
v 0.5693499 0.2002560 -0.5599906
v 0.5717409 0.2266480 -0.5491015
v 0.5734399 0.2533110 -0.5341565
v 0.8958770 0.3528190 -0.0595114
v -0.4937300 0.1946640 -0.0631973
v -0.1442291 -0.9547850 -0.5391505
v 0.5928370 0.5203190 0.0472143
v -0.0885512 -0.1460850 -0.6625755
v 0.5908049 0.3291830 -0.4999095
v -0.7584381 -0.4729660 0.0593891
v -0.3596030 0.1901670 -0.4244215
v 0.6046699 0.3974170 -0.5181076
v 0.5893439 0.4122990 -0.5022306
v -0.3991621 0.2025900 -0.3905874
v 0.5949589 0.4588010 -0.5075986
v -0.4087391 0.2138520 -0.3646224
v 0.0758631 0.7282391 0.1186545
v 0.0985012 0.7431090 0.1181605
v -0.4341241 0.2165610 -0.3193515
v -0.5574311 -0.6067270 -0.5861514
v -0.8601151 -0.8370230 -0.0904440
v -0.5680071 -0.5820850 -0.5796174
v 0.4415860 -0.9764540 -0.1687075
v -0.4555840 0.2250590 -0.2297314
v -0.5403471 -0.4963660 -0.6010204
v -0.4836791 0.2120100 -0.1871274
v -0.1397641 -0.9701190 -0.5810475
v -0.4968300 0.1968300 -0.0856597
v -0.5103230 0.1805190 -0.0501488
v -0.5233510 0.1466690 0.0121491
v 0.2443990 -0.5999640 0.1575455
v 0.6172020 0.5737600 -0.0766126
v 0.6057720 0.5786990 0.4973415
v 0.1102420 0.9361590 0.1557995
v -0.7685800 -0.8980730 -0.2207234
v 0.3876629 -0.9696640 -0.2347445
v 0.1270429 -0.9213200 -0.4268265
v -0.5666611 -0.5288301 -0.5730534
v -0.5428601 -0.5239151 -0.5888295
v 0.4689790 -0.9786050 0.1261125
v -0.4525731 0.2125930 -0.2979585
v -0.1616131 -0.8887230 -0.6343615
v -0.4627131 0.2188520 -0.2540905
v -0.4700480 0.2187810 -0.2094424
v -0.5049950 0.1976320 -0.1287484
v -0.5118990 0.1857370 -0.0766114
v 0.1619640 0.7980220 0.0778457
v -0.6830771 -0.1886390 -0.4792444
v -0.1541641 -0.9148771 -0.6372285
v 0.5946410 -0.8266270 -0.1272355
v -0.5964991 -0.7041440 -0.5269894
v 0.6209871 0.5604219 0.5147875
v -0.4999301 -0.0785278 -0.5620285
v -0.5109041 -0.0674401 -0.5422364
v -0.1316671 -0.1408130 -0.6626635
v -0.0924768 -0.9517111 0.3068265
v -0.1297431 -0.1285680 -0.6351235
v 0.0333945 -0.9192820 0.0841255
v 0.4858180 0.5987231 0.0072031
v -0.4143330 0.1820760 -0.4033835
v -0.9016490 -0.8127739 -0.1511464
v -0.4373341 0.2042160 -0.3496504
v 0.9060540 -0.1170420 -0.0963381
v 0.1121489 -0.9228570 -0.4018555
v -0.2848540 -0.2764900 0.4094765
v -0.4696330 0.2119100 -0.2776704
v 0.0410648 0.8299130 0.1824485
v -0.4780191 0.2135090 -0.2340214
v 0.0299453 0.7738560 0.1696425
v -0.4924290 0.2068150 -0.2127394
v -0.5061890 0.1995270 -0.1904594
v -0.5242041 -0.7038170 -0.5792394
v -0.4988270 0.2034970 -0.1606524
v -0.1074950 -0.9746150 0.2880395
v 0.2089230 -0.9771610 -0.2334905
v -0.5099870 0.1910480 -0.1019264
v -0.5365731 -0.6580350 -0.5887534
v 0.1290510 0.7589869 0.2165945
v 0.1397920 0.7895620 0.2167195
v -0.8137050 -0.8786550 -0.1587554
v -0.5292341 0.1708950 -0.0660222
v 0.4876690 0.4613880 -0.3854115
v -0.0636600 0.6947310 0.1667285
v -0.5430730 0.1477360 -0.0270003
v -0.4745291 0.0631726 -0.4819955
v -0.4273471 -0.3230600 -0.6776264
v 0.5787569 -0.0051384 -0.5030765
v -0.5552930 -0.1194710 0.2127436
v 0.5839359 0.0516270 -0.5057935
v 0.5786409 0.0722934 -0.5235315
v -0.5388170 0.1427360 -0.0040612
v -0.1526701 -0.1332320 -0.6488814
v 0.5541729 0.1058570 -0.5320505
v 0.4689750 -0.7600150 0.0606337
v -0.1526711 -0.1240140 -0.6207935
v 0.5431049 0.1703570 -0.5469576
v 0.8496560 0.4723850 -0.0553417
v 0.6503240 0.9085660 0.7274265
v -0.4039611 0.1723810 -0.4234705
v -0.8987620 -0.7657750 -0.3303354
v 0.5754289 0.2799300 -0.5207495
v 0.5828009 0.3045050 -0.5096195
v 0.6549690 0.4943190 0.4129105
v -0.4255860 0.1940050 -0.3791094
v -0.4598410 0.2021340 -0.3237785
v 0.5949099 0.3560780 -0.4947205
v -0.4850531 0.2081550 -0.2581125
v 0.5924619 0.3842440 -0.4978995
v 0.5501480 -0.6686330 -0.1683555
v 0.5867889 0.4360670 -0.5030555
v 0.5713939 0.4517330 -0.4962536
v 0.6181840 0.4373060 0.1515445
v -0.5263760 0.1828950 -0.1209134
v -0.5290270 0.1768740 -0.0934028
v 0.9035070 0.4688870 -0.1240826
v -0.4325810 -0.0581543 0.2188256
v 0.1529940 0.8380311 0.0656154
v 0.0483640 -0.9193010 0.1027215
v -0.4247240 -0.0307391 0.2095065
v -0.5977761 -0.3262890 -0.5748355
v -0.8958931 -0.6045440 -0.3851714
v 0.9471340 0.1450100 -0.0922447
v -0.1182220 -0.9190210 -0.0549396
v -0.8346110 -0.8649200 -0.1409554
v 0.5748219 0.5880300 0.2790115
v -0.1742691 -0.1283730 -0.6367525
v -0.1767221 -0.1207280 -0.6090845
v 0.4917319 -0.8997190 -0.6211756
v 0.5130379 -0.9455360 -0.6174236
v 0.6794510 0.7045680 0.2052485
v 0.5861180 0.4923490 0.0612993
v 0.2085629 -0.9605891 -0.3950975
v -0.5030011 -0.7218000 -0.5920284
v -0.3629411 -0.5453310 -0.7124744
v -0.4489250 0.1863310 -0.3700424
v -0.3354441 -0.9093580 -0.5989674
v 0.6253510 0.4984850 0.3738975
v -0.4678580 0.1885080 -0.3502105
v 0.2737420 0.7066261 -0.0349328
v -0.4790190 0.2031490 -0.3002745
v -0.4903811 0.2029930 -0.2791674
v 0.1171319 -0.9677610 -0.6210425
v 0.2698270 0.6861160 -0.0177511
v -0.5000990 0.2013890 -0.2376574
v -0.3673721 -0.2847030 -0.7149944
v 0.8997360 0.1088420 -0.0178979
v 0.8801690 0.0876993 -0.0128213
v -0.7031541 -0.6511320 -0.4378644
v 0.3844280 0.5199900 -0.1362995
v 0.9564150 0.0446901 -0.1848466
v -0.5219830 0.1888620 -0.1487454
v -0.8125160 -0.3932690 -0.1569614
v -0.5097601 -0.0960340 -0.5694534
v -0.5468420 0.1537520 -0.0549629
v -0.5639000 0.1367710 -0.0408598
v -0.5382491 -0.4720550 -0.6158214
v -0.0002208 0.6387020 0.1123925
v 0.6056980 -0.8406380 -0.1451665
v -0.5574560 0.1315930 -0.0120641
v 0.6767060 0.7163640 0.2327615
v -0.4903221 -0.0937386 -0.5787464
v -0.1743611 -0.1388360 -0.6613414
v -0.1975341 -0.1255640 -0.6282074
v -0.4747941 -0.0727632 -0.5714144
v 0.6621070 0.7294000 0.2793725
v 0.3220990 0.2254660 -0.0016546
v 0.5062240 -0.6774560 -0.2043375
v -0.4247561 0.1616300 -0.4189595
v -0.4434501 0.1720450 -0.3952245
v 0.0070424 0.7319180 0.1510995
v 0.5471100 -0.6408221 -0.0129236
v 0.2766280 0.6625830 -0.0263654
v -0.4899831 0.1910130 -0.3252655
v -0.7938260 -0.2112760 -0.1788424
v -0.5064390 0.1958160 -0.2628865
v -0.0543695 -0.9171510 0.0602353
v 0.4293280 -0.9752700 -0.1416245
v -0.1502300 -0.8485970 0.3284455
v -0.0768732 0.7250080 0.1965325
v -0.5141300 0.1939190 -0.2152244
v -0.9105020 -0.7006330 -0.0020494
v -0.0624520 0.7221640 0.1778985
v -0.5541271 -0.8691610 -0.4735664
v -0.5264350 0.1863380 -0.1924194
v 0.3962139 0.3271200 -0.1859855
v -0.5360580 0.1797780 -0.1682744
v -0.5430010 0.1733520 -0.1407474
v -0.5478441 0.1610030 -0.0834272
v 0.5581719 0.0872496 -0.5196746
v -0.6519100 -0.3818840 0.2143836
v -0.3822760 -0.9536340 0.2528746
v 0.7689079 0.1007400 -0.6860076
v 0.5339119 0.1520720 -0.5400146
v -0.1747161 -0.1528860 -0.6830435
v 0.8005421 0.7688760 0.4913464
v 0.5499119 0.2107770 -0.5431206
v 0.5482499 0.2364540 -0.5309905
v -0.1918381 -0.1331640 -0.6501925
v 0.5575059 0.2935220 -0.5037666
v 0.4776540 0.4186190 -0.3701775
v 0.6431420 0.7343620 0.3228045
v 0.2751929 -0.9609990 -0.1994285
v 0.7468390 0.5103860 0.2818075
v 0.1497779 -0.8786640 -0.6937385
v 0.1437279 -0.9045399 -0.7084835
v 0.5104310 -0.9843169 0.1045315
v 0.0703918 0.9624830 0.1971145
v 0.5702679 0.4253800 -0.4914826
v -0.9014331 -0.7797630 -0.3118684
v -0.4507511 0.1527250 -0.4210064
v 0.7515260 0.6033930 0.2824595
v -0.4722570 0.1600230 -0.4038975
v -0.4719470 0.1744410 -0.3775395
v -0.5192670 0.1758140 -0.3227004
v -0.8127291 -0.7256100 -0.4284214
v -0.5088980 0.1903160 -0.2936035
v 0.8130309 0.4210070 -0.5905946
v -0.5219790 0.1878960 -0.2397564
v -0.5465961 0.1674400 -0.1116874
v 0.8839869 0.5191760 -0.3958926
v 0.4711619 -0.9147151 -0.6219675
v -0.1112520 0.1137480 0.1659015
v -0.5792860 0.1203010 -0.0250887
v -0.6755781 -0.3934420 -0.5155714
v 0.8291549 0.4477130 -0.5513245
v -0.7951210 -0.2884160 -0.2811904
v 0.0806771 -0.9212151 0.0626577
v -0.4195481 -0.2637630 -0.6774895
v -0.6328021 -0.5852460 -0.5366374
v 0.6370140 0.7361370 0.3412585
v -0.5973091 -0.6053780 -0.5568464
v -0.5046901 0.1626810 0.0036524
v 0.2210390 -0.5662431 0.1904495
v 0.2330330 -0.5410089 0.1932945
v -0.5139600 -0.8049010 0.2348956
v -0.6400841 -0.1288990 -0.4912284
v -0.6629431 -0.1430160 -0.4770244
v -0.6433211 -0.3694180 -0.5521905
v -0.9834830 -0.5762500 -0.2745874
v -0.1982921 -0.1447230 -0.6732355
v 0.0151769 0.6315600 0.0993397
v 0.6205100 0.7320300 0.3791515
v 0.2623900 0.5585470 -0.0574329
v -0.8048500 -0.2813960 -0.1431334
v -0.4751821 0.1437910 -0.4258305
v -0.5004781 0.1730850 -0.3548574
v 0.5450979 -0.8173040 -0.4109415
v 0.5493919 -0.8286660 -0.3862855
v -0.4689311 -0.6687800 -0.6411595
v 0.2142690 -0.7845460 0.2016535
v 0.0765721 0.7519050 0.1342755
v -0.5349600 0.1799130 -0.2153834
v -0.5463110 0.1721050 -0.1905364
v -0.0024193 0.6481220 0.0920508
v -0.5568340 0.1642370 -0.1635774
v -0.8534550 -0.8027180 -0.0153665
v -0.4663731 -0.6364830 -0.6419734
v -0.7720900 -0.1480880 -0.0646767
v -0.7676041 -0.1278130 -0.0808342
v -0.5668590 0.1549420 -0.1309514
v -0.3812351 -0.9653530 -0.2943684
v 0.3324659 -0.9651240 -0.2243345
v 0.0185267 0.6385300 0.0722165
v -0.5696790 0.1420410 -0.0739815
v -0.5853540 0.1241450 -0.0527108
v -0.5960000 0.1109190 -0.0374190
v 0.3162899 -0.8966340 -0.5686315
v -0.0971942 -0.2194730 -0.7362095
v 0.2480349 -0.9271300 -0.6122525
v 0.8752810 -0.4065510 -0.2421606
v 0.2552989 -0.9486361 -0.5982695
v 0.5655999 0.0472211 -0.4913865
v -0.1718660 -0.9273790 -0.2105255
v 0.5362069 0.1007630 -0.5207565
v 0.5385669 0.1268280 -0.5347516
v 0.5118860 -0.7786779 -0.1283905
v -0.1647270 -0.9226060 -0.2339975
v -0.3874841 -0.8117810 -0.5952594
v -0.2887211 0.1729670 -0.4552945
v -0.5538320 -0.7128330 0.2512696
v -0.5968430 0.0925562 0.0091075
v 0.1685280 -0.8368120 0.3419705
v -0.2912640 -0.9756540 -0.0552650
v 0.6925499 -0.4356640 -0.5042376
v 0.5680749 0.3169660 -0.4915195
v -0.4316171 0.1419030 -0.4393345
v 0.2571670 0.5386990 -0.0405436
v 0.2735000 0.5185111 -0.0355546
v 0.5804239 0.3701570 -0.4775116
v 0.5740389 0.3981970 -0.4846846
v 0.4761469 -0.7965790 -0.3610695
v -0.4312970 -0.9636260 0.1712616
v 0.5555389 0.4649250 -0.4860826
v 0.7592579 0.4616940 -0.5719835
v -0.4929151 0.1468200 -0.4106035
v -0.4974450 0.1585780 -0.3878174
v 0.5943039 -0.8868639 -0.3507096
v -0.5304131 0.1594080 -0.3435474
v 0.1743380 0.7718960 0.0730212
v -0.5296651 0.1806540 -0.2654224
v 0.0775412 0.6106620 0.0982462
v -0.5433590 0.1725880 -0.2384734
v -0.5546020 0.1650900 -0.2131924
v -0.5786850 0.1467810 -0.1615654
v 0.4521579 -0.9280829 -0.6187266
v -0.5819970 0.1387210 -0.1049974
v 0.0113746 -0.8399110 -0.6838725
v 0.2364760 -0.3506620 0.2798875
v 0.4291200 0.3955500 -0.0607881
v 0.4218160 0.3995080 -0.0854834
v 0.4243820 0.3763980 -0.0754884
v 0.4769740 0.4924720 -0.3434105
v 0.2540250 -0.3556580 0.2665665
v 0.1420979 -0.4898020 -0.5451045
v 0.5076609 -0.8267010 -0.3480655
v 0.6826600 0.4802770 0.3690945
v -0.5226621 0.1513460 -0.3713524
v -0.5402650 0.1607610 -0.3201614
v 0.5451050 -0.2373260 0.2405495
v 0.5279980 -0.2163290 0.2516965
v -0.5396950 0.1680590 -0.2932344
v -0.5528450 0.1628450 -0.2607164
v -0.6974920 -0.8857100 0.0093614
v -0.5709800 0.1518010 -0.2105514
v -0.5663100 0.1565960 -0.1887474
v -0.5902550 0.1349840 -0.1337964
v -0.5942800 0.1238410 -0.0809803
v -0.6612701 -0.4106850 -0.5320284
v 0.3229590 0.4879550 0.0010942
v -0.9576761 -0.7303370 -0.1128374
v 0.0211895 -0.9179180 0.1080715
v 0.2847230 -0.0805536 0.2451855
v -0.8033760 -0.3799310 -0.0579636
v 0.4801579 0.4483420 -0.3659935
v 0.0264253 0.7407740 0.2344165
v -0.6445990 -0.9398520 -0.2656164
v -0.5512501 -0.4476940 -0.6098154
v -0.6309990 -0.9373150 -0.2889084
v 0.5927860 0.6497411 0.5889035
v -0.6572900 -0.9302030 -0.2869034
v 0.6762460 0.3697550 0.0822741
v 0.1380249 -0.9333390 -0.7093215
v 0.2249670 0.8064280 0.1618905
v 0.0749774 0.8611180 0.1560135
v -0.5199751 0.1328810 -0.4030844
v 0.0667303 0.8942920 0.1556435
v -0.9740720 -0.6690660 -0.0939111
v -0.5632671 0.1569270 -0.2334614
v -0.4001581 -0.9430510 -0.5818414
v -0.4091691 -0.8095280 -0.5851964
v 0.5736480 -0.6614521 -0.1537265
v -0.5874510 0.1387870 -0.1920814
v -0.5992770 0.1281440 -0.1601574
v 0.0795206 0.9111840 0.1280205
v -0.6031680 0.1210690 -0.1100604
v -0.6054201 0.1092220 -0.0587352
v 0.1413930 0.6390860 -0.0142987
v -0.6123180 0.0974144 -0.0356098
v 0.9011440 -0.1380570 -0.0691735
v 0.0745038 0.7058700 0.0999973
v 0.2074710 0.1526060 0.0758449
v 0.5872390 0.6760041 0.5945575
v 0.9001760 -0.0127652 -0.2027516
v 0.1131859 -0.3929060 -0.6815655
v 0.6734890 0.9054470 0.7218744
v -0.5389851 0.1334640 -0.3783914
v -0.5450911 0.1414810 -0.3567434
v -0.5014961 0.0624912 -0.4687555
v 0.5394629 0.0785415 -0.5049465
v -0.5527100 0.1469000 -0.3324234
v -0.5587111 0.1499180 -0.3068764
v -0.5653150 0.1500740 -0.2793824
v -0.5737040 0.1462980 -0.2515704
v 0.5208089 0.1709780 -0.5354696
v 0.5328179 0.1927580 -0.5392235
v -0.5817450 0.1417830 -0.2242274
v 0.5237409 0.2430200 -0.5142116
v 0.4245160 0.3127040 -0.0287066
v 0.5471629 0.2650180 -0.5146785
v 0.5315809 0.2845530 -0.4958566
v -0.6076440 0.1191970 -0.1354594
v 0.5540489 0.3298300 -0.4750085
v 0.2808589 -0.9743960 -0.4058995
v -0.6255930 0.0923583 -0.0601030
v 0.5620479 0.3537400 -0.4631865
v 0.8926390 -0.1049660 -0.0718980
v 0.5549249 0.4131920 -0.4712795
v 0.0930142 -0.6284111 -0.5597485
v 0.1004709 -0.6576710 -0.5462945
v 0.1388239 -0.4696850 -0.5646155
v 0.5484879 0.4865250 -0.4774535
v 0.5639849 0.5103019 -0.4801115
v 0.4190530 0.4194130 -0.0680872
v -0.7074161 -0.1079160 -0.3917924
v 0.4486639 -0.5743080 -0.4738365
v -0.7058410 -0.2777330 0.1613706
v 0.2491050 -0.0010161 0.2268535
v 0.1165789 -0.6123940 -0.5293725
v 0.3206710 -0.2960900 0.2595825
v 0.4535239 -0.9060110 -0.6164536
v 0.3587279 -0.6507220 -0.5211605
v 0.2701340 -0.9146820 0.3532085
v 0.2930200 -0.9257110 0.3446765
v 0.3043290 -0.3238340 0.2568845
v -0.7224450 -0.2781720 0.1395406
v 0.0657661 0.9678240 0.1744605
v 0.7811940 0.6222039 0.1925674
v -0.5740010 0.1122970 0.0064653
v -0.5451200 0.1289640 0.0172077
v -0.5481881 0.1149090 -0.3917414
v -0.5854950 0.1344010 -0.2676894
v -0.5924490 0.1307360 -0.2419864
v 0.2574580 0.2025700 0.0301818
v -0.6006081 0.1254240 -0.2142484
v 0.1621650 -0.4223900 0.4253325
v -0.9508660 -0.6918150 -0.3189054
v -0.6159000 0.1062850 -0.0861502
v -0.6315860 0.0788522 -0.0330649
v 0.1865740 -0.7515960 0.1636655
v -0.5627341 0.0923818 -0.4045634
v -0.6583131 -0.0936498 -0.4500204
v -0.6510681 -0.1127170 -0.4711354
v -0.5585741 0.1230180 -0.3684584
v -0.5670561 0.1302850 -0.3451434
v -0.5802100 0.1360130 -0.2939174
v -0.6014580 0.1211270 -0.2573034
v 0.2676499 0.1422740 -0.3884925
v -0.0862844 -0.1348990 -0.6363695
v 0.5088830 -0.3045410 0.2565705
v -0.5473741 -0.4266110 -0.6247324
v -0.6093850 0.1182170 -0.1841474
v -0.4273171 -0.7951820 -0.5822955
v 0.0565158 0.7887551 0.1618465
v 0.0378763 0.8026230 0.1776275
v -0.6182490 0.1095830 -0.1539754
v -0.6245060 0.1019360 -0.1196994
v -0.6364340 0.0860902 -0.0885001
v 0.0894553 0.8788930 0.1321055
v 0.2362180 -0.9679960 -0.0657608
v -0.4664901 -0.7961980 -0.5579454
v -0.4489921 -0.7838470 -0.5775325
v -0.6509350 0.0556427 -0.0324991
v 0.2288840 0.7459370 0.0101888
v 0.1760570 -0.9750720 -0.1961085
v -0.4975261 -0.4686650 -0.6556395
v 0.3118030 -0.9647980 -0.2595665
v 0.1853470 -0.8574179 0.3553315
v -0.4967751 -0.4037110 -0.6642165
v 0.0968931 -0.9602810 0.2339695
v 0.4417929 0.5142310 -0.1952085
v -0.4864371 -0.4274440 -0.6689834
v -0.5072581 -0.4258100 -0.6553774
v 0.0770317 0.7773060 0.1455745
v 0.6682610 0.6886500 0.1811875
v -0.5097151 -0.3795640 -0.6579484
v 0.6586339 0.7119991 0.2429845
v -0.5722641 0.1037640 -0.3814204
v -0.5995590 0.1205650 -0.2799894
v -0.6106050 0.1144370 -0.2350804
v -0.6196010 0.1072180 -0.2066084
v 0.9635919 0.2271390 -0.4394176
v -0.6282530 0.0991009 -0.1771844
v -0.4992031 -0.2896470 -0.6457254
v -0.6354620 -0.5117080 0.2127486
v -0.6368010 0.0897519 -0.1473334
v -0.6460620 0.0775689 -0.1174944
v -0.6554520 0.0633013 -0.0885808
v -0.8084490 -0.3774920 -0.2221854
v 0.2902019 0.0763191 -0.4407395
v -0.6451640 0.0717732 -0.0602773
v -0.5351251 -0.6027189 -0.5961024
v 0.5758289 -0.8628540 -0.3566755
v -0.7908650 -0.2496990 -0.0219813
v 0.1290050 -0.3055770 0.4418385
v -0.7059910 -0.6413130 0.0952889
v 0.6487790 0.7142590 0.2619984
v -0.7723900 -0.1407340 -0.2010234
v 0.5195369 0.0683394 -0.4897975
v 0.6261549 -0.9160320 -0.3834735
v 0.5145919 0.1192430 -0.5187566
v 0.6320740 0.7199680 0.3091924
v 0.5158599 0.1461500 -0.5284476
v -0.8031910 -0.8779540 -0.1022854
v 0.5265940 -0.9857490 0.0845518
v -0.5812741 0.1120530 -0.3578794
v -0.5893940 0.1180470 -0.3333144
v -0.5954130 0.1205600 -0.3069884
v -0.6187970 0.1039070 -0.2599224
v -0.6371350 0.0881177 -0.1991694
v 0.5223989 0.2634330 -0.5019645
v -0.2566040 -0.9509180 -0.0175413
v 0.2852560 0.6846780 -0.0379371
v 0.5390149 0.3394110 -0.4590696
v -0.6449910 0.0796001 -0.1712674
v 0.5426909 0.3652230 -0.4487256
v 0.5616729 0.3841100 -0.4623345
v -0.6626530 0.0484415 -0.0611130
v 0.5537439 0.4414070 -0.4797615
v -0.6935270 -0.6698461 0.0906838
v 0.5429159 0.4613520 -0.4659565
v -0.6676430 0.0317502 -0.0368729
v -0.6750020 0.0120782 -0.0202467
v 0.7033729 0.5427260 -0.4673615
v 0.2278720 -0.9787710 -0.1702575
v 0.6824299 0.5494180 -0.4573466
v 0.4323009 -0.9125190 -0.6099575
v 0.4150899 -0.9296499 -0.6071395
v 0.6262680 0.7224280 0.3312535
v 0.4453229 -0.8865000 -0.6087576
v 0.6227120 0.7268950 0.3539554
v 0.6064830 0.7108560 0.3688435
v 0.7127189 0.5290220 -0.4896155
v 0.7320699 0.5134910 -0.5107816
v 0.1525640 0.2000290 -0.1541445
v -0.6384321 -0.0861921 -0.4667714
v 0.3805879 -0.9754840 -0.3189125
v -0.6151500 0.1038770 -0.2918784
v -0.6764091 -0.4220750 -0.5144314
v -0.6292561 -0.6200330 -0.5357425
v -0.5077391 0.0879652 -0.4514745
v -0.6343840 0.0849138 -0.2764614
v -0.6290640 0.0958777 -0.2282444
v -0.9532250 -0.5666330 -0.0514635
v -0.5238801 -0.1327550 -0.5832004
v -0.6530600 0.0688437 -0.1913904
v -0.6541170 0.0679563 -0.1447994
v 0.6429771 0.6949300 0.7192134
v -0.5563581 -0.4057840 -0.6186205
v -0.5420421 -0.4036870 -0.6348614
v -0.4899011 -0.6525370 -0.6320024
v -0.6639760 0.0533981 -0.1172424
v 0.1678220 -0.7732910 0.2556735
v -0.6811280 0.0141920 -0.0416751
v -0.4270361 -0.8222840 -0.5753084
v 0.0237792 -0.7335190 -0.6347874
v 0.1585349 -0.9234999 -0.7025015
v 0.2786120 0.6411040 -0.0419355
v -0.4780531 -0.7537160 -0.5870414
v 0.1194370 0.1828850 -0.0137755
v -0.4921961 -0.5131450 -0.6474754
v -0.5949971 0.0923944 -0.3705114
v -0.6034561 0.0989134 -0.3462304
v 0.3407190 -0.9755090 -0.3614505
v -0.6103280 0.1026690 -0.3199884
v -0.6303130 0.0849653 -0.3053804
v 0.2578390 0.6062700 -0.0716374
v -0.6398080 0.0820875 -0.2473414
v -0.5142951 -0.4479240 -0.6465874
v -0.4677301 -0.5089990 -0.6621915
v -0.4883341 -0.4927220 -0.6571664
v -0.4736631 -0.4783500 -0.6697695
v -0.6464300 0.0760520 -0.2188644
v -0.4850801 -0.3370620 -0.6635864
v 0.8383139 0.5341470 -0.4183695
v -0.6585920 0.0620709 -0.1674994
v -0.6729330 0.0388069 -0.0884862
v -0.6787560 0.0253099 -0.0618108
v 0.1747340 -0.9594870 -0.3059695
v -0.7013910 -0.3819370 0.1614026
v 0.5028280 0.6344270 -0.0924870
v 0.6712570 0.5855930 -0.1332226
v 0.1310000 0.9181180 0.0989891
v -0.3159490 -0.2574940 0.3951475
v -0.2216370 -0.1498130 0.3185506
v 0.2918910 -0.6610050 0.1298855
v 0.4989429 0.1684100 -0.5197036
v -0.6002281 0.0608981 -0.4037514
v 0.5090409 0.1947700 -0.5247505
v -0.6070761 0.0716398 -0.3815774
v 0.5008819 0.2213370 -0.5065876
v 0.5044079 0.2494640 -0.4954705
v -0.6491700 0.0652286 -0.2896444
v -0.6524860 0.0651481 -0.2619794
v -0.6564440 0.0624413 -0.2357474
v 0.5427949 0.3084010 -0.4865516
v -0.6620650 0.0559237 -0.2091864
v -0.6680150 0.0489655 -0.1814894
v -0.6719260 0.0435358 -0.1488404
v -0.6821800 0.0280177 -0.1166794
v -0.6925761 0.0120377 -0.0870440
v 0.5427969 0.4335860 -0.4546255
v 0.4913830 0.4011830 0.0076392
v 0.6510149 0.5658760 -0.4184575
v 0.6445479 0.5759650 -0.3888925
v 0.7249360 0.8999070 0.6373065
v 0.5415379 0.5107400 -0.4631595
v 0.5378619 0.5334510 -0.4472745
v -0.6102870 -0.4761270 0.2452686
v 0.3753789 -0.9671280 -0.1768215
v -0.6450631 -0.4280130 -0.5459585
v 0.6868920 0.8369330 0.5532795
v 0.8677710 0.2601980 0.0127786
v 0.6100089 -0.8572830 -0.4729666
v 0.6194539 -0.8727551 -0.4599635
v -0.6236041 0.0605049 -0.3707054
v -0.6157391 0.0781666 -0.3589194
v -0.6246330 0.0823893 -0.3334494
v -0.6451560 0.0640520 -0.3184144
v 0.4219429 -0.8865070 -0.5989725
v 0.0739291 0.0702706 -0.4787905
v 0.1998050 0.5859600 -0.0313953
v 0.2698140 0.5798670 -0.0735078
v 0.1747390 0.5943700 -0.0227521
v -0.6712890 0.0425838 -0.2263634
v -0.9463331 -0.6366431 -0.3421984
v -0.2132200 -0.9621860 -0.2109115
v -0.6776060 0.0347585 -0.2001464
v -0.6918620 0.0161203 -0.1434734
v -0.6257641 -0.0603890 -0.4649074
v -0.6443471 -0.0662546 -0.4471454
v -0.7003760 0.0033367 -0.1165864
v 0.8093879 0.4434430 -0.5705846
v -0.6595391 -0.4402170 -0.5275264
v 0.1439840 -0.9849170 0.3020645
v 0.4452100 -0.6687970 -0.4072455
v -0.6236270 -0.7308930 0.1391696
v 0.6206739 -0.9218090 -0.5219795
v 0.6358929 0.5845309 -0.3558396
v -0.0655888 -0.1460390 -0.6500264
v -0.5431351 -0.1535190 -0.5801644
v -0.6627491 0.0444935 -0.3018894
v -0.5555271 -0.3785080 -0.6208884
v -0.6655800 0.0490809 -0.2483974
v 0.4768790 -0.7251450 -0.1565405
v -0.4868181 -0.7359720 -0.5979174
v -0.6015200 -0.1859190 0.2085766
v -0.4847911 -0.7144721 -0.6160814
v -0.6843520 0.0267425 -0.1720894
v -0.4918541 -0.5538830 -0.6305785
v -0.4791621 -0.5354320 -0.6474875
v -0.3065730 -0.9608530 0.1592845
v 0.6182770 0.5874540 -0.3348725
v 0.5838100 0.5863250 -0.1591595
v 0.4032219 -0.9751660 -0.2802755
v 0.5591870 0.5867460 -0.1743305
v -0.4984191 -0.3566240 -0.6623804
v -0.4533411 -0.8359700 -0.5720724
v 0.6362630 0.5899160 -0.3248985
v -0.9163431 -0.6563680 -0.3750884
v -0.5243011 0.1567930 -0.0123354
v 0.0111944 0.6683511 0.0785834
v -0.4143681 -0.2316350 -0.6725734
v -0.6369751 0.0411422 -0.3733594
v 0.9382079 0.3107230 -0.5036536
v -0.6377411 0.0575514 -0.3485834
v -0.6592960 0.0404065 -0.3285064
v 0.5704640 0.7341950 0.7321754
v 0.6293001 0.7725199 0.7441794
v 0.8695409 -0.3126460 -0.3725086
v 0.8711689 -0.3313400 -0.3544826
v 0.5824929 0.3978010 0.0640310
v -0.6681680 0.0425414 -0.2717104
v 0.4941709 0.1130970 -0.4993075
v 0.4955739 0.1411110 -0.5103886
v 0.0634986 -0.9224770 0.0148354
v -0.6377010 -0.7276820 0.1145416
v -0.4857670 0.1801660 -0.0069243
v -0.6869850 0.0211176 -0.2189464
v -0.6941300 0.0125365 -0.1928224
v -0.6069530 -0.7585390 0.1488756
v -0.2153991 -0.6461520 -0.7310265
v -0.7073460 -0.0087888 -0.0966738
v 0.5084319 0.2731260 -0.4865815
v 0.7848020 0.8095720 0.5103335
v 0.5884420 0.5299320 0.1117425
v -0.4559181 -0.7619430 -0.5943394
v 0.8003210 0.7398400 0.4558335
v 0.7487740 0.6212740 0.0833560
v 0.5403029 0.3991650 -0.4441155
v 0.6118000 0.5913680 -0.2860125
v 0.5843890 0.5891830 -0.2460505
v -0.0626137 -0.1345800 -0.6190245
v -0.4712230 -0.9434330 0.0691257
v 0.5338859 0.4848580 -0.4523785
v -0.6787930 0.0230448 -0.2898114
v -0.6794030 0.0301523 -0.2446804
v -0.7098171 -0.0099079 -0.1878134
v 0.5118699 0.5121380 -0.4161835
v 0.0274919 -0.9573179 -0.6845175
v -0.7102910 -0.0090857 -0.1413294
v 0.9318880 -0.2075790 -0.2762056
v -0.7168120 -0.0205019 -0.1158664
v 0.4099239 -0.9519800 -0.6040066
v 0.8917030 -0.0903741 -0.3252226
v 0.7157691 0.5431620 0.4917625
v 0.5920350 0.5565770 0.1242775
v 0.4076859 -0.9095840 -0.5996376
v 0.6148400 0.5901830 -0.3122245
v -0.3940781 -0.2486020 -0.6903314
v 0.6567800 0.7024540 0.2236675
v 0.6621920 0.5889879 -0.3380786
v 0.1986740 0.1994920 -0.2524755
v 0.1224340 -0.0536110 0.2691105
v 0.4334309 -0.7696950 -0.2135815
v -0.9411361 -0.6097970 -0.3516874
v 0.5165100 -0.2443640 0.2592485
v -0.6558281 0.0298460 -0.3544894
v -0.6727170 0.0260971 -0.3120314
v -0.8145670 -0.4490430 -0.1342774
v -0.6256800 -0.4709460 0.2294006
v -0.6873810 0.0160263 -0.2639824
v -0.6960380 0.0069888 -0.2377914
v -0.7031670 -0.0015085 -0.2120634
v 0.0218294 -0.0639033 0.2735495
v 0.0055870 -0.0789164 0.2763775
v -0.6587621 -0.4746700 -0.5247135
v -0.0604631 0.1708330 -0.4387575
v 0.6643439 0.5820420 -0.3702455
v 0.6392030 0.7170841 0.2857364
v 0.3769609 -0.7031879 -0.5046635
v -0.5635191 -0.1717540 -0.5734485
v 0.6710209 0.5732080 -0.4000785
v 0.6151310 0.7058700 0.3195575
v 0.6778849 0.5618690 -0.4296536
v 0.4513230 -0.8763750 0.1136205
v -0.6756680 0.0127244 -0.3334064
v -0.4702081 -0.6957240 -0.6344745
v -0.4968501 -0.5314471 -0.6358984
v -0.6862000 0.0067373 -0.3065114
v -0.6951010 -0.0003807 -0.2826554
v 0.6722471 0.8039761 0.4950215
v -0.7696640 -0.9002520 -0.1658024
v -0.4784661 -0.3557310 -0.6702644
v 0.7076479 0.5555670 -0.4418765
v -0.4435551 -0.8760790 -0.5814914
v -0.4563581 -0.8592430 -0.5757595
v 0.7270419 0.5420500 -0.4654275
v 0.7450769 0.5274600 -0.4866906
v -0.4470031 -0.8092070 -0.5662515
v -0.4340771 -0.8492930 -0.5823005
v -0.4660611 -0.8811020 -0.5687965
v -0.5521290 -0.2721060 0.2739576
v -0.0399023 -0.6632180 -0.6898005
v 0.3232929 0.1659930 -0.3396915
v 0.1726390 -0.7874470 0.2768625
v 0.3010759 0.1785250 -0.3281355
v 0.0481557 0.9775200 0.1886895
v 0.4822350 0.0615600 -0.4676775
v 0.9906720 0.2307390 -0.2794986
v 0.4760700 -0.8756230 0.1036595
v 0.5293919 -0.8045530 -0.5173275
v 0.7705429 0.5084710 -0.5094905
v 0.4784029 0.1641670 -0.4996155
v 0.2920820 -0.1216320 0.2578845
v 0.4874119 0.1921750 -0.5045345
v 0.4842440 0.2357390 -0.4831765
v 0.9015910 0.0036392 -0.2641576
v 0.5854830 0.6896909 0.5769724
v -0.7491370 -0.3731650 0.0808183
v 0.4953899 0.3048060 -0.4538145
v 0.1102769 0.0352327 -0.4863845
v 0.6513860 0.7818950 0.4663554
v 0.5212209 0.3466940 -0.4438455
v 0.2848409 0.2030880 -0.2835565
v 0.5158019 0.3975070 -0.4234706
v 0.5238019 0.4267140 -0.4328005
v -0.6068440 -0.4292720 0.2522236
v 0.3040259 0.1921100 -0.3014655
v 0.5296299 0.4568840 -0.4410926
v 0.5099419 -0.9631300 -0.6002836
v 0.5254239 0.5102050 -0.4398386
v -0.2386351 -0.9654779 -0.5267814
v 0.0451947 -0.9645580 -0.6745524
v 0.4049759 -0.9661289 -0.5816476
v 0.3947209 -0.9316330 -0.6022535
v 0.6383929 -0.9459870 -0.4828205
v 0.3970479 -0.8857030 -0.5896066
v 0.1883950 0.5793030 0.0947337
v 0.5460150 -0.9855610 0.0656081
v 0.0587815 0.8163860 0.1678065
v 0.0590075 0.8434680 0.1701985
v -0.6365021 -0.0168747 -0.4219214
v -0.6442631 0.0006428 -0.4005134
v 0.6328149 -0.9274189 -0.5002705
v -0.0249287 0.8121690 0.3057795
v 0.2537349 -0.9696760 -0.5517855
v -0.4566991 -0.5409091 -0.6617925
v 0.9457029 0.3980210 -0.3434786
v 0.2674629 0.2109520 -0.2617995
v 0.1659710 0.1782970 -0.0047895
v 0.2493420 0.8470989 0.0708085
v -0.5729521 -0.4450890 -0.5939245
v 0.5680900 0.5794940 -0.0713235
v -0.5771011 -0.7212180 -0.5287485
v 0.4626430 0.4890330 0.0113280
v -0.1269521 -0.9205990 -0.6458185
v 0.4318059 -0.7260940 -0.2241075
v 0.5796350 0.5667580 -0.0528567
v -0.6443111 -0.5059730 -0.5312164
v 0.4132650 0.3380450 -0.0845388
v -0.5171990 -0.8714770 0.0952323
v 0.9361820 0.1404090 -0.0682610
v -0.6216391 -0.5570290 -0.5434434
v -0.6090761 -0.5818980 -0.5502254
v 0.9320460 0.3460500 -0.3390626
v -0.5091591 0.0362244 -0.4799094
v 0.8824330 0.5504611 -0.1788596
v 0.9551769 0.3054360 -0.2044416
v 0.5490000 0.5919100 -0.0630580
v 0.9186160 0.5260040 -0.3213486
v -0.5435341 -0.1789600 -0.5949364
v -0.5424071 -0.3523780 -0.6304805
v 0.1190290 -0.9262440 -0.1365985
v -0.4897161 -0.6828480 -0.6259914
v -0.7746170 -0.2588670 -0.3394154
v -0.4899081 -0.5876549 -0.6254194
v -0.7472981 -0.3696260 -0.4174114
v 0.5763330 0.5811300 -0.0977690
v 0.5911520 0.5741590 -0.0757608
v -0.7595051 -0.1823460 -0.3438114
v 0.2747660 -0.5531991 0.1754345
v 0.4361060 -0.8351690 0.0988675
v -0.5062541 -0.9325740 -0.4611934
v 0.4975519 -0.6844630 -0.1781715
v -0.5400441 -0.8916121 -0.4701934
v 0.7507790 0.6446530 0.1239314
v 0.7598960 0.6241900 0.1087924
v 0.9626529 0.2767160 -0.3546876
v 0.2894710 0.2359130 -0.1329985
v -0.2915971 -0.7978081 -0.6649015
v -0.4616141 -0.5994840 -0.6426784
v 0.2120550 0.8701780 0.1014015
v -0.5048351 -0.6126840 -0.6196454
v 0.7586070 0.7577320 0.3560975
v 0.6186120 -0.0325525 0.1661085
v -0.4875521 -0.6211981 -0.6317044
v 0.6068879 0.5826809 -0.3537776
v 0.6180769 0.5773560 -0.3803205
v 0.7392690 0.6398840 0.1003579
v 0.1203440 0.6693120 0.1750155
v 0.9681370 0.2827530 -0.2113376
v 0.9831930 0.2552920 -0.2794366
v 0.4732369 0.0860535 -0.4642875
v 0.4761800 0.1091440 -0.4779855
v -0.7452250 -0.3516430 0.0995178
v 0.4762580 0.1358420 -0.4898485
v 0.3974409 -0.9754250 -0.4061075
v 0.6940390 0.6767730 0.1418364
v 0.6803350 0.6831380 0.1602765
v 0.6097770 0.5907390 -0.2297635
v 0.5840110 0.5881420 -0.1872525
v 0.4902149 0.2585390 -0.4788815
v 0.6101130 0.5909860 -0.2584435
v 0.4908339 0.2798280 -0.4675545
v 0.0701318 -0.2351100 0.4299405
v 0.5167779 0.3238530 -0.4572926
v 0.4975230 0.3293890 -0.4369635
v 0.5552430 0.5862550 -0.2342015
v 0.5026259 0.3718230 -0.4178455
v 0.7311150 0.5894769 -0.2998645
v 0.5233380 0.5710800 -0.3350275
v -0.4969801 -0.4444540 -0.6596444
v 0.8436939 0.5420660 -0.3939666
v 0.2189820 0.1988710 -0.2697725
v 0.5171509 0.4828070 -0.4253536
v 0.7418490 0.7576720 0.3330035
v 0.6487530 0.6776490 0.1824805
v 0.4569390 0.4882870 -0.2671805
v 0.4609050 0.5152830 -0.2709525
v 0.5916470 0.5889750 -0.3022805
v 0.3705759 -0.9346290 -0.5956915
v 0.3827479 -0.9099300 -0.5939365
v 0.5350500 0.5949490 -0.1338205
v 0.5201400 0.6182030 -0.0990915
v -0.6169231 -0.0041204 -0.4379724
v -0.5916891 -0.3859420 -0.5892285
v -0.3554990 -0.9713700 0.2350885
v 0.9559669 0.3078460 -0.2799606
v -0.6590470 -0.9400680 -0.2422014
v -0.5614911 -0.2791890 -0.6062654
v 0.4574420 -0.8104351 -0.2996935
v -0.5363981 -0.8349460 -0.5178815
v 0.3232310 0.2247500 -0.2267775
v -0.9161701 -0.5600250 -0.3551384
v 0.4436219 0.5369730 -0.1816385
v -0.9372001 -0.5657049 -0.3429504
v 0.6368191 0.8920920 0.6860074
v 0.1305390 -0.3314710 0.4497405
v -0.6318481 -0.7819670 -0.4417924
v 0.9738849 0.2556730 -0.3457806
v 0.1025510 0.2028260 -0.0936554
v -0.6253791 0.0116782 -0.4170854
v -0.7302430 -0.0977200 -0.3374044
v 0.3813790 0.2551730 -0.0481971
v 0.5835820 0.5888170 -0.2164635
v 0.2957550 0.6625479 -0.0439938
v -0.6325451 -0.5311151 -0.5376884
v -0.4883481 -0.8871610 -0.5529504
v 0.5748810 0.6096880 0.2896965
v 0.1524990 -0.9197680 0.1327125
v -0.6186941 -0.6541990 -0.5334324
v -0.5933561 -0.6522731 -0.5491034
v 0.6339880 0.5920560 -0.2989686
v -0.2547991 -0.9570870 -0.5062795
v 0.0782682 -0.9242750 -0.3587985
v 0.2648440 0.2215140 -0.0308104
v 0.2988789 0.1642420 -0.3546085
v 0.5354150 -0.6459720 -0.2996225
v 0.1127440 0.7818640 0.1243825
v -0.7508601 -0.5392860 -0.3882134
v 0.1172320 0.8078210 0.1233135
v 0.4474329 -0.9804840 -0.3365005
v 0.7900099 0.5467581 -0.4311765
v -0.4046101 -0.2034320 -0.6604474
v 0.2303000 0.8558511 0.0595394
v -0.1391871 -0.9209510 -0.2885355
v 0.3118640 -0.9745800 -0.3615135
v -0.3806121 -0.4884420 -0.7100955
v -0.4144211 -0.6950600 -0.6483235
v 0.6821259 0.5846820 -0.3571886
v 0.5592710 0.5870219 -0.1458815
v -0.7203101 -0.0728593 -0.3411324
v -0.6190320 -0.6026490 0.2226396
v 0.1761249 0.0105986 -0.4911115
v 0.7519261 0.8123810 0.4779875
v 0.1191480 0.1904230 -0.0434870
v -0.4412621 -0.2795270 -0.6589244
v 0.3276579 0.1807600 -0.3134425
v 0.1916150 0.2068680 -0.1231095
v 0.2767569 0.1746610 -0.3436235
v 0.2842650 0.5559220 -0.0724384
v -0.5098621 -0.5152659 -0.6305705
v 0.1783200 0.1986600 -0.0798351
v 0.2236010 0.2082140 -0.2452355
v -0.1253411 -0.9220400 -0.2637345
v 0.2298340 0.2155160 -0.2196195
v 0.6365290 0.7190070 0.7296354
v 0.9331660 -0.1413270 -0.2266746
v -0.6192951 0.0505790 -0.3898104
v -0.4517501 -0.9006710 -0.5730874
v 0.6980179 0.5687129 -0.4100905
v 0.4619330 0.1055670 -0.4614095
v 0.6157540 0.8784020 0.6948095
v 0.1311879 -0.5108690 -0.5490465
v 0.4572330 0.1299690 -0.4680005
v 0.6113070 0.5583220 -0.0318293
v 0.4597989 0.1574860 -0.4789695
v 0.4222870 -0.9791870 -0.3479665
v 0.4651310 0.1888790 -0.4811855
v -0.1220961 -0.9459580 -0.5358654
v 0.4664870 0.2530930 -0.4599715
v 0.2400900 0.2196700 -0.0678011
v -0.5093981 -0.9102620 -0.5109314
v 0.1995310 0.2110760 -0.1465465
v 0.2119859 -0.9685600 -0.5822465
v -0.7988150 -0.2416210 -0.1834634
v 0.5069459 0.3527870 -0.4292625
v 0.2423099 0.2061880 -0.2650755
v 0.4973049 0.3947900 -0.4043915
v 0.5031909 0.4218800 -0.4141845
v 0.3412180 0.2498520 -0.1583185
v 0.5084669 0.4506870 -0.4223875
v 0.9574610 0.3920180 -0.2737866
v 0.7346510 0.8072460 0.4560065
v 0.1656480 0.8774780 0.0550989
v 0.3971339 -0.9781760 -0.3590015
v 0.3664509 -0.9546130 -0.5861636
v 0.2358379 -0.9656481 -0.5926825
v 0.3565199 -0.9131759 -0.5871516
v 0.0674991 0.9080300 0.2488735
v 0.2585279 0.1660770 -0.3555275
v 0.0739957 0.8767450 0.2510915
v 0.2316439 -0.9696420 -0.5664645
v -0.5206771 -0.4033700 -0.6509025
v -0.6475581 -0.6993910 -0.4872194
v 0.0279623 -0.6011781 -0.6659445
v -0.9527180 -0.5589960 -0.3210944
v 0.6365430 0.5863570 0.0498183
v 0.2387830 0.2239770 -0.1234775
v -0.9281640 -0.5434750 -0.3361164
v -0.3271081 -0.6321440 -0.7131795
v 0.9429310 0.3288550 -0.1936866
v 0.2395990 0.2227090 -0.0959702
v -0.5986361 -0.8465970 -0.4275474
v 0.3099409 0.2034630 -0.2764635
v 0.2163830 0.2170990 -0.1345925
v 0.8532569 0.0043924 -0.3813846
v -0.6064821 0.0232789 -0.4317904
v -0.6201011 -0.7710770 -0.4652014
v 0.2160150 0.2170800 -0.1585835
v -0.9541760 -0.7537230 -0.1534104
v 0.2392319 0.1866940 -0.3093815
v -0.9703000 -0.7241499 -0.1785504
v -0.9981520 -0.6272080 -0.1839434
v 0.5641670 -0.9423580 0.0978138
v 0.1740270 0.1942380 -0.0579055
v -0.6429371 -0.5531451 -0.5302134
v -0.7050561 -0.3933370 -0.4796134
v -0.5055191 -0.7513880 -0.5612134
v 0.9302000 -0.1865240 -0.2585636
v -0.6539811 -0.6614660 -0.5051585
v 0.3612230 0.2055600 -0.3054575
v 0.3585899 0.2652920 -0.1747095
v -0.5635361 -0.0399821 -0.5051754
v 0.3469810 0.6729370 0.1059435
v 0.1065730 -0.2081730 0.3544825
v -0.4826801 -0.3787930 -0.6719775
v -0.3406361 0.0512235 -0.5191904
v 0.0854686 -0.1951280 0.3472425
v 0.6046829 0.5527520 -0.4491885
v 0.1203230 0.9301800 0.1302295
v -0.5482611 -0.5848150 -0.5889835
v 0.1236100 0.8348820 0.1098695
v 0.1297960 0.9193250 0.1557085
v 0.3854860 0.6847481 0.0753832
v -0.4721501 -0.8240380 -0.5590784
v 0.9600960 0.4846160 -0.2776916
v -0.4917571 -0.9328320 -0.5049264
v 0.6153700 0.4220620 0.1096975
v 0.8828680 0.2398110 0.0069310
v 0.8931380 0.5526260 -0.2473956
v -0.6599700 -0.9492340 -0.1239344
v -0.5075391 -0.3336970 -0.6523435
v 0.8917690 0.5501920 -0.2033936
v 0.9353630 0.5284740 -0.2657696
v 0.9480510 0.5104200 -0.2852556
v 0.8477060 0.5581830 -0.1481626
v 0.7735080 0.5837770 -0.3012106
v -0.6872450 -0.4236160 0.1529196
v 0.2606150 0.2297080 -0.1410325
v 0.2178450 0.2160880 -0.1978525
v 0.4462729 -0.7866540 -0.2923905
v -0.7917750 -0.2576610 -0.2765204
v 0.4466749 0.1516310 -0.4625315
v 0.2353060 0.1966920 -0.2848725
v -0.4976720 -0.8259690 0.2249366
v 0.2851630 0.2251260 -0.2104515
v -0.3005860 -0.1844500 0.3478215
v 0.4647110 0.2196210 -0.4709415
v 0.3640909 -0.9709359 -0.5189696
v 0.3549519 0.2150400 -0.2792535
v 0.4736570 0.2860780 -0.4463845
v 0.4797399 0.3084870 -0.4369205
v -0.8004080 -0.4154890 -0.2997314
v 0.3256490 0.2366320 -0.0566906
v 0.4848590 0.3685290 -0.3991785
v 0.9801259 0.2309150 -0.3521096
v 0.3408980 0.2486590 -0.1267695
v 0.5800409 0.5443120 -0.4570935
v 0.7135199 0.5010970 -0.5302705
v 0.6478549 0.5284560 -0.4926966
v 0.4995199 0.4704640 -0.4052535
v 0.7713400 0.8759249 0.6317214
v 0.5050059 0.4933840 -0.4049495
v -0.6478481 -0.6405460 -0.5196294
v 0.7250320 0.6356630 0.0781078
v 0.7157740 0.6511149 0.0981978
v -0.6186600 -0.4518250 0.2408126
v 0.8011099 -0.3896710 -0.4400336
v 0.6559099 0.5543160 -0.4476146
v 0.2406620 0.5600560 -0.0423490
v -0.7097831 -0.0527301 -0.3452724
v 0.7102830 0.6662080 0.1225515
v 0.3425249 -0.8909820 -0.5766945
v 0.3984250 0.3291990 -0.2144965
v 0.5457750 -0.8948960 -0.2924145
v 0.9887320 0.2130990 -0.3319216
v -0.0849538 0.8918180 0.3398915
v 0.9884129 0.1805700 -0.3472426
v 0.3561040 0.2507490 -0.2394015
v 0.3663540 0.2652350 -0.2565365
v -0.6554561 -0.7095190 -0.4695714
v -0.6275371 -0.7469350 -0.4744034
v 0.9842219 0.1536030 -0.3577126
v 0.6166200 -0.6301320 -0.0515243
v -0.4732390 -0.2868300 0.3167675
v -0.6035371 -0.8241150 -0.4424304
v -0.2345071 -0.9410170 -0.6154435
v 0.2740180 0.1899580 -0.3138785
v -0.9378680 -0.7794670 -0.1797604
v -0.9509650 -0.7619830 -0.1763664
v 0.2574329 0.2009840 -0.2871855
v -0.6580051 -0.5734470 -0.5224454
v 0.1921490 0.1872650 -0.0101523
v 0.1862420 0.1760830 0.0178534
v 0.2533259 -0.9624760 -0.2204745
v 0.4893540 0.2159200 0.0574133
v 0.7039270 0.5902621 -0.1732365
v -0.5238111 -0.2841810 -0.6354885
v 0.7356110 0.5894830 -0.1834415
v 0.8568360 0.4991290 -0.0673971
v 0.7307050 0.5819510 -0.0967059
v 0.5811499 0.5578710 -0.4321925
v 0.7067169 0.5153530 -0.5114705
v 0.5272950 -0.8768880 -0.2926435
v -0.4684980 -0.7458060 0.3150075
v 0.6703010 0.6682950 0.1406255
v 0.5997900 0.5116210 0.3322365
v 0.1331690 -0.9156440 0.3597815
v 0.6395580 0.7001261 0.2428925
v -0.0493360 0.7242190 0.2519085
v 0.4316120 0.3461750 -0.3046275
v 0.4141949 0.3224630 -0.3011495
v 0.6242200 0.6970270 0.2690445
v 0.1737470 0.6440150 -0.0152996
v 0.6031840 0.5779769 -0.1016375
v 0.0480634 0.9157990 0.1710565
v 0.5860310 0.5833830 -0.1282945
v 0.0499531 0.8907590 0.1765275
v 0.6257799 0.5695651 -0.4076175
v 0.4599760 -0.8976910 0.1209025
v 0.1794999 -0.9512970 -0.5032284
v 0.4026490 0.3159900 -0.2780365
v -0.1602711 -0.5101460 -0.7556795
v -0.6409380 -0.8872080 0.0234816
v -0.0187909 0.6525390 0.1139635
v 0.3521309 0.1850300 -0.3161785
v 0.4540510 0.0881679 -0.4496755
v -0.4507850 -0.2873210 0.3312196
v 0.3444110 0.1934370 -0.2941925
v 0.2183420 0.2088360 -0.0516057
v -0.4473740 -0.0417326 0.2037596
v 0.4464059 0.1734570 -0.4624605
v -0.4564070 -0.0653195 0.2178156
v 0.4469759 0.2008320 -0.4580945
v -0.6355030 -0.9218230 -0.0130928
v 0.2526520 0.2266410 -0.1678035
v 0.4505729 0.2713670 -0.4335165
v 0.3006409 0.2202620 -0.2321595
v 0.3427449 0.2253060 -0.2499675
v 0.4495890 -0.8255470 -0.2583975
v 0.3640650 0.2621560 -0.1117515
v 0.6843750 0.8164541 0.5106555
v 0.4811929 0.3927470 -0.3848305
v 0.1229850 0.2017310 -0.1911755
v 0.4889790 0.4183960 -0.3934125
v 0.4919939 0.4439070 -0.4026315
v 0.6881269 0.5231431 -0.5015896
v 0.4834180 0.4384610 -0.3841415
v -0.3024681 0.1542700 -0.4700854
v 0.4993309 0.5128800 -0.3931665
v 0.6048950 0.5846400 -0.1475965
v 0.6086850 0.5873120 -0.1712665
v 0.6198490 0.7029290 0.2967255
v -0.0957479 -0.9263330 -0.6552435
v 0.3387480 0.7821310 0.0641384
v 0.0057116 -0.9812130 0.2964305
v -0.0056190 -0.9823120 0.2737965
v 0.6338670 0.5924590 -0.2727645
v 0.3296369 -0.9173660 -0.5783415
v -0.1616711 0.1835840 -0.4467325
v 0.9854620 0.1285930 -0.3405536
v 0.6952040 0.5903940 -0.0353949
v -0.5828951 -0.8595960 -0.4365344
v -0.1363231 -0.8931741 -0.6423064
v 0.5672750 -0.6549270 -0.1014225
v 0.2797390 0.2322530 -0.1621095
v 0.2417570 0.2156370 -0.0391883
v -0.5844191 -0.0031453 -0.4711854
v -0.5737881 0.0236171 -0.4597284
v 0.5567180 -0.8027080 -0.0953081
v -0.2898061 -0.8325930 -0.6288865
v 0.2614620 0.5861630 0.1102325
v 0.2931330 0.2124310 -0.2571655
v 0.3176939 0.2137910 -0.2519765
v -0.0122506 0.8972440 0.2397515
v 0.3638889 0.0868325 -0.4259595
v -0.6987630 -0.9305500 -0.2134664
v -0.6896510 -0.9294380 -0.2424074
v -0.4900320 -0.9412090 -0.4791635
v 0.3745169 0.2560410 -0.3018995
v 0.4811190 -0.4168990 0.2333535
v 0.3691629 0.2594530 -0.2816435
v 0.3578559 0.2422350 -0.2679855
v 0.4250830 0.3243110 -0.3308365
v 0.6865639 0.5365670 -0.4808536
v -0.7421760 -0.0675997 -0.1865794
v 0.0502321 -0.2495720 0.4460005
v -0.7030451 -0.3061850 -0.4779064
v -0.5521801 0.0077086 -0.4838884
v 0.2040889 0.0410879 -0.4637025
v 0.7826239 -0.0960521 0.0981297
v 0.6554130 0.5930650 -0.2896915
v -0.4472101 -0.4868480 -0.6765015
v -0.4567371 -0.4590440 -0.6839554
v -0.5256041 -0.9018300 -0.4903544
v -0.4924330 -0.9048160 0.0945327
v 0.1375250 -0.9227200 0.0106332
v -0.5510541 -0.3249260 -0.6227605
v 0.6524540 0.5919670 -0.3120556
v 0.3214519 0.2397700 -0.1727665
v 0.6343750 0.8253790 0.6010035
v 0.2201990 0.2023520 -0.0176312
v 0.1956790 0.1960430 -0.0393343
v -0.4720210 -0.9509970 -0.4943055
v -0.6239581 -0.9430881 -0.0520676
v -0.5000621 -0.1330810 -0.5991544
v -0.6316000 -0.5405390 0.2146196
v 0.2173890 0.2137740 -0.0803518
v -0.5239871 -0.2134660 -0.6191984
v -0.5392011 -0.2316260 -0.6153974
v 0.2367660 0.2239600 -0.1492455
v 0.2997400 0.6856869 -0.0581687
v -0.5317031 -0.2580120 -0.6261404
v 0.5916581 0.6583790 0.6180854
v 0.3124200 0.6634560 -0.0646341
v 0.2987649 0.2321090 -0.1861795
v 0.4377370 0.1373810 -0.4504405
v 0.3066190 0.2270610 -0.2111255
v -0.7421591 -0.3904120 -0.4257284
v 0.3023370 0.6387790 -0.0540775
v 0.3428769 0.2391380 -0.2185955
v 0.4488049 0.2262920 -0.4535835
v 0.4398240 0.2429480 -0.4378345
v 0.1848100 0.7461600 0.0639647
v 0.4608479 0.2982480 -0.4257445
v 0.9066330 0.5452690 -0.2734666
v 0.8698609 0.5613990 -0.2477516
v 0.4700939 0.3667160 -0.3777345
v 0.0974871 -0.9463969 -0.5562705
v 0.6893379 0.5779730 -0.3812295
v -0.9641590 -0.7334510 -0.2280704
v 0.5976550 0.5865721 -0.3283755
v 0.7849519 0.5725080 -0.3560106
v 0.8072169 0.5653610 -0.3623075
v -0.7177570 -0.5118390 0.1281186
v 0.5567260 -0.5268970 0.1554695
v -0.6197661 -0.2663800 -0.5693334
v 0.8079980 0.5717340 -0.3359135
v 0.3186330 0.2413130 -0.1438005
v 0.5551959 0.5604010 -0.4138325
v 0.2756659 0.2186130 -0.2355305
v -0.7343951 -0.3242900 -0.4388664
v -0.4215051 -0.2953310 -0.6770384
v 0.1964760 0.2032150 -0.0667941
v 0.3991010 0.6642910 0.0693574
v 0.6597040 0.5856889 -0.0041842
v -0.5146071 0.1088950 -0.4311344
v -0.4963540 0.1297280 -0.4275804
v 0.2165830 0.2152630 -0.1082675
v -0.7905370 -0.4283820 -0.3250474
v 0.3241299 0.1936880 -0.2911885
v 0.3334450 0.2041890 -0.2720545
v 0.8634040 -0.3715550 -0.3220486
v -0.6089661 -0.7978560 -0.4594154
v 0.0583205 -0.8426540 -0.6992614
v 0.2682379 0.2272940 -0.1885075
v 0.3233370 0.2337580 -0.2003545
v 0.3424580 0.2470070 -0.1887355
v 0.7452640 0.5903651 -0.2134385
v -0.6230911 -0.4650030 -0.5518665
v 0.3875290 0.3067830 -0.2313725
v 0.9481279 0.2738740 -0.4317286
v -0.6915150 -0.9223670 -0.0549369
v 0.4685380 -0.5543500 0.1354105
v 0.5049530 -0.5696700 0.1060805
v 0.0821891 -0.9239351 -0.5239725
v 0.7254189 0.5640250 -0.4169436
v 0.7487999 0.5597950 -0.4204625
v 0.7381379 0.5531480 -0.4414015
v 0.8203560 0.5566159 -0.1025496
v 0.0176675 -0.9173090 -0.5282025
v 0.2415439 0.0181364 -0.4767555
v 0.3560089 -0.9718940 -0.3053025
v -0.1305000 -0.0865221 0.2795555
v 0.6918321 0.7999901 0.4550425
v 0.2839140 0.6025890 -0.0814031
v -0.6523771 -0.6056200 -0.5240344
v -0.9755580 -0.7062010 -0.1581294
v -0.6213061 -0.5084780 -0.5435954
v -0.5390771 -0.0343063 -0.5135394
v 0.5592270 -0.9184380 -0.2914735
v 0.6513090 -0.0659039 0.1656425
v 0.2493460 0.2148610 -0.2398375
v -0.7828721 -0.4092280 -0.3442234
v -0.0234531 0.8041010 0.2152355
v 0.2574629 0.2214720 -0.2147375
v -0.0029635 0.8297970 0.2125145
v 0.2924540 0.5771440 -0.0873632
v 0.1954640 0.2057280 -0.0932455
v 0.6136121 0.8093460 0.6146194
v 0.5003130 -0.8532259 -0.2356535
v 0.5594859 -0.8128170 -0.4559996
v 0.1498029 -0.7862099 -0.6048185
v -0.5435981 -0.2055300 -0.6055844
v -0.2207770 -0.9410160 -0.0596483
v -0.5568151 -0.2551600 -0.6063264
v 0.7547249 0.5408280 -0.4617235
v -0.5277210 -0.9139090 0.0339979
v -0.5379511 -0.3045970 -0.6297384
v 0.5662290 -0.9862520 0.0421223
v 0.4227079 -0.6456900 -0.4544435
v 0.4313290 -0.6747839 -0.4376465
v 0.2461040 0.5523190 0.0758119
v 0.7642149 0.5716580 -0.3760616
v 0.9408469 0.2956100 -0.4192646
v -0.5179451 -0.1591670 -0.6029684
v -0.6549260 -0.7246370 0.0932819
v -0.5061371 -0.1127330 -0.5824015
v -0.7406761 -0.5028090 -0.4175274
v 0.8011499 0.5017450 -0.5046036
v 0.1324220 -0.7886190 0.3068495
v 0.7731449 0.5272530 -0.4790145
v 0.7308450 0.6540270 0.1157084
v 0.4459029 0.1125350 -0.4491785
v -0.6737660 -0.9190990 -0.0304523
v 0.5955639 -0.6530540 -0.1402425
v 0.4229740 0.1512610 -0.4351355
v -0.6870851 -0.0132447 -0.3475524
v 0.6086760 0.8917760 0.7376235
v -0.6359640 -0.7507060 0.0904513
v 0.2574780 0.2097600 0.0079367
v 0.2377560 0.2008120 0.0107643
v 0.9109230 -0.0981638 -0.1219036
v 0.2435830 0.2223880 -0.1930935
v 0.4464769 0.3244630 -0.3790705
v 0.2106980 0.2153870 -0.1791535
v 0.2283480 0.2202900 -0.1755185
v 0.4692229 0.3903810 -0.3633865
v 0.2712919 0.0616298 -0.4470625
v 0.2625050 0.2246320 -0.0566447
v 0.2705440 0.2180540 -0.0071451
v 0.6361700 0.7833540 0.5119124
v 0.6578220 0.8031660 0.5186364
v -0.5758291 -0.3663760 -0.5999125
v 0.0239853 0.8491690 0.1978015
v -0.6786561 -0.3016460 -0.5111524
v -0.0964077 -0.9149520 0.1505465
v 0.3091680 0.2362010 -0.0816643
v -0.6988841 -0.5947250 -0.4744474
v 0.3011480 0.2331240 -0.0592696
v 0.0544997 -0.9442730 -0.5584365
v -0.4617301 -0.3630960 -0.6801824
v 0.3561280 0.2434700 -0.0582237
v -0.0966676 0.8626750 0.3371055
v -0.6910381 -0.1308410 -0.4308594
v 0.6005890 0.6347270 0.6332734
v 0.5873990 0.5895830 -0.2747456
v 0.9321459 0.3509750 -0.4137276
v -0.6990111 -0.1597470 -0.4375154
v 0.2806850 -0.1459200 0.2648935
v 0.2948369 -0.0771185 -0.5289755
v 0.2379310 -0.7963550 0.2137535
v 0.9472750 0.2373310 -0.0985072
v -0.7337710 -0.1579560 0.0515536
v 0.6391700 -0.3970240 0.2063145
v 0.6981090 0.5871260 -0.1404775
v 0.0004933 -0.9171190 0.1694945
v 0.1756340 0.1767540 -0.2889395
v 0.2806430 0.8094180 0.0076670
v 0.9539880 0.4380120 -0.2191596
v 0.9617829 0.1834280 -0.5665305
v 0.3058010 0.2278540 -0.0190413
v -0.6922481 -0.6500700 -0.4580894
v 0.5834720 0.4959010 0.0338993
v 0.4962830 -0.5459800 0.1395515
v -0.2927321 -0.9221860 -0.6050255
v -0.4402390 -0.9641690 0.1522326
v -0.4534500 -0.9522080 0.1391976
v -0.9033321 -0.6979760 -0.3773814
v 0.2834930 0.2286580 -0.0468720
v 0.6358030 0.7928560 0.5367195
v -0.9794320 -0.6863340 -0.1379954
v -0.5743321 -0.0197643 -0.4908864
v 0.6302691 0.7991210 0.5622885
v 0.5313139 -0.8419030 -0.3457806
v -0.3268530 -0.9760489 0.2146555
v 0.3146760 0.2399260 -0.1124665
v 0.2871960 0.2343020 -0.0992495
v -0.6317941 -0.4826090 -0.5400544
v -0.5491311 -0.0592286 -0.5169905
v 0.2035710 -0.7728440 0.1787535
v 0.6570310 0.6727660 0.1625095
v -0.0173151 0.8521791 0.2303415
v 0.8953159 0.0318559 -0.3630196
v -0.5911441 -0.1273240 -0.5371614
v -0.0089999 -0.9397420 0.2063785
v -0.5681161 -0.1260340 -0.5487394
v -0.5481971 -0.1027610 -0.5463564
v 0.6345200 0.6860650 0.2207285
v -0.5844651 -0.1615560 -0.5573444
v 0.9413030 0.0343476 -0.2627646
v -0.5613811 -0.0836726 -0.5239784
v 0.7983270 0.5782650 -0.3086675
v 0.7912270 0.5823060 -0.2811745
v 0.5442110 -0.6544720 -0.0596980
v 0.5441980 -0.6484170 -0.0359718
v 0.3723190 0.2853280 -0.1895325
v 0.3858609 0.3053780 -0.1733685
v 0.0034980 0.8624270 0.2168625
v -0.0097881 0.8747660 0.2313715
v 0.0046042 0.8898690 0.2219245
v 0.0945427 0.1905020 -0.0242485
v 0.6201600 -0.4163100 0.2079685
v 0.6692960 0.7881590 0.4485325
v 0.2842880 0.2309450 -0.0714132
v 0.6007230 0.5742300 0.4680755
v -0.5459811 -0.2797430 -0.6208214
v 0.2626440 0.2279310 -0.0839643
v -0.3333841 0.1554080 -0.4683914
v 0.2629810 0.2303090 -0.1127295
v -0.4961101 -0.7433270 -0.5789824
v 0.6432080 0.8173220 0.5748535
v -0.2120481 -0.1579190 -0.6893625
v 0.6189290 0.6808330 0.2438885
v -0.5631871 -0.3459430 -0.6126165
v 0.6054310 0.6835510 0.2900225
v 0.3552330 0.7285089 0.0881462
v 0.3524320 0.7008690 0.0988468
v -0.5554641 -0.4710020 -0.5933704
v 0.6431300 -0.4216340 0.1976795
v 0.5854681 0.6549630 0.5184224
v -0.7600620 -0.3646520 0.0617878
v 0.4864359 0.5060940 -0.3692755
v 0.4249420 0.1199440 -0.4322095
v 0.5896549 -0.8376130 -0.4270555
v 0.8354810 -0.4484220 -0.2509495
v 0.4295579 0.1814610 -0.4400475
v 0.8617289 -0.0240503 -0.3426706
v 0.4317639 0.2140360 -0.4389765
v 0.4209659 0.2308970 -0.4189585
v 0.7085800 0.7777359 0.3652945
v 0.4396349 0.2864140 -0.4110035
v -0.5144131 -0.5945750 -0.6091114
v 0.7299390 0.5863780 -0.1496545
v -0.8174890 -0.4571120 -0.1560074
v 0.2988079 -0.3011170 -0.5730054
v -0.8221890 -0.4687630 -0.1372734
v -0.8241140 -0.8654130 -0.2527964
v 0.4588329 0.3643510 -0.3524675
v 0.6478750 0.4677370 0.3042375
v -0.3933281 -0.7751980 -0.6196894
v -0.1794271 -0.9184040 -0.4866725
v 0.4869390 -0.2909920 0.2614345
v -0.7069460 -0.0122160 -0.0740505
v 0.4590349 0.3931590 -0.3189545
v -0.5833591 -0.5045580 -0.5638664
v -0.6013371 -0.5126840 -0.5516214
v 0.9514169 0.4700670 -0.3420576
v 0.6507990 0.1649130 0.0967745
v 0.9468070 0.4925090 -0.3287116
v 0.0563858 0.6612530 0.0497461
v 0.6494070 -0.8447690 -0.1042345
v -0.5783121 0.0700522 -0.4171384
v 0.6061301 0.8819660 0.7150205
v 0.2633260 -0.9736840 -0.4244155
v 0.9347870 0.2864160 -0.0796890
v 0.1978050 0.5579309 0.0588600
v -0.1675781 -0.9165699 -0.3867985
v -0.5803381 -0.6712140 -0.5526255
v 0.6268080 0.5688460 -0.0509446
v -0.0592654 -0.9177721 0.0355816
v 0.6165630 0.5814680 -0.1271046
v -0.0720558 0.9048210 0.3163815
v 0.7399080 0.7961420 0.4311804
v 0.5023659 -0.7501280 -0.1277715
v 0.7231310 0.5815960 -0.0731483
v -0.6295061 -0.1042760 -0.4850834
v -0.5507941 -0.5568770 -0.5844575
v 0.9960140 0.2061390 -0.2774896
v 0.6163149 -0.4869850 0.1657705
v -0.7396381 -0.2228730 -0.4012374
v 0.1708719 0.1883340 -0.2611425
v -0.7771341 -0.4422450 -0.3556344
v 0.2771960 0.2129120 0.0160595
v -0.2828620 -0.9605280 0.2736095
v 0.4526700 -0.6282980 0.1079065
v 0.4669840 -0.6051480 0.1033165
v 0.7269160 -0.4141400 0.1417165
v -0.6657831 -0.6448110 -0.4997675
v -0.6403041 -0.4557210 -0.5402914
v 0.5581729 0.5482531 -0.4418385
v -0.5901271 -0.2155820 -0.5759334
v -0.5945851 -0.2664820 -0.5784615
v -0.6325101 -0.2912310 -0.5641654
v -0.8116190 -0.4313580 -0.2220484
v -0.8440340 -0.4793830 -0.1397464
v 0.0552359 0.1406680 -0.4153635
v -0.8280120 -0.8650200 -0.1126704
v -0.5282601 -0.7418520 0.2703956
v 0.3775419 -0.9701160 -0.5454596
v 0.4133320 0.6705060 0.0549423
v -0.6217331 -0.3187980 -0.5654204
v -0.5370950 -0.3558910 0.2976956
v -0.4627640 -0.9227860 0.1773796
v -0.5346940 -0.3332850 0.2953976
v -0.6332941 -0.2424190 -0.5558094
v 0.4482400 -0.6888390 -0.3933675
v -0.7438841 -0.4123810 -0.4203834
v 0.0934415 -0.9841270 0.3066625
v 0.6365200 0.5911480 -0.2158206
v 0.6346010 0.5922610 -0.2450185
v -0.0742607 0.9173450 0.3398425
v -0.5801221 -0.3364800 -0.5928034
v -0.7331931 -0.4320920 -0.4360064
v 0.3733290 0.2847020 -0.1590495
v 0.4618160 0.4179690 -0.3077325
v 0.5787700 -0.9232030 -0.3103735
v -0.5578101 -0.2993890 -0.6151444
v 0.9342170 -0.2168200 -0.2486895
v 0.1432950 0.1980050 -0.2053415
v -0.8177760 -0.4557050 -0.2063034
v -0.8254770 -0.4668330 -0.1814954
v -0.8348880 -0.4744820 -0.1605554
v -0.4044651 -0.7889910 -0.6015224
v -0.7610970 -0.1402010 -0.2770644
v -0.0804212 -0.9166690 0.0553550
v -0.5335561 -0.8633500 -0.5156824
v -0.5315181 -0.8044800 -0.5198184
v -0.0592482 -0.0550053 0.2729195
v -0.0814322 -0.0674681 0.2789015
v 0.5752329 -0.8465600 -0.3814775
v -0.5133491 -0.8219610 -0.5332034
v 0.4069570 0.4443760 -0.1148485
v 0.5793810 -0.5252690 0.1482925
v -0.5442851 -0.7568960 -0.5255315
v 0.8792620 0.5511039 -0.3110456
v -0.5615051 -0.7395470 -0.5272735
v 0.8862810 0.5522079 -0.2896656
v -0.5501131 -0.7833720 -0.5131164
v 0.5343100 0.5879780 -0.1610725
v 0.5158769 0.6090820 -0.1218255
v 0.4079809 0.1138890 -0.4143585
v -0.5180450 -0.8601069 0.1175766
v 0.4115570 0.1393750 -0.4130625
v 0.4135309 0.1701330 -0.4157425
v -0.1714140 -0.8463700 0.3261595
v -0.2298271 -0.1124220 -0.5947455
v -0.8055190 -0.4595460 -0.2731674
v -0.8408350 -0.4723570 -0.2057294
v 0.4296570 0.2589510 -0.4162955
v -0.8498470 -0.4721630 -0.1831674
v 0.4216290 0.2733690 -0.3938955
v -0.7787650 -0.1534760 -0.1772634
v 0.8349939 -0.4004990 -0.3832836
v -0.2994210 -0.9539950 -0.4863335
v -0.7648970 -0.1145800 -0.1650564
v 0.1420840 -0.4283750 0.4401215
v 0.7799570 0.0319641 0.0339752
v 0.7792050 0.0573866 0.0428561
v -0.5716661 -0.3960670 -0.6049895
v -0.6730621 -0.3626900 -0.5149644
v -0.3748501 -0.8954420 -0.5941325
v 0.8778650 0.5580910 -0.2690876
v -0.5785281 -0.7393920 -0.5156124
v -0.5071331 -0.7938180 -0.5354064
v 0.3664800 0.6788840 0.0915641
v 0.8538679 0.5668480 -0.2316246
v -0.6665280 -0.4563260 0.1731556
v 0.6579520 0.5930750 -0.2628915
v 0.1593090 -0.9251500 -0.0648249
v 0.8354550 0.5698200 -0.1909206
v -0.8869371 -0.7627020 -0.3469754
v -0.8687951 -0.7142670 -0.3952644
v 0.6742670 0.5919340 -0.3114555
v -0.8047600 -0.3106750 -0.1756604
v 0.6901920 0.5886770 -0.3365445
v 0.8161840 -0.4484390 -0.0109223
v -0.0404611 0.1495710 -0.4564665
v -0.7177110 -0.0238416 -0.2056054
v 0.4541310 0.6667399 -0.0853764
v -0.8085990 -0.4915000 -0.2850614
v -0.7635661 -0.3901420 -0.3828474
v -0.8205290 -0.4841150 -0.2578114
v -0.8316950 -0.4776620 -0.2307224
v 0.6320760 -0.6338331 -0.0938750
v -0.6821111 -0.0820003 -0.4100994
v -0.8708130 -0.4705730 -0.1842914
v -0.6347061 -0.6960419 -0.5038214
v -0.8628910 -0.4743630 -0.1609604
v -0.8788920 -0.4820610 -0.1216934
v -0.7397901 -0.5470790 -0.4078544
v -0.8651760 -0.4789640 -0.1378214
v -0.6072711 -0.1735110 -0.5479785
v 0.4443359 -0.7411619 -0.2976395
v 0.8302330 0.5675180 -0.1657426
v 0.7893779 -0.3774560 -0.4609945
v 0.8123220 0.5664060 -0.1299286
v 0.8004900 0.5422300 -0.0390320
v 0.4688700 0.4407870 -0.3236115
v 0.1430460 -0.2946290 0.4227685
v 0.3207670 -0.5167069 0.2002625
v 0.3856759 0.3065280 -0.2022125
v -0.1404460 -0.9806041 0.2544835
v 0.7796340 0.5792190 -0.3284256
v -0.7565330 -0.1202280 -0.0297503
v 0.3310690 -0.0011779 0.2187195
v -0.7423130 -0.4020250 0.0832825
v -0.8258140 -0.5102320 -0.3065974
v -0.2028820 -0.2053580 0.4065315
v -0.8587260 -0.4733990 -0.2286654
v -0.8650280 -0.4705920 -0.2041274
v -0.4761570 0.0278025 0.1711106
v -0.5858111 -0.0898289 -0.5114704
v 0.6129920 -0.9857990 0.0083520
v -0.6320521 0.0270068 -0.3955694
v 0.4283370 0.6630549 0.0434114
v 0.7845410 0.5578810 -0.0511739
v -0.0298704 0.8997420 0.2581955
v 0.9809170 0.2454650 -0.3278106
v -0.1971550 -0.1174180 0.2783035
v -0.2089330 -0.1368550 0.2962855
v 0.0628453 0.6404541 0.0310712
v 0.3473219 -0.0152088 -0.5169266
v 0.5129340 0.5793400 -0.2021265
v -0.8366830 -0.4956000 -0.2807834
v -0.8522640 -0.4827820 -0.2577854
v -0.5971211 -0.4391140 -0.5816395
v -0.4817730 -0.9240839 0.0828664
v -0.8834550 -0.4698520 -0.2221824
v -0.8874190 -0.4692170 -0.1984624
v -0.8896371 -0.4705200 -0.1732874
v -0.5840761 -0.4720260 -0.5772404
v -0.6066971 -0.4856240 -0.5543655
v 0.5965100 -0.9849319 0.0537882
v -0.8867660 -0.4752680 -0.1462894
v -0.5894531 -0.5321860 -0.5590984
v 0.7730430 0.6431340 0.1777834
v 0.3489110 -0.8265880 0.1284155
v 0.4400690 -0.7626050 -0.2838185
v 0.7431980 0.5940380 0.0155427
v 0.7157109 0.5742331 -0.3884425
v 0.7213660 0.6077660 0.0212853
v 0.4148119 0.2012140 -0.4192805
v -0.8540490 -0.5128030 -0.3243364
v 0.4133059 0.2469550 -0.3982935
v -0.8534990 -0.4995300 -0.3017114
v -0.8803620 -0.4742830 -0.2482784
v -0.9060370 -0.4725270 -0.2367844
v -0.9606071 -0.7448300 -0.1977864
v -0.9040540 -0.4703650 -0.2135864
v 0.0948374 -0.9833350 0.2776965
v 0.9516720 0.0661652 -0.3277976
v -0.9062451 -0.4815620 -0.1268294
v 0.2625560 -0.7994360 0.1903985
v -0.7297631 -0.2130460 -0.4166094
v 0.7603330 0.5825469 0.0360703
v 0.3662399 0.2702140 -0.2338075
v -0.7462561 -0.4390800 -0.4139194
v 0.3742329 0.2862820 -0.2185705
v -0.7787101 -0.3127630 -0.3513744
v -0.3598151 -0.4998000 -0.7186105
v 0.3595760 0.2629690 -0.2090575
v 0.6953390 0.6165930 0.0318485
v 0.7094530 0.6293100 0.0560197
v 0.6970890 0.6424390 0.0781979
v 0.1188840 -0.9702070 0.2427095
v 0.6086150 -0.1331250 0.2047475
v 0.4846689 -0.8116050 -0.3460035
v 0.7078220 -0.9536080 -0.1277985
v -0.8590230 -0.4895090 -0.2830244
v -0.8787040 -0.4824730 -0.2745414
v -0.9119970 -0.4720110 -0.1911524
v 0.3212549 0.0163724 -0.4872295
v -0.9178540 -0.4761360 -0.1581264
v -0.7983860 -0.3548730 -0.2964104
v 0.8216939 -0.0453614 -0.4041806
v -0.7911280 -0.8875620 -0.2155504
v -0.6380421 -0.6710030 -0.5151744
v 0.6891310 0.6553550 0.1029545
v -0.0153309 -0.9216520 0.1866775
v -0.7044340 -0.6607209 0.0771293
v -0.0815363 -0.9664350 -0.5736215
v 0.6654830 0.6525130 0.1179315
v -0.6730891 -0.6946779 -0.4564704
v -0.6778051 -0.6708471 -0.4678164
v -0.6935411 -0.6237980 -0.4720524
v 0.6852560 0.6656960 0.1239895
v 0.4659110 -0.8066421 0.0718292
v 0.3002490 -0.8881500 0.3162765
v 0.3085440 -0.9123820 0.3283575
v 0.2858690 -0.8995730 0.3374595
v -0.3912871 -0.5377181 -0.7014034
v -0.6967810 -0.6826680 0.0712683
v -0.8721290 -0.5036449 -0.3141324
v -0.8763990 -0.4932780 -0.2968364
v -0.7441870 -0.2484280 0.0993914
v 0.7251900 -0.5776360 -0.0957068
v -0.9045920 -0.4797000 -0.2641664
v -0.9304690 -0.4834950 -0.2499464
v -0.9304900 -0.4775980 -0.2173154
v -0.5861581 -0.0466676 -0.4927514
v 0.0013581 0.9413860 0.2292145
v -0.0683905 -0.9293610 -0.5320995
v -0.5218521 -0.1899330 -0.6131864
v -0.9345281 -0.4877500 -0.1309194
v -0.5286771 -0.3303650 -0.6363655
v -0.1847870 -0.9780320 0.2619396
v -0.5147561 -0.3096380 -0.6417645
v -0.4165151 -0.8695890 -0.5884454
v -0.5606701 -0.4989370 -0.5807014
v -0.3800981 -0.5683680 -0.7014384
v 0.6442930 0.6497200 0.1431305
v 0.4311860 -0.7115010 -0.4395745
v -0.5531461 0.0775963 -0.4276024
v -0.5409451 0.0617396 -0.4478594
v -0.8949000 -0.5031080 -0.3116074
v -0.9012140 -0.4905910 -0.2895724
v -0.5514570 -0.7368881 0.2528586
v -0.9275730 -0.4932800 -0.2778794
v -0.5244511 -0.9130141 -0.4659854
v 0.4310500 0.6361450 0.0472357
v -0.6459270 -0.9296490 -0.0351359
v -0.5997361 -0.1119270 -0.5180435
v 0.3850850 0.1464380 -0.3720725
v 0.8998210 0.5346720 -0.1595126
v 0.4008940 0.1577230 -0.3924815
v 0.4003249 0.1899900 -0.3962445
v 0.4058119 0.2200020 -0.3984785
v -0.9400110 -0.4820640 -0.1848574
v -0.2534050 -0.9781060 0.2373385
v 0.4068419 0.2600630 -0.3770195
v -0.9495480 -0.4901400 -0.1559144
v 0.3942299 0.2446370 -0.3616345
v -0.9666990 -0.5181400 -0.1210864
v -0.7302160 -0.0451450 -0.1972984
v -0.7218650 -0.0289639 -0.1854214
v 0.6040890 0.7150650 0.3987445
v -0.7452970 -0.1823250 0.0442955
v -0.1182691 -0.9493880 -0.6464884
v 0.6494670 0.5861731 0.0209926
v 0.6356370 0.6596900 0.1732235
v 0.6329319 0.6715410 0.1978485
v -0.2938260 -0.1972810 0.3697726
v 0.9029810 -0.1183030 -0.3241796
v 0.4183739 -0.7161280 -0.4603825
v -0.6116251 -0.5331230 -0.5490634
v 0.0525665 0.6760370 0.0713555
v -0.9655070 -0.4993310 -0.1797884
v 0.3240250 0.7943650 0.0204234
v 0.8183709 0.5042350 -0.4888206
v 0.0650531 -0.9165580 -0.5129315
v 0.7516820 -0.5584970 -0.1349075
v 0.7304150 -0.5788950 -0.1217436
v 0.7948319 0.5151670 -0.4870305
v 0.6131050 0.6615460 0.2210615
v 0.7464560 -0.4102920 0.1178875
v -0.8509951 -0.7923890 -0.3582604
v -0.8490731 -0.7356390 -0.3999804
v 0.5520919 -0.8437260 -0.3628405
v 0.2054399 -0.9523100 -0.4686105
v -0.6547750 -0.6384391 0.1692746
v 0.0397394 0.1957800 -0.3143705
v 0.6042240 0.6729920 0.2667375
v 0.6351570 -0.1784640 0.2020925
v 0.7583369 0.5799680 -0.3460926
v -0.2639970 -0.9750640 -0.0615152
v 0.1424639 -0.9493890 -0.5398505
v 0.9502280 0.3647220 -0.2757756
v -0.6506811 -0.6811060 -0.4971784
v 0.6198550 -0.6464870 -0.1513625
v -0.6087351 -0.7606080 -0.4863274
v 0.1579320 0.8546890 0.0526604
v -0.6301231 -0.4168730 -0.5627025
v 0.4691010 0.5097400 -0.3201355
v -0.9122920 -0.5205190 -0.3254454
v -0.3759711 -0.6159019 -0.6835085
v 0.6138980 -0.6412150 -0.1034705
v -0.9217740 -0.5063010 -0.3028564
v -0.1105091 0.1884040 -0.4300535
v -0.3841081 -0.8658990 -0.5919064
v 0.1011989 -0.9347529 -0.5354755
v -0.9537850 -0.4944450 -0.2345414
v -0.9579130 -0.4926410 -0.2069324
v -0.7120161 -0.2626310 -0.4633324
v 0.0734191 -0.1853850 0.3309905
v -0.3606331 -0.9210269 -0.5939965
v -0.9763140 -0.5113060 -0.2016534
v -0.6938281 -0.5517960 -0.4864964
v -0.4036260 -0.0916431 0.2550465
v -0.9832350 -0.5225559 -0.1796334
v -0.6952251 -0.4513090 -0.4902734
v 0.0406534 -0.9170340 -0.5134745
v -0.3613100 -0.9749510 0.0205793
v 0.9411880 0.3548970 -0.2058886
v 0.9340560 0.3754310 -0.1898966
v 0.5913610 -0.6462090 -0.0895239
v 0.4257009 -0.7360210 -0.4548965
v 0.3594640 0.2651210 -0.1433395
v 0.3053440 0.6174380 -0.0706538
v 0.3766450 0.2831430 -0.1290805
v -0.9728710 -0.5127780 -0.1508274
v 0.2307770 -0.9745770 -0.3554455
v 0.9307719 0.3634350 -0.4950636
v 0.6051149 0.5639360 -0.4218235
v 0.6327209 0.1521850 0.0964199
v 0.6314249 0.5439780 -0.4678926
v -0.3075351 -0.9147050 -0.4029025
v -0.9464980 -0.5143530 -0.2886424
v -0.9514510 -0.5026450 -0.2623494
v -0.6905230 -0.0035394 -0.0329944
v 0.0318005 0.6806231 0.1883205
v 0.0549546 -0.3509410 -0.7429645
v -0.8084770 -0.4731610 -0.0712537
v 0.5829919 -0.8512191 -0.5356485
v 0.9495669 0.0743015 -0.4038836
v 0.5008250 0.6095140 -0.0117964
v 0.7444831 0.7851980 0.4063935
v 0.7546230 0.5892560 -0.2440795
v 0.3881919 0.1776870 -0.3723995
v 0.6230900 0.8045779 0.5881044
v 0.3916209 0.2134840 -0.3723265
v 0.4015000 0.2371340 -0.3819835
v -0.9394370 -0.5286450 -0.3137114
v -0.7297990 -0.1795980 0.0675162
v 0.3060890 0.5537500 -0.0873586
v -0.7209601 -0.1297350 -0.3821904
v -0.5383210 -0.9644240 -0.0548338
v -0.5648700 -0.9568690 -0.0495225
v 0.9621009 0.0973739 -0.4046606
v -0.3198620 -0.2386440 0.3849025
v 0.2514270 0.6351260 0.1432055
v 0.2993270 0.5319600 -0.0716831
v 0.7136460 0.2871360 0.0843288
v 0.6929220 0.2948460 0.0879240
v -0.6280310 -0.4266990 0.2321156
v 0.7071850 0.8686010 0.5913334
v -0.9089501 -0.6304359 -0.3821094
v 0.3475179 -0.7066050 -0.5211095
v -0.7465481 -0.2812810 -0.4048554
v 0.9647399 0.2491520 -0.3926776
v 0.5692999 -0.8196501 -0.4978985
v -0.7765681 -0.3870220 -0.3587464
v 0.6481889 0.5764630 -0.0743031
v 0.6754189 0.4580450 -0.5652526
v 0.6603120 0.5814900 -0.1062305
v 0.6067470 0.5447000 0.0315313
v -0.6058091 -0.6276070 -0.5459765
v 0.6012560 0.5421430 0.0560544
v -0.8226191 -0.8296760 -0.3427934
v -0.8451241 -0.8121800 -0.3422764
v -0.7771881 -0.4738000 -0.3515924
v -0.6122001 -0.1340780 -0.5231954
v 0.6183990 0.5553530 0.0114601
v 0.7882831 0.8286610 0.5477044
v 0.5669010 -0.6453400 -0.0490659
v -0.7242821 -0.3488920 -0.4558294
v -0.7057481 -0.3637470 -0.4778734
v 0.4745919 0.5600270 -0.2009675
v 0.6122540 0.6010680 0.1226475
v -0.0646825 0.8882540 0.2937935
v -0.6349201 -0.7198970 -0.4862554
v -0.6136151 -0.7373461 -0.4966634
v 0.7520111 0.8356611 0.5214254
v 0.7658440 0.8422730 0.5424774
v 0.6710039 0.0001114 -0.5226505
v -0.6291871 -0.3882710 -0.5651935
v -0.1261481 0.1323400 -0.4922545
v 0.4996649 0.5694571 -0.2602615
v -0.2471210 -0.9747610 -0.1659085
v -0.7099681 -0.4502760 -0.4677934
v -0.7178161 -0.4737800 -0.4550684
v 0.4380189 -0.7596880 -0.4538105
v -0.3951811 -0.3615710 -0.7014294
v 0.5786520 0.8508670 0.7489615
v 0.9285400 0.2396450 -0.0705649
v 0.7512850 0.8678050 0.5781334
v -0.7145861 -0.5190181 -0.4594984
v 0.1835939 -0.9516160 -0.3558675
v 0.7357711 0.8769780 0.5924085
v 0.8931740 0.5385600 -0.3340966
v -0.7749071 -0.3204020 0.0379754
v -0.7048961 -0.3338430 -0.4771494
v -0.0070108 -0.9222190 -0.3351675
v 0.2166589 0.1882100 -0.2922755
v 0.2022480 0.2073170 -0.2233305
v -0.5790561 -0.6063900 -0.5732095
v -0.5865031 -0.6295820 -0.5617604
v 0.6949720 0.8104240 0.4823865
v 0.2808260 0.5976760 0.1156465
v -0.5214311 -0.3551240 -0.6486304
v 0.2468620 0.8429689 0.0450444
v 0.2667410 0.8267400 0.0296041
v -0.5778751 -0.5563980 -0.5703174
v 0.7144670 0.8004460 0.4401605
v 0.5354570 -0.9428680 0.1093995
v 0.7119130 0.8076330 0.4624475
v 0.6359900 -0.1000125 0.1881345
v 0.6536390 -0.0932530 0.1758255
v 0.6457310 0.8797390 0.6602065
v 0.8707049 0.5500540 -0.3311786
v -0.7005611 -0.2798650 -0.4808734
v -0.6141990 -0.3990330 0.2425386
v 0.6656059 0.5167370 -0.5094475
v 0.6611151 0.8770150 0.6405664
v 0.6667181 0.8668400 0.6212775
v 0.6257070 0.8730910 0.6750894
v 0.3744619 0.1632020 -0.3529515
v 0.3774349 0.1954690 -0.3464465
v 0.6700539 0.5298589 -0.4921885
v 0.5336280 -0.8543839 -0.3275836
v 0.4030280 -0.9734480 -0.2577255
v 0.6624279 0.5412580 -0.4736905
v -0.7815130 -0.1679310 -0.1996834
v -0.7867320 -0.1811760 -0.1764764
v 0.9324880 0.1870970 -0.0679484
v 0.9475040 0.1892860 -0.0908657
v 0.2755060 -0.9400260 0.3579115
v 0.8645620 0.5606700 -0.2918476
v 0.6292679 0.5591410 -0.4358845
v 0.5901230 0.6111670 0.2011845
v -0.1320150 -0.9147700 0.0745523
v -0.3401411 -0.2883430 -0.7266415
v 0.0594014 -0.9746760 0.2437205
v 0.6046439 0.5712841 -0.3983935
v -0.6672581 -0.6201310 -0.5071275
v 0.1447140 0.7278230 0.0844053
v 0.1129050 0.6700211 0.0396318
v 0.4482350 0.3628220 -0.0266057
v 0.6015050 0.7721080 0.5878494
v 0.1632360 -0.9229650 0.0004588
v 0.5796150 0.5878249 0.2161365
v 0.6049190 0.7287800 0.4475455
v 0.5893139 0.5754000 -0.3760605
v 0.4450600 0.3516540 -0.3299855
v 0.5814959 0.5813210 -0.3470425
v -0.3779721 -0.9404041 -0.5887524
v 0.5729920 0.5842720 -0.3205755
v 0.4697230 -0.4587470 0.2087425
v 0.2553170 -0.8069800 0.2365875
v 0.4894140 -0.4420510 0.2218055
v 0.5191740 -0.4455940 0.2203245
v 0.8452920 0.5691730 -0.2653145
v 0.6397850 0.5889020 -0.1824315
v 0.7571551 0.8269640 0.6194925
v -0.6272981 -0.3637770 -0.5643725
v 0.4494649 -0.9811090 -0.3065115
v 0.6604000 0.5925350 -0.2348515
v 0.4582740 -0.8301280 0.0850832
v 0.6285750 0.5851409 -0.1520716
v -0.4157860 -0.9684060 -0.0464535
v -0.5960251 -0.0729402 -0.4934334
v -0.5021091 -0.8697630 0.1382836
v 0.6316530 0.5788960 -0.1026905
v 0.4905980 -0.2314850 0.2649495
v 0.6729280 0.5899270 -0.1787975
v 0.8077780 0.5724590 -0.1550076
v 0.6804740 0.5929770 -0.2842416
v 0.2383629 -0.9533350 -0.6161085
v 0.4423899 -0.9785269 -0.2503315
v 0.7795940 0.5692650 -0.0935857
v 0.4266749 -0.9794630 -0.3187695
v 0.2492390 -0.0992978 0.2571735
v -0.1270391 -0.1790780 -0.7102625
v 0.1201710 0.6884810 0.0629239
v 0.7631720 0.5684350 -0.0422400
v 0.7432880 0.5861911 -0.0085443
v 0.5186490 -0.9226630 0.1087075
v 0.4349289 -0.0947725 -0.5487285
v 0.4858530 -0.6368840 -0.3537775
v -0.8105371 -0.7784899 -0.4072324
v 0.0182375 0.7932000 0.1854355
v -0.7060781 -0.6299700 -0.4466364
v -0.7113211 -0.5832551 -0.4595554
v 0.5138599 -0.6127070 -0.3900805
v -0.5968041 -0.0295703 -0.4774164
v -0.8014730 -0.3409210 -0.2674134
v 0.7527910 0.5707771 0.2274545
v -0.9885880 -0.6673570 -0.2185724
v -0.9736200 -0.7077320 -0.2324774
v -0.5338011 -0.3788140 -0.6427094
v 0.2955180 -0.7750070 0.1271865
v -0.5202161 -0.4713670 -0.6364145
v 0.5366639 0.6081120 -0.0814761
v -0.5344661 -0.4493530 -0.6300424
v 0.5840310 0.5700350 0.3921935
v -0.9172140 -0.8000040 -0.2169804
v -0.5423091 -0.6323030 -0.5914034
v -0.8662560 -0.8406640 -0.2354304
v -0.9019760 -0.8143200 -0.2118554
v -0.6780610 -0.6829460 0.1039876
v -0.7497270 -0.9097190 -0.1271754
v -0.3267580 0.1725620 0.1081305
v -0.6387990 -0.6910300 0.1538476
v 0.4409789 0.4292630 -0.2238295
v -0.6918541 -0.6751180 -0.4417314
v 0.4351259 0.4034440 -0.2416635
v 0.8545239 -0.0483496 -0.3621336
v 0.6939029 -0.3855120 -0.5293476
v 0.2908469 -0.9416990 -0.5700325
v -0.9925510 -0.6434250 -0.2255774
v -0.7202730 -0.0347013 -0.2486014
v 0.4627489 0.3906770 -0.3415825
v -0.7333830 -0.0593469 -0.2387574
v 0.3829719 0.2283660 -0.3439985
v -0.7486220 -0.0998437 -0.2466324
v 0.3886760 0.2560300 -0.3376275
v -0.8551120 -0.8469580 -0.1194644
v -0.7974540 -0.3201480 -0.2873774
v -0.7887010 -0.2058040 -0.2261624
v -0.7933740 -0.2350280 -0.2299464
v 0.5749180 0.8285600 0.7651934
v -0.7122940 -0.1775890 0.0908137
v -0.7236691 -0.9233090 -0.1699594
v -0.8052040 -0.3443490 -0.2201214
v 0.6584900 -0.1957520 0.1944725
v 0.5277590 -0.6542150 -0.2799295
v 0.4465420 -0.4522090 0.2090295
v -0.5378341 0.1021490 -0.4157234
v -0.7553161 -0.4964770 -0.3929374
v -0.9859190 -0.5423640 -0.2382454
v -0.9647810 -0.6658410 -0.3077144
v -0.9964170 -0.5984139 -0.2261534
v -0.9890810 -0.6360210 -0.2476404
v 0.4247620 -0.9784729 -0.2927745
v -0.9866520 -0.6596650 -0.2427934
v -0.9814740 -0.6835060 -0.2373004
v -0.6211310 -0.8750080 0.0354288
v -0.4736011 -0.4063420 -0.6789305
v -0.4654711 -0.4320740 -0.6841424
v 0.2221000 0.5534050 0.0676856
v 0.4522759 -0.9783370 -0.1976175
v -0.8843620 -0.8282950 -0.2191644
v -0.6771621 -0.1656700 -0.4719514
v -0.1795750 -0.2475840 0.4339055
v 0.9588489 0.0891472 -0.3580976
v -0.1719700 -0.2738250 0.4422455
v 0.9448419 0.0748113 -0.3754946
v -0.7388840 -0.6237360 0.0344142
v -0.9578320 -0.6124390 -0.3295094
v 0.1007160 0.9374170 0.1790465
v -0.9495960 -0.5861430 -0.3374674
v 0.2069820 0.6633060 0.1640225
v -0.9612560 -0.5397210 -0.2959084
v -0.7591680 -0.2514130 0.0695676
v 0.5914410 0.4217030 0.0729623
v -0.8125351 -0.7498630 -0.4215614
v 0.2781780 -0.2302960 0.2835475
v 0.4514590 0.4769990 -0.2446455
v -0.7307041 -0.4042820 -0.4429794
v 0.4572079 0.4666620 -0.2621575
v 0.4506499 0.4243490 -0.2542175
v 0.4310229 0.3828200 -0.2550955
v 0.4777450 -0.5340000 0.1549955
v 0.5832230 0.7181380 0.6220525
v -0.5068691 -0.6374040 -0.6192294
v 0.4210269 0.3594480 -0.2527485
v -0.7281190 -0.0553289 -0.2648524
v -0.5492471 -0.7000740 -0.5616195
v -0.7391690 -0.0778888 -0.2540294
v -0.7655070 -0.1406760 -0.2509664
v -0.4783981 -0.8556380 -0.5627905
v -0.8083140 -0.8798029 -0.1304114
v -0.7858511 -0.5317320 -0.3436794
v 0.8344190 0.5411921 -0.0786988
v -0.7754750 -0.1613910 -0.2381044
v 0.7183380 0.4391700 0.1478975
v 0.4805749 -0.0047191 -0.5044555
v 0.7209859 0.4320280 0.1130865
v -0.7821090 -0.1867730 -0.2459184
v -0.7881590 -0.2158640 -0.2507044
v -0.7795540 -0.2347750 0.0029062
v -0.7967250 -0.2652770 -0.2335674
v 0.3777710 0.2431140 -0.3201095
v -0.5246651 -0.4949660 -0.6235765
v -0.7989270 -0.3086710 -0.2618114
v 0.1624280 0.5801359 0.0003972
v -0.8020080 -0.3275490 -0.2414164
v -0.3483811 -0.3342380 -0.7241824
# 14290 vertices, 0 vertices normals

f 6422 6424 13349
f 13044 201 11257
f 2904 7732 5402
f 145 174 146
f 5527 1692 11533
f 3149 3047 3148
f 4114 1348 4112
f 8343 8393 12660
f 6699 5467 1175
f 1942 5669 753
f 13533 11268 842
f 2375 14081 847
f 1771 10802 2449
f 1718 1079 3864
f 675 12724 2199
f 3734 2617 8859
f 12291 7717 2625
f 1479 2585 1770
f 5613 2107 2038
f 2703 3007 11957
f 5362 4739 9153
f 12643 14129 12644
f 939 1442 3670
f 1991 13684 14165
f 7331 2039 1850
f 10647 7592 10649
f 777 782 780
f 2377 1423 1466
f 4236 2094 2022
f 1943 1701 4256
f 5429 1741 11238
f 6033 8033 2489
f 2295 2304 2296
f 4556 5054 4559
f 3834 10382 3953
f 91 13001 10192
f 1542 4957 1541
f 13006 12928 12748
f 13143 14173 13179
f 11489 5684 2895
f 7374 7377 1710
f 12036 13677 564
f 2500 8426 13271
f 13008 12840 12928
f 8253 5072 8523
f 13200 13103 13102
f 10189 101 13148
f 55 4845 8976
f 5758 7754 13078
f 6143 5876 13005
f 11661 3877 6995
f 6161 7757 10298
f 4598 75 72
f 33 5 6942
f 4463 5238 9981
f 12443 1632 1865
f 2188 6251 2969
f 410 3798 266
f 5229 5989 6924
f 12745 109 9224
f 2071 424 2872
f 9089 13256 13257
f 5845 2172 2171
f 5655 7676 143
f 305 401 402
f 7332 2246 10436
f 13782 176 4463
f 838 6642 8108
f 1369 1522 12828
f 4757 4760 5391
f 145 77 173
f 7569 82 146
f 6332 6730 10
f 7569 146 175
f 147 115 114
f 12725 895 13010
f 12690 7600 9214
f 92 12202 28
f 14273 12878 12967
f 5554 12855 8062
f 9003 9004 13902
f 11359 6519 9070
f 843 1732 14081
f 4734 7517 4256
f 10898 1924 13517
f 8948 106 1099
f 10197 2051 9243
f 1577 11245 8455
f 10165 13148 101
f 11992 11988 11977
f 2139 11956 2565
f 2217 2779 4772
f 3723 1101 3716
f 9815 12799 1319
f 10048 11544 7478
f 11511 8694 12709
f 10903 10226 9009
f 2969 6251 4898
f 4519 2632 6880
f 2278 7333 4842
f 1542 6236 4958
f 9055 2468 13738
f 581 11812 11810
f 8305 2552 1868
f 1858 1797 1856
f 2491 2488 1367
f 8577 10361 8232
f 10062 10426 3032
f 13201 13203 6601
f 337 294 343
f 3311 12259 11873
f 5369 5654 5371
f 13200 13102 7244
f 9772 8504 9597
f 7372 8120 5049
f 11492 11980 12139
f 4958 564 5768
f 59 23 93
f 13103 12928 13006
f 159 93 158
f 3812 5617 99
f 8523 1968 8573
f 13102 13103 13006
f 9705 6132 9703
f 13245 634 13242
f 3407 13154 7113
f 7854 113 7462
f 66 7462 113
f 9832 192 188
f 10013 9652 6549
f 11275 11277 13873
f 308 403 353
f 2824 12687 2896
f 8101 3360 10231
f 7308 7422 7423
f 6997 7066 160
f 233 208 284
f 329 8704 13453
f 9896 229 9021
f 174 145 173
f 849 6102 7566
f 3151 3100 8057
f 7740 11205 11862
f 12512 13199 14170
f 9896 322 323
f 13680 2262 11820
f 206 208 151
f 173 172 200
f 142 141 3651
f 9387 9865 160
f 200 9064 174
f 8941 8816 8942
f 7730 2803 2888
f 390 10968 392
f 10289 7054 13379
f 3143 8105 5912
f 5525 6718 2001
f 1925 1298 2241
f 9644 6462 9723
f 2039 10171 2583
f 1665 2518 1664
f 12364 4772 2779
f 13861 1610 5440
f 10901 939 3588
f 6251 1102 1634
f 207 4018 9040
f 2583 6517 2868
f 13788 6508 9478
f 2872 5008 9720
f 2359 2360 1616
f 13545 2445 1720
f 2868 6518 8923
f 1987 9175 12252
f 12533 6989 8143
f 122 2531 3063
f 1983 12480 6349
f 13777 13740 6347
f 2870 11407 11409
f 130 62 98
f 5924 12462 12641
f 2300 8987 23
f 11482 11750 12022
f 343 252 292
f 12857 4686 11907
f 9687 3929 2190
f 1605 1535 1604
f 159 158 216
f 8523 8573 27
f 542 589 493
f 13319 13321 477
f 27 8573 26
f 190 130 187
f 10189 3695 4875
f 304 391 280
f 504 594 598
f 6783 8014 8199
f 1190 9784 3144
f 12366 3137 4214
f 9304 222 9285
f 3065 81 9304
f 12745 9224 10369
f 113 7401 66
f 7047 5655 7791
f 647 553 552
f 12542 7010 3147
f 4345 11949 3006
f 6648 288 1247
f 7047 169 713
f 6730 9229 34
f 1639 997 13977
f 5989 6000 4522
f 5207 14129 8069
f 151 48 116
f 8211 6117 12203
f 147 204 3694
f 229 9898 230
f 6511 4581 6510
f 6446 1372 851
f 9021 8898 9896
f 5099 1083 819
f 236 235 237
f 7541 10680 10319
f 54 16 48
f 6054 3547 2351
f 8900 12227 12084
f 1633 1631 2134
f 1564 4235 1744
f 5054 10659 12196
f 10462 806 338
f 464 12488 9942
f 2051 5525 2001
f 2413 13894 7359
f 13977 997 996
f 11160 8631 10319
f 6592 6585 2245
f 4765 4764 4119
f 3132 12685 10468
f 12813 12786 12839
f 11291 1903 11294
f 6299 5230 12377
f 2598 9824 2587
f 5242 6052 13919
f 7158 2326 1699
f 9355 12104 3722
f 11498 11211 5399
f 10671 10915 3723
f 6855 1652 2020
f 7644 9077 6862
f 1631 989 1601
f 2600 1977 2274
f 11637 11636 13701
f 6054 2631 2127
f 5358 13590 13589
f 381 343 292
f 62 27 98
f 59 2300 23
f 762 10747 10622
f 5410 5474 12
f 292 216 249
f 125 59 93
f 12370 10192 13001
f 252 159 216
f 391 458 280
f 9978 9917 9977
f 11924 134 10990
f 4062 13693 11619
f 3011 2771 2961
f 6375 8491 8492
f 12489 2575 12488
f 172 77 105
f 3339 8602 6230
f 6610 2151 1811
f 229 200 9021
f 9229 5882 441
f 6042 2009 12094
f 9832 9583 6805
f 10663 10595 10632
f 9339 9296 1516
f 4632 1540 7839
f 368 5207 8069
f 12203 4308 872
f 180 114 175
f 9394 9645 5067
f 441 170 9229
f 13631 5618 10633
f 10667 10705 7445
f 9138 202 9064
f 208 88 151
f 5393 6899 5395
f 54 56 4049
f 6375 2765 8491
f 9408 8322 5281
f 2245 1730 3926
f 6263 2350 2355
f 5491 11733 1730
f 10557 2075 2321
f 3755 9355 9781
f 1882 1883 2014
f 13957 13925 14009
f 11948 11857 12035
f 78 4504 9827
f 1399 1785 6761
f 6895 5561 6499
f 1658 1636 837
f 12417 13738 13683
f 2573 2563 9426
f 2031 13683 2937
f 10931 10432 1750
f 6564 11039 10529
f 11875 12926 9605
f 2104 2150 2364
f 12302 10287 5190
f 1934 13401 5464
f 3785 5428 3495
f 12302 5190 11879
f 5776 286 9194
f 7881 7971 8066
f 11084 12022 11249
f 162 129 186
f 130 98 164
f 217 162 186
f 252 216 292
f 27 26 98
f 541 588 542
f 458 598 505
f 11910 8409 6944
f 5617 13148 99
f 7754 10965 6178
f 2089 3957 3961
f 133 130 190
f 383 449 494
f 2464 2206 2381
f 411 1559 3853
f 10972 109 12443
f 5 7676 5359
f 14171 4003 2178
f 1296 5774 14200
f 323 1063 356
f 4310 3944 10300
f 11305 9517 8981
f 519 570 523
f 180 204 147
f 6690 2996 10718
f 504 458 391
f 6332 6910 6252
f 3829 10435 10359
f 6942 6805 33
f 525 478 10351
f 229 230 9064
f 206 149 205
f 88 48 151
f 2764 2765 2727
f 88 54 48
f 9626 6712 8630
f 4841 6899 5393
f 92 28 13378
f 13537 9523 13485
f 5129 5173 5219
f 734 733 982
f 2124 2332 1980
f 13767 7 2554
f 864 3778 417
f 8561 7073 6224
f 1263 11354 2053
f 1850 2586 1846
f 2001 9340 2051
f 9706 10449 9042
f 2567 2874 11561
f 4734 940 7517
f 3144 7317 9815
f 13820 6040 191
f 179 6119 4785
f 6968 6966 7166
f 11208 6737 12951
f 7876 7781 7966
f 11362 13003 3703
f 14234 8448 5607
f 8995 2260 13894
f 13664 9941 4830
f 10426 12276 3032
f 108 1530 8101
f 4952 5007 5066
f 10536 6163 3005
f 11524 8628 11800
f 2286 6420 6011
f 94 26 60
f 9638 634 13245
f 94 60 129
f 13646 13536 6424
f 217 186 253
f 23 57 93
f 4059 9681 6215
f 129 59 125
f 11284 13005 5876
f 6393 6236 1542
f 542 448 541
f 295 873 297
f 104 11916 12316
f 873 829 4144
f 2192 8167 3145
f 8759 9449 8758
f 2081 236 657
f 2935 11038 10719
f 13934 1684 13357
f 3033 2742 2860
f 143 197 8043
f 3798 410 411
f 10395 360 3306
f 1012 960 917
f 590 737 736
f 3765 301 3763
f 6473 288 6648
f 9865 9387 3798
f 11478 11420 8234
f 7791 169 7047
f 5604 4365 5368
f 2031 8543 11132
f 12049 7028 6915
f 8629 8630 1105
f 6102 4834 7566
f 6982 6117 5756
f 115 87 38
f 11627 8297 8036
f 206 205 281
f 2053 8005 1263
f 8079 6997 5819
f 284 366 9615
f 7464 7465 7301
f 2922 3047 2926
f 7342 11777 11542
f 92 10237 7967
f 13645 6884 12553
f 8854 8893 8724
f 8600 2074 6292
f 8099 10491 8191
f 4809 12914 5669
f 44 43 489
f 12914 4809 13840
f 6228 6648 1247
f 13520 10687 8699
f 7359 2621 2256
f 9893 7532 11956
f 4150 13694 13580
f 87 47 4356
f 14095 1683 1718
f 8005 2053 1864
f 6242 6678 11090
f 1231 2636 1228
f 6398 5375 6660
f 243 375 11043
f 7303 2792 7136
f 11882 11871 11683
f 12530 12347 58
f 6614 12222 8985
f 13147 10802 1775
f 2617 7061 11665
f 2673 2342 2671
f 12283 13386 12290
f 12113 1897 9390
f 243 290 333
f 11705 11280 13007
f 26 2294 60
f 10385 12390 7995
f 162 94 129
f 10034 6293 12220
f 93 91 158
f 294 217 253
f 445 381 292
f 129 125 186
f 381 2429 448
f 11119 1848 589
f 780 782 6886
f 6419 5876 6143
f 494 493 589
f 85 14171 9270
f 6143 5852 6419
f 457 349 451
f 14236 3554 14173
f 1154 7710 7510
f 8561 6224 2478
f 11611 11610 11773
f 7301 7208 7383
f 9903 11613 14056
f 8184 8183 8348
f 11958 6589 1689
f 10211 12538 12713
f 6528 10813 14153
f 9401 4949 7866
f 234 236 2081
f 6579 11263 13839
f 1435 1503 1437
f 8813 9797 4919
f 4498 3109 1658
f 1253 1216 1290
f 853 2156 2257
f 3842 6193 9546
f 853 508 667
f 9641 2874 2567
f 13709 6574 4469
f 202 9095 180
f 710 14097 711
f 5505 6430 11504
f 279 363 3829
f 10 35 77
f 153 88 208
f 284 10359 366
f 153 233 708
f 10319 7718 7541
f 13988 10900 11411
f 9894 3870 2753
f 606 14091 3394
f 4998 4836 5145
f 13089 12912 223
f 12551 3656 5350
f 9095 202 9138
f 4356 4670 87
f 2231 2196 3625
f 4949 1160 7866
f 2538 3835 5525
f 246 2778 250
f 11100 5072 6178
f 5010 10163 10251
f 10107 5912 8105
f 837 9390 4235
f 592 1201 4938
f 11835 12590 2180
f 2296 10805 2295
f 6574 9965 521
f 720 13221 13548
f 11212 14178 13852
f 13624 12780 13157
f 3764 3765 6363
f 2636 1430 1596
f 293 828 829
f 874 875 301
f 5465 5489 14164
f 14167 1677 13319
f 2465 2471 1943
f 2377 2078 2376
f 2017 1785 1683
f 73 33 70
f 12553 7702 13986
f 1786 3588 2486
f 1611 6909 9115
f 686 759 688
f 13523 1134 11380
f 13569 12912 13084
f 12371 12401 8733
f 425 140 1377
f 3657 3656 11419
f 422 423 3732
f 4860 1101 3723
f 11528 6641 4081
f 12033 11334 14026
f 11014 6195 11012
f 2455 2462 2269
f 13716 2203 5358
f 4236 11495 1915
f 6212 6216 8256
f 5518 12220 12233
f 10034 7978 10044
f 342 380 249
f 91 57 13001
f 445 292 380
f 60 2300 59
f 4528 6419 5852
f 7381 1541 11100
f 8413 591 543
f 494 449 493
f 11556 7104 7195
f 4003 4257 3976
f 13157 9401 7866
f 2080 1160 662
f 2106 13954 13953
f 2433 268 1240
f 1228 2780 1231
f 218 217 296
f 4153 840 683
f 13156 8723 11661
f 11001 12052 341
f 604 13284 606
f 10121 10460 7660
f 354 266 313
f 6510 4581 6452
f 405 353 403
f 10732 11797 11153
f 835 1840 14080
f 7791 167 1173
f 5421 1764 11415
f 13068 13069 14145
f 11397 12759 11470
f 3957 9200 5103
f 969 362 1092
f 9810 11403 11404
f 147 116 115
f 281 205 279
f 7791 1673 8079
f 7404 6910 82
f 56 12855 17
f 13654 414 413
f 3896 3897 3899
f 1997 987 812
f 479 4581 3897
f 10202 92 7967
f 17 13721 13863
f 12445 11992 12446
f 6230 14143 6339
f 1841 13851 430
f 10686 7220 2710
f 4033 3935 4545
f 9941 13664 71
f 1423 2304 1466
f 13537 13485 1285
f 6681 9291 9067
f 257 259 1478
f 12228 2139 2565
f 2288 2290 2659
f 1531 4152 1688
f 10333 10256 11029
f 2747 7010 4351
f 13857 13652 13940
f 10437 10438 4521
f 4557 4466 4632
f 11449 1516 10939
f 9370 5790 5370
f 968 362 969
f 5103 935 936
f 9630 11502 13141
f 12368 12336 12367
f 5657 4323 8842
f 4467 4774 11017
f 5688 5414 5276
f 1733 1992 1731
f 7270 6945 7273
f 5740 10728 12720
f 4402 12242 12129
f 2621 13894 2260
f 5712 10413 5086
f 1699 1766 7158
f 4169 1521 928
f 1081 5229 6353
f 11669 10910 9963
f 627 538 583
f 12743 6629 8853
f 5236 1898 5216
f 294 253 343
f 337 296 294
f 216 183 249
f 60 59 129
f 11282 11119 588
f 10728 8413 1848
f 4528 5852 2294
f 10292 10444 10445
f 164 94 162
f 218 162 217
f 771 705 884
f 2096 3554 12757
f 13035 12472 138
f 10627 9647 10566
f 6996 6998 13385
f 183 124 157
f 12745 11768 107
f 3633 2509 14172
f 172 165 5819
f 648 647 721
f 6942 192 6805
f 681 1198 988
f 8043 197 7066
f 177 11862 11257
f 237 4151 1700
f 3217 10864 6423
f 9896 323 229
f 145 7563 10
f 13974 4153 6363
f 9138 9064 230
f 188 10369 9832
f 10770 575 10787
f 3651 196 265
f 13786 6508 13788
f 366 429 5002
f 3694 275 205
f 284 206 281
f 9478 997 1639
f 10359 281 3829
f 362 1090 1092
f 5554 1709 2904
f 14096 1411 1327
f 56 3640 4049
f 2926 3004 2959
f 4510 4326 1979
f 4406 1251 11522
f 9842 9765 9923
f 3742 13783 4329
f 1893 2247 2195
f 8960 12290 13027
f 2059 9785 2447
f 2888 2959 7730
f 8284 11000 2821
f 11254 11136 8728
f 6358 67 9514
f 2559 2668 2458
f 11106 1786 2486
f 1919 2782 2443
f 13868 7639 7460
f 10924 10894 10940
f 8072 7887 7977
f 12084 12227 8275
f 5598 11955 9949
f 11142 11780 2253
f 11206 11816 4178
f 213 243 12636
f 8621 8997 8881
f 1042 321 1120
f 3775 2282 22
f 14037 11928 10631
f 11828 11142 2253
f 5518 12982 1481
f 6751 12024 2392
f 297 301 3765
f 6269 6108 6398
f 13607 10662 10660
f 4830 6285 9514
f 9619 2899 12047
f 5074 7921 1460
f 10010 11145 11383
f 2791 5665 4162
f 969 5790 968
f 9216 9417 9493
f 701 210 680
f 337 345 296
f 388 300 387
f 9717 2276 10890
f 7747 3714 5468
f 137 31 100
f 2294 5852 2300
f 6413 1968 6390
f 493 449 337
f 495 494 543
f 98 26 94
f 31 137 2095
f 14223 6240 14086
f 882 8582 10563
f 7595 11552 11361
f 10826 6393 10965
f 3361 12564 3360
f 12503 1632 10188
f 10829 4625 7627
f 10342 460 398
f 398 12264 14243
f 13506 9438 14054
f 1125 789 12680
f 197 225 9387
f 650 556 648
f 167 8079 165
f 3798 9387 225
f 5002 331 366
f 3763 6363 3765
f 405 553 509
f 5129 1568 5173
f 200 174 173
f 8510 12474 12475
f 13867 13693 11704
f 657 236 9349
f 331 368 6712
f 8609 9474 9313
f 151 149 206
f 1199 958 2608
f 7730 2959 3791
f 9564 12542 3147
f 17 3640 56
f 900 1436 2146
f 1528 1950 8304
f 8869 1105 8069
f 6080 3778 5506
f 8492 13330 8496
f 12206 12204 12265
f 1594 3416 3408
f 618 2691 2559
f 618 2118 2115
f 9487 10616 2112
f 2236 2140 1979
f 12059 11654 11858
f 4979 3817 992
f 8028 11045 10633
f 11433 2475 6011
f 2865 11359 9070
f 9674 9670 9692
f 8518 7823 1065
f 968 355 362
f 9158 12645 4146
f 6761 8729 8727
f 592 590 1107
f 9026 9123 11010
f 10703 10665 5685
f 8849 2622 8852
f 814 862 906
f 6540 6265 12024
f 12984 12807 12895
f 681 852 2257
f 1303 1107 2780
f 2414 5680 431
f 13485 9232 11638
f 13177 1128 13682
f 8479 1593 1956
f 6020 14079 10446
f 3784 6748 6750
f 1962 1569 2119
f 1598 1204 2125
f 6585 4556 4559
f 13215 13308 6996
f 731 215 703
f 13215 13385 9309
f 2605 1938 1701
f 13195 13686 14106
f 13252 13449 5091
f 5177 6308 6355
f 4694 4397 4398
f 9076 14168 13807
f 13294 13535 13288
f 13580 1327 4316
f 388 387 499
f 9717 8987 2276
f 2294 2300 60
f 10532 10728 1848
f 220 166 190
f 11100 9025 6390
f 98 94 164
f 13354 13265 4165
f 262 261 347
f 3065 4109 3976
f 10561 770 10621
f 9112 9103 9216
f 605 548 1378
f 8337 13495 3600
f 3626 5874 10882
f 12687 10188 6365
f 3138 3302 3303
f 9640 2990 5670
f 718 716 776
f 776 774 890
f 601 70 33
f 5896 4588 9588
f 4022 645 552
f 1632 12503 1849
f 7077 7076 7214
f 9896 8898 161
f 12291 10036 10522
f 7167 789 1125
f 8079 1673 6997
f 525 616 572
f 9898 357 230
f 12680 713 1125
f 9003 13902 12644
f 1592 3408 1919
f 6750 6748 3608
f 11150 14198 6114
f 708 154 153
f 1261 1402 8746
f 7342 8869 11226
f 6712 9626 331
f 3829 281 279
f 2888 2852 2924
f 10766 4088 10457
f 798 2433 1240
f 1430 1429 2615
f 311 352 2280
f 1105 8869 8629
f 733 12579 731
f 13180 12984 13178
f 2508 2211 2210
f 13399 10062 7250
f 1756 5634 9309
f 6570 6736 8315
f 12502 11117 1377
f 10648 7396 6662
f 2192 2950 8167
f 10684 10664 13018
f 9239 8904 9024
f 7333 2278 7331
f 8305 12514 2552
f 1616 1788 2359
f 2521 2487 1670
f 4153 8395 6363
f 6517 3809 11885
f 3866 4595 10878
f 7573 8304 1950
f 1866 12518 1761
f 11438 808 10757
f 3113 1582 2468
f 8158 8066 7971
f 5375 6540 1397
f 2253 213 11828
f 6959 1294 7070
f 919 884 882
f 182 211 120
f 784 376 2804
f 6109 5689 5827
f 13025 11111 11110
f 6522 12636 6082
f 14147 184 14149
f 12158 13512 14032
f 14086 364 10634
f 10724 594 632
f 4026 4035 6323
f 3400 1109 1108
f 2862 13889 11557
f 6054 2351 6263
f 1809 1525 2547
f 7557 8707 11489
f 6753 7517 8435
f 6931 8190 702
f 9851 2814 5122
f 3456 8400 3313
f 593 1346 499
f 292 249 380
f 12757 3890 11168
f 8573 4528 2294
f 7754 8253 1123
f 591 495 543
f 495 385 383
f 100 62 133
f 164 162 218
f 598 458 504
f 12830 7752 4109
f 1039 7108 911
f 2715 14213 14215
f 4003 14243 4257
f 5232 5506 3778
f 69 2050 3676
f 14158 13143 261
f 3976 2178 4003
f 12208 12178 12206
f 466 463 638
f 398 399 12264
f 572 10558 10770
f 1823 3402 1188
f 233 153 208
f 105 35 34
f 161 9865 322
f 358 271 357
f 419 416 516
f 419 516 519
f 9898 323 356
f 7404 13131 6910
f 14129 12643 11226
f 363 7700 10351
f 6300 11011 2348
f 13382 2805 1420
f 10097 11777 13903
f 708 233 9615
f 279 7700 363
f 7730 3791 6043
f 146 7563 145
f 4325 13009 6076
f 10896 1580 4796
f 12993 1122 4771
f 10680 2061 8062
f 11477 11327 12065
f 8123 10884 10469
f 13934 13357 8897
f 6216 6486 6599
f 12784 13148 5617
f 2242 1319 2243
f 6411 9307 3594
f 3629 6181 12657
f 488 6374 10060
f 1982 7824 2277
f 1790 2526 1635
f 126 111 9230
f 3998 3078 5331
f 12872 527 2003
f 14249 14027 4536
f 12415 7827 8447
f 2602 7137 5499
f 5375 6398 6107
f 7273 6945 11066
f 3235 11854 3236
f 11142 11066 11780
f 431 434 373
f 377 437 2237
f 7908 7715 7907
f 739 810 859
f 7721 7732 2904
f 1837 435 375
f 3256 5034 3668
f 1852 6545 4954
f 120 156 4471
f 246 812 667
f 4721 2208 2484
f 1386 1352 1412
f 12266 2100 12280
f 6212 8256 5654
f 388 258 300
f 26 8573 2294
f 13495 3695 3890
f 5370 4243 9369
f 13597 8578 14122
f 385 298 346
f 12751 8889 12471
f 137 100 133
f 885 771 884
f 387 298 385
f 448 493 337
f 785 784 2802
f 504 457 544
f 95 12784 8864
f 457 1346 544
f 2178 14123 3458
f 6589 1281 6591
f 6964 6936 11384
f 5462 10368 4016
f 7262 11695 12019
f 451 499 1346
f 5617 8864 12784
f 81 3065 4257
f 64 2095 13179
f 9383 3473 6841
f 8130 3524 12906
f 2622 8849 2615
f 1201 1108 1109
f 7232 11725 11717
f 9798 9109 8827
f 12443 4755 1632
f 3144 9815 10548
f 305 263 12418
f 13317 104 10678
f 13871 13869 13874
f 524 3868 420
f 1700 9349 236
f 12319 5120 11401
f 13690 12263 14105
f 6648 6228 6080
f 177 176 13782
f 1807 12371 8733
f 265 10345 313
f 7047 7676 5655
f 6413 13271 13712
f 11414 11114 11511
f 5594 3843 4915
f 273 9095 9138
f 12460 12428 12501
f 5207 368 5002
f 163 10837 316
f 2358 3516 13322
f 14129 5207 6341
f 10987 11958 5255
f 8527 8529 8528
f 11226 12643 7342
f 20 11186 9053
f 1472 1502 1548
f 2571 2619 3105
f 2381 2204 2458
f 2428 2446 1861
f 1875 1577 8455
f 2014 1883 2012
f 1466 2580 1843
f 1732 843 2065
f 1566 2057 2059
f 285 13616 9664
f 4818 6520 898
f 7382 7266 7263
f 2059 1714 1762
f 10195 10196 9964
f 4595 6012 11860
f 6959 6751 4471
f 688 580 686
f 156 212 2253
f 6353 9916 9445
f 12562 12559 12612
f 7159 6959 7070
f 120 6751 2392
f 12636 11043 6082
f 11483 6522 1134
f 11954 10073 3236
f 10657 10566 10591
f 4305 4455 12179
f 4846 8196 10125
f 695 668 741
f 4374 11762 11833
f 6761 8727 1324
f 10327 4279 2099
f 1696 14181 11854
f 10313 10317 10238
f 10396 10260 2105
f 10246 10015 10088
f 345 383 346
f 13143 2095 193
f 11424 14026 12060
f 495 383 494
f 11388 11121 11823
f 31 13078 1123
f 137 133 166
f 882 768 8582
f 705 674 704
f 11168 2096 12757
f 1682 8139 7955
f 505 1378 460
f 867 1780 272
f 6171 10066 10065
f 1945 7401 6213
f 13297 13326 2892
f 888 8304 7573
f 467 401 466
f 137 168 193
f 11168 13197 2096
f 399 398 463
f 10342 1921 396
f 195 196 141
f 466 399 463
f 192 6942 12680
f 6008 1826 5882
f 12543 12493 12459
f 2258 2305 1232
f 3744 769 170
f 516 416 514
f 3408 1592 1594
f 3744 170 441
f 575 621 4855
f 10345 509 470
f 4000 10770 10787
f 653 560 652
f 4000 572 10770
f 429 10435 10787
f 9050 7667 9223
f 419 357 356
f 2245 2191 5491
f 1201 1083 5233
f 10435 3829 363
f 519 358 419
f 279 205 275
f 7563 82 6910
f 2158 860 851
f 13603 8516 11605
f 616 5599 10782
f 7700 279 275
f 2484 1553 4721
f 3302 5511 5478
f 1083 1201 1109
f 5460 5478 5480
f 867 1925 139
f 10460 10121 8363
f 12695 2015 13080
f 1992 1733 12524
f 13783 9076 13807
f 6880 2632 5589
f 556 553 648
f 10085 2051 10197
f 1394 10594 2375
f 1656 1660 4370
f 1703 14081 2277
f 8729 6761 1785
f 10241 2279 4842
f 11528 4081 13044
f 2972 2897 7472
f 3153 3054 3100
f 1060 538 435
f 12664 12607 12651
f 11885 1903 2086
f 9461 878 876
f 7276 7389 7390
f 5589 2818 6880
f 11190 3274 11295
f 11416 11517 11520
f 11444 11416 11520
f 11276 11113 11669
f 8606 13971 12489
f 11449 11444 11520
f 213 290 243
f 2237 378 2250
f 9827 7331 2278
f 12014 1876 1875
f 10436 7231 11418
f 5135 4826 4985
f 12835 12834 2103
f 1666 1167 1426
f 1546 439 348
f 444 13007 2429
f 345 254 296
f 166 133 190
f 13384 320 407
f 168 137 166
f 387 385 496
f 965 1094 1018
f 7752 3061 4109
f 885 884 966
f 12757 3554 3600
f 2838 4614 3922
f 12277 3061 9906
f 2595 9461 876
f 547 605 1378
f 8692 2129 2814
f 3147 2357 9564
f 10058 866 10139
f 460 1378 462
f 308 9758 305
f 280 458 396
f 10058 10139 10140
f 4003 14171 1921
f 398 14243 10342
f 609 12320 11401
f 11833 6295 4390
f 12264 4257 14243
f 1636 8884 10394
f 7663 5475 12172
f 8043 1673 5655
f 575 7278 10787
f 13142 4305 13140
f 8416 224 225
f 441 14142 3744
f 653 652 726
f 273 271 361
f 8529 8399 8528
f 175 174 202
f 9929 1165 841
f 273 9138 271
f 478 363 10351
f 9626 708 9615
f 10782 5599 8724
f 12305 3019 12278
f 6341 5207 576
f 2888 2803 2852
f 8629 8631 8630
f 4484 9590 477
f 11245 1911 6850
f 946 1240 247
f 6420 2687 2681
f 9340 9243 2051
f 4732 3292 3293
f 14080 395 3189
f 12268 813 2260
f 1479 11512 3982
f 10624 13679 14242
f 9072 9071 3392
f 2038 8518 3693
f 11634 1912 1881
f 898 1065 4818
f 2443 1302 2444
f 2443 2444 1592
f 4378 7657 8454
f 2937 8543 2031
f 3159 3162 8713
f 926 925 1024
f 6404 6113 6551
f 12636 6522 11828
f 5407 5270 5679
f 6319 5446 7455
f 11066 6945 1294
f 437 378 2237
f 56 54 89
f 212 290 213
f 12441 13370 13367
f 3285 1941 527
f 373 287 2414
f 937 11624 630
f 3236 12856 11380
f 913 1043 955
f 743 1782 4934
f 8870 4531 8699
f 12956 12981 11047
f 8474 11409 8050
f 42 7513 3567
f 3022 3023 1671
f 10971 595 8254
f 9126 6218 5937
f 918 7374 5906
f 1605 1648 1607
f 11127 12720 10532
f 11307 11237 11094
f 12538 10211 7473
f 11128 11286 11288
f 11165 11307 1591
f 385 346 383
f 8578 5853 6214
f 168 166 220
f 5218 4736 5590
f 2484 2208 2128
f 1289 10353 1358
f 1627 4842 7333
f 9676 2537 2374
f 349 302 451
f 396 460 10342
f 1542 7381 6393
f 12277 14123 2178
f 304 349 391
f 10788 10790 10747
f 10826 10965 5758
f 462 463 398
f 4003 1921 14243
f 160 8898 6997
f 7198 6992 7295
f 9387 160 7066
f 12264 399 12418
f 3144 3145 10012
f 12423 6041 760
f 4216 4068 8008
f 136 1377 1256
f 69 66 2050
f 1198 1199 2284
f 1559 561 569
f 559 470 556
f 7066 6997 1673
f 265 196 312
f 10732 8401 570
f 313 224 265
f 8898 9021 5819
f 524 616 525
f 802 801 4955
f 13902 8963 13901
f 525 3868 524
f 9958 9957 10106
f 569 412 1559
f 361 10351 7700
f 13110 7560 13400
f 9492 986 10447
f 429 10359 10435
f 8724 8673 8722
f 888 737 8304
f 204 180 9095
f 2779 2217 2466
f 2155 8002 11116
f 480 9083 13097
f 14005 10570 1984
f 11106 2036 11354
f 8727 2092 1859
f 198 221 14057
f 8155 2481 8106
f 1583 2700 50
f 127 9092 1245
f 14004 4038 13963
f 6761 6760 11069
f 8525 1990 5415
f 6846 747 6943
f 1263 2585 1226
f 9083 480 13653
f 2225 11469 9265
f 10197 6880 2818
f 1527 8304 8139
f 48 47 116
f 692 775 13563
f 1830 110 1622
f 10805 2449 10802
f 6169 8342 10824
f 10821 12525 10875
f 4374 4740 4694
f 12494 12425 12493
f 9002 7329 8117
f 434 333 373
f 7276 7155 7389
f 590 592 7955
f 2026 622 5270
f 758 682 807
f 12885 10025 2457
f 697 937 695
f 7866 7865 13624
f 739 738 810
f 3383 10713 3384
f 2769 2732 13203
f 5161 5313 5208
f 11753 8057 8059
f 10073 12856 3236
f 8555 11566 14181
f 10622 10672 762
f 5421 2626 2521
f 5300 5710 5850
f 12299 37 6260
f 4389 6850 2538
f 2150 1866 12228
f 13836 244 582
f 1013 1296 13660
f 9474 9299 9313
f 14183 10593 7586
f 3839 2806 5642
f 13561 11642 13898
f 2200 1900 2367
f 8933 11096 4631
f 337 343 381
f 10644 10004 10740
f 3861 13514 528
f 541 13007 11280
f 5740 2697 2142
f 6912 1584 1735
f 9488 9942 10635
f 168 220 300
f 493 448 542
f 1055 966 1018
f 674 633 704
f 2892 11508 10114
f 1055 1018 1094
f 11382 11299 11458
f 3770 10902 5919
f 8879 8772 8825
f 5740 10755 10728
f 401 305 12418
f 608 636 712
f 10495 788 10563
f 11179 11876 2555
f 5319 5486 7642
f 467 403 402
f 1738 1581 6912
f 280 85 304
f 10270 5183 4244
f 403 467 4022
f 2020 5076 7611
f 716 714 774
f 7984 7188 7308
f 776 890 781
f 1632 4755 10188
f 9640 10708 10689
f 1063 323 322
f 3010 1218 6340
f 8559 8050 13342
f 359 420 3868
f 12644 6341 9003
f 114 180 147
f 429 576 5002
f 5469 1728 12981
f 4855 9004 9003
f 5 73 102
f 4710 4273 3175
f 13978 1996 1994
f 6742 1964 1406
f 8776 10401 4307
f 14286 2100 12266
f 5844 5807 5805
f 2000 1999 1394
f 12579 215 731
f 9766 9738 9748
f 5147 4998 5432
f 9692 9670 9710
f 13563 79 55
f 6016 5507 67
f 1383 6361 6473
f 9483 9367 9481
f 5123 2026 5270
f 11043 12636 243
f 5254 8312 9532
f 4144 4148 873
f 765 697 695
f 4788 4697 14186
f 7070 7276 7159
f 13967 13636 13611
f 3132 11768 9445
f 8638 7847 8346
f 6959 6755 6751
f 12533 5358 13589
f 1780 867 139
f 8376 11546 13149
f 6884 13645 6900
f 11854 4788 1696
f 12886 12938 12887
f 1318 1281 1203
f 7071 7128 7069
f 400 7146 4796
f 13385 5739 9309
f 768 704 7518
f 1005 4476 13943
f 4175 3652 3155
f 10759 13107 10975
f 2600 9428 7824
f 2317 4186 10481
f 2619 1917 1920
f 12139 2222 11492
f 5462 2811 5308
f 11260 8917 11346
f 5638 4209 8382
f 10396 12834 9593
f 10563 8582 10495
f 10211 8381 7760
f 12835 11288 11706
f 11705 11289 11280
f 3642 3680 3679
f 258 168 300
f 1055 1094 1133
f 5061 5492 1468
f 12858 13015 444
f 768 705 704
f 605 633 674
f 10033 12399 5722
f 2272 1093 6875
f 2607 736 2258
f 547 633 605
f 10164 3306 8681
f 403 308 402
f 10114 11508 8681
f 4831 4526 4791
f 266 225 224
f 2628 9189 14159
f 402 401 467
f 11838 11356 11488
f 353 312 308
f 1849 2035 6213
f 467 10926 4022
f 559 556 651
f 651 556 650
f 516 570 519
f 412 3853 1559
f 10345 265 312
f 5956 5911 5910
f 11867 8575 8232
f 8278 13260 8382
f 8964 9004 4855
f 10081 5036 4868
f 13053 11047 14160
f 13850 11041 9639
f 358 359 271
f 5532 4931 4709
f 13903 13901 10097
f 12548 9786 9723
f 621 10770 10558
f 8217 4856 8268
f 7700 231 273
f 171 7198 7295
f 2552 12514 1866
f 2446 6119 3025
f 11272 11169 11105
f 2681 2441 5914
f 1574 1735 1584
f 6573 3915 3916
f 1686 7739 1763
f 11493 11120 5354
f 46 45 8342
f 11156 11299 11157
f 11037 2040 2372
f 11261 1566 2447
f 1566 1778 1367
f 13722 2628 14159
f 2466 2217 5362
f 10085 10233 8525
f 11783 11784 12086
f 4881 4848 4880
f 1737 7644 12920
f 2565 11956 11957
f 6119 6641 2513
f 10395 7185 7998
f 10018 11565 12234
f 5127 4981 4660
f 212 213 2253
f 5686 5411 3733
f 578 482 529
f 446 272 12113
f 754 850 755
f 735 623 682
f 241 2414 287
f 735 682 758
f 10141 2163 11341
f 2253 11780 156
f 14226 6815 3718
f 241 211 182
f 4429 11341 3909
f 11446 11954 11566
f 627 4697 538
f 13195 14106 14108
f 10073 10939 13719
f 11954 11854 14181
f 847 2000 1394
f 691 739 814
f 537 663 1060
f 6082 11043 2237
f 584 627 628
f 6226 6790 9372
f 12888 4080 7796
f 8586 8576 8740
f 6038 1628 9720
f 862 859 948
f 10616 9487 1158
f 3786 10174 4094
f 1569 1181 1959
f 6519 11026 2659
f 3173 8612 9934
f 11280 11289 11282
f 10532 11282 11127
f 2930 2929 3014
f 10635 6771 10609
f 9615 233 284
f 4036 3935 6479
f 267 268 2159
f 1998 2156 1997
f 5142 6327 4993
f 9945 8647 9875
f 288 260 828
f 5364 9965 9920
f 541 448 2429
f 11742 11785 11787
f 12982 5518 5236
f 9198 6750 3608
f 13297 2892 10116
f 7752 1945 6213
f 13729 2658 2972
f 548 605 636
f 1378 505 547
f 10114 360 10167
f 10167 10116 10114
f 9876 8647 9950
f 228 226 3578
f 10167 360 10255
f 8819 7756 1496
f 10275 10145 10143
f 8867 10055 8881
f 1250 9423 1465
f 403 4022 405
f 3322 4589 5514
f 10333 11029 10255
f 9758 3676 222
f 638 639 10926
f 645 4022 642
f 474 354 470
f 8852 8876 8849
f 3853 322 9865
f 7704 6684 8962
f 7298 11015 8077
f 4067 11019 11933
f 10526 3849 4244
f 2731 8491 2766
f 6456 5647 787
f 2206 2119 2381
f 736 737 888
f 4804 4597 4709
f 1042 1115 830
f 1073 111 122
f 10556 10820 13968
f 7513 8811 7442
f 576 10787 7278
f 3045 12281 795
f 3249 2870 8474
f 361 271 359
f 3694 149 147
f 13901 8962 10097
f 5423 8221 4509
f 8527 5599 614
f 1863 3252 3253
f 576 7278 6341
f 2242 9526 10548
f 1770 2449 2541
f 2866 2407 2298
f 5259 5673 1678
f 13978 3114 1062
f 7158 1685 2326
f 6818 5589 5593
f 1915 2606 2471
f 7339 4924 2356
f 13589 13590 2004
f 10052 10330 10135
f 13199 5684 13204
f 1051 13387 14008
f 10935 10874 10999
f 10815 10053 9999
f 5135 4668 4826
f 2362 2032 7947
f 2237 2250 6082
f 11155 848 2530
f 4307 10401 9257
f 6847 1563 1567
f 682 622 755
f 156 120 211
f 809 735 758
f 2375 847 1394
f 10556 4403 6333
f 10377 10829 7297
f 628 666 740
f 1837 333 434
f 6595 10046 11517
f 1637 1315 1277
f 241 5820 2414
f 11130 10862 11131
f 12254 12531 12449
f 11300 11157 11382
f 11236 11234 11237
f 10939 11446 11449
f 12724 9591 2199
f 748 767 698
f 7462 9583 7854
f 14128 8683 4078
f 14052 8696 9925
f 1917 2619 2571
f 2125 1962 2207
f 1641 1571 10977
f 11061 10821 10875
f 6593 7211 1085
f 1852 8495 1853
f 300 220 298
f 11127 11282 11286
f 11866 12858 11346
f 300 298 387
f 8586 1854 8576
f 2142 12538 7473
f 544 594 504
f 3306 360 8681
f 474 470 559
f 13710 14219 12365
f 636 674 709
f 639 642 10926
f 1024 925 976
f 10926 467 466
f 1138 1059 1137
f 999 970 967
f 639 677 714
f 1135 1057 1096
f 470 313 10345
f 645 642 716
f 7070 1294 6945
f 648 553 647
f 638 608 677
f 5829 4803 13850
f 305 402 308
f 1061 1162 11467
f 10926 642 4022
f 723 648 721
f 10050 7922 7923
f 651 650 724
f 724 650 723
f 514 412 569
f 725 651 724
f 9356 5644 13226
f 5790 3389 5370
f 412 416 1063
f 8399 8398 8528
f 257 256 259
f 791 798 799
f 2747 8358 9210
f 6228 8395 3962
f 14151 1087 5991
f 5125 7590 7492
f 483 9846 5783
f 543 494 589
f 864 1527 1682
f 6333 10649 7592
f 11061 10852 11579
f 667 2778 246
f 10072 10866 9956
f 7732 7730 6043
f 13346 5015 5016
f 2075 5593 4650
f 9307 6554 9301
f 11179 9427 13969
f 13847 13801 13843
f 10042 9880 6734
f 2349 3836 1693
f 5819 9021 172
f 8567 10825 2368
f 2062 11492 5923
f 5798 2611 6457
f 13697 10953 9614
f 5705 5846 5573
f 3188 2333 5990
f 1188 2782 1823
f 13840 8870 4638
f 10020 11443 9576
f 3022 8046 1681
f 1359 2302 1232
f 10054 1826 6008
f 13493 5115 2762
f 1303 1302 3400
f 777 841 9303
f 4178 11208 11960
f 5827 5689 5688
f 3400 1302 1300
f 13390 11726 13391
f 999 1090 362
f 13915 4504 78
f 6563 1589 1820
f 584 14186 4697
f 856 998 947
f 11446 10073 11954
f 5820 433 2645
f 10850 10037 10038
f 2350 2361 1824
f 13610 12005 13609
f 583 538 1060
f 6082 2250 1134
f 6863 6670 7172
f 11774 12002 11506
f 2611 5798 3476
f 1192 1269 1193
f 8311 6273 8873
f 8196 4846 12408
f 262 9270 14158
f 167 105 34
f 11761 11674 11672
f 604 606 12826
f 6222 6253 6254
f 13194 13980 4792
f 2200 2201 1729
f 2246 13851 1841
f 10772 10815 9999
f 10819 2638 7371
f 1678 9686 4963
f 11386 11537 7833
f 1398 1437 1439
f 10271 10124 10268
f 13112 7332 1877
f 608 462 548
f 8582 7518 10335
f 636 605 674
f 709 674 705
f 2523 7947 2352
f 2523 2858 2362
f 9679 9678 9821
f 548 462 1378
f 3744 14142 4948
f 9470 854 5999
f 887 773 832
f 556 470 509
f 13222 6174 6175
f 1386 1310 1352
f 10732 570 516
f 329 1680 8704
f 2540 2542 9489
f 10378 10829 10377
f 11139 11196 1575
f 3249 641 11797
f 4656 4184 4629
f 6205 11254 8728
f 9676 2041 1591
f 9062 5352 13692
f 1756 8750 209
f 12197 12176 12200
f 2191 4559 4558
f 2456 2115 2373
f 7011 503 5739
f 10922 5669 1942
f 4758 2563 2616
f 2794 711 14097
f 12518 12514 2145
f 7565 5155 5928
f 12847 2065 843
f 1104 1984 10928
f 8516 6720 10893
f 6651 6850 4389
f 38 87 11
f 2867 2290 1917
f 7818 8003 7913
f 580 487 578
f 5852 8987 2300
f 11725 2749 3432
f 850 807 755
f 11780 1294 4471
f 1060 663 583
f 1033 1140 1000
f 10823 6541 13881
f 5141 8133 8377
f 373 2414 431
f 4697 437 538
f 741 628 740
f 1134 13523 11483
f 1134 2250 11380
f 691 666 689
f 1994 8754 12732
f 6522 6082 1134
f 11206 11751 11483
f 8189 3519 9848
f 11802 11899 7262
f 1069 1004 1037
f 8606 464 9998
f 10840 11638 9232
f 11392 3499 8196
f 14260 3432 879
f 820 697 765
f 586 1528 417
f 13523 11206 11483
f 6129 6093 6156
f 11650 219 3364
f 5398 6688 5331
f 2246 13263 13851
f 9216 9103 8734
f 2900 1132 4811
f 10579 10849 10612
f 13618 7057 13617
f 3193 941 679
f 2485 40 13972
f 3287 7846 9060
f 7197 1489 7194
f 10231 5131 5085
f 3547 3102 2034
f 2456 2373 2690
f 1824 12581 1821
f 5022 2596 5496
f 6171 9492 10296
f 9281 8952 10837
f 302 258 388
f 10740 7952 11044
f 7456 602 7615
f 636 608 548
f 704 671 7518
f 704 633 671
f 3023 11294 1671
f 709 705 771
f 5442 5418 5460
f 7093 7018 7089
f 1206 1252 1164
f 773 714 751
f 2302 1231 1232
f 1164 1135 1206
f 887 832 921
f 3784 1822 6748
f 1168 1666 1359
f 552 553 405
f 774 714 773
f 1433 11232 1844
f 716 642 639
f 638 463 608
f 1095 4565 878
f 1061 11467 13846
f 5783 291 483
f 723 721 783
f 3450 5620 1698
f 11467 10322 10439
f 724 723 786
f 795 794 12447
f 725 724 792
f 4334 453 11908
f 10732 516 514
f 11667 157 11884
f 11189 3266 3057
f 731 703 979
f 415 12438 12437
f 848 2535 2528
f 2112 2373 9487
f 733 731 981
f 981 731 979
f 12045 4087 12044
f 81 263 9304
f 2474 12577 13110
f 12577 734 13110
f 11529 11527 11677
f 11857 11677 11946
f 10026 215 12579
f 13400 2474 13110
f 2352 7947 1894
f 4838 4835 5343
f 1820 7826 6563
f 9021 200 172
f 193 258 261
f 10026 12581 1824
f 8192 14162 4780
f 7244 13198 8425
f 4829 4668 5137
f 11677 694 11946
f 333 290 373
f 2250 3235 11380
f 11769 12037 11861
f 13018 7234 11434
f 580 578 686
f 1926 11151 11152
f 2858 2523 2856
f 8912 1638 7642
f 855 758 807
f 859 810 858
f 1755 9489 2209
f 11230 11076 11131
f 947 858 856
f 1004 906 862
f 10985 12853 12466
f 4975 5123 5273
f 763 907 815
f 5123 4975 2026
f 1118 1195 1121
f 668 628 741
f 1313 1086 5051
f 4968 7340 6917
f 1075 1629 1008
f 12144 11828 6522
f 2987 8393 8343
f 10436 2246 6438
f 11043 375 377
f 746 766 821
f 6067 1590 1855
f 6987 1051 13617
f 3248 8765 4261
f 6214 8381 14122
f 13806 9140 9296
f 7231 6438 12935
f 11293 3270 11292
f 6518 2868 2086
f 10676 10561 10622
f 1251 1206 4415
f 972 887 921
f 6176 13846 10439
f 783 892 927
f 794 792 895
f 12725 978 4371
f 2651 3474 11281
f 13328 13079 13899
f 6993 7924 7046
f 13213 2116 14006
f 14181 11624 8555
f 11402 7123 5074
f 11940 11849 11848
f 4602 8923 6518
f 5202 6688 5184
f 13488 13963 4038
f 12032 12129 12242
f 11846 13486 2849
f 11918 13346 5016
f 4231 4768 857
f 12561 12937 12560
f 1601 1599 2128
f 1528 586 683
f 2599 1475 2591
f 508 949 946
f 3106 1933 897
f 131 8002 9385
f 11519 9576 11588
f 246 5232 812
f 4510 4414 4326
f 8610 9202 3984
f 9921 1996 1999
f 951 5363 7594
f 4211 7603 6539
f 9201 6440 3409
f 4511 1697 4508
f 4821 4662 4661
f 11006 11490 11005
f 290 212 287
f 6483 14210 9688
f 1417 10374 10373
f 8567 13979 7737
f 622 682 623
f 4845 6855 7611
f 5889 8876 8852
f 809 758 855
f 3590 968 522
f 821 748 746
f 11566 8555 8
f 1000 998 1033
f 5514 6844 7101
f 584 4697 627
f 13753 1814 1455
f 1032 998 945
f 738 688 759
f 1074 1075 1008
f 9886 6440 8063
f 6504 11141 6240
f 11169 10914 11104
f 2249 13055 12408
f 2257 5099 681
f 13663 12052 10894
f 740 666 691
f 1258 9005 1402
f 1629 1075 1078
f 2033 953 820
f 821 916 881
f 763 814 906
f 763 906 907
f 10389 10105 10162
f 8555 11623 12048
f 8441 8417 5729
f 668 584 628
f 8010 7837 8073
f 632 594 544
f 7601 7511 11435
f 602 11581 7523
f 7462 6805 9583
f 10448 7065 5010
f 4945 4947 11068
f 1731 2861 2818
f 12335 7601 11435
f 10525 10495 10455
f 10041 12143 10179
f 8887 12020 7134
f 7200 7371 7296
f 788 10495 10525
f 10751 10681 10676
f 13297 7760 8381
f 10751 10747 10790
f 3302 5546 3303
f 10676 10747 10751
f 2372 2535 11037
f 11055 11029 10256
f 773 751 832
f 1252 1206 1251
f 1584 1581 11089
f 1133 6543 4415
f 972 921 1021
f 774 773 889
f 889 773 887
f 716 639 714
f 721 647 718
f 638 677 639
f 1207 1252 1273
f 1138 10119 4607
f 1523 2221 12068
f 523 420 519
f 10888 10885 10823
f 795 12281 745
f 966 919 1018
f 291 6525 9500
f 11236 11230 11234
f 4038 14004 692
f 1918 12081 12079
f 3178 1620 1619
f 10174 9874 10221
f 10779 11152 11151
f 10029 6150 10028
f 11375 11374 11523
f 2901 3315 9903
f 11016 5309 2319
f 11014 11012 10173
f 11522 6543 10885
f 7611 8976 4845
f 1937 1739 2078
f 4754 4809 4807
f 9287 933 806
f 20 1287 831
f 7034 4589 12600
f 9992 4018 6197
f 9053 11186 2470
f 10980 10347 11053
f 2662 2533 2420
f 5491 6426 11730
f 1882 11952 2618
f 2373 2112 2370
f 13951 13376 2230
f 11722 1353 4046
f 2482 3310 7064
f 11730 3547 3549
f 10869 11965 13784
f 2414 5820 5680
f 10598 7222 823
f 1702 1780 139
f 7639 13868 4010
f 965 788 10661
f 5407 5123 5270
f 7476 3238 3234
f 641 6249 11153
f 5378 2853 4404
f 212 211 287
f 578 529 623
f 945 855 904
f 856 809 855
f 1032 1110 1033
f 9221 469 7295
f 7715 7716 7620
f 858 809 856
f 1307 1306 1349
f 663 738 689
f 8404 6340 12448
f 2399 2507 4721
f 12532 13880 9998
f 1584 11089 11139
f 907 871 815
f 1389 1197 1354
f 817 871 2033
f 1078 1121 1080
f 1489 1459 1519
f 1696 630 11624
f 2748 8935 3511
f 9437 6447 7820
f 8370 6494 9349
f 2356 2357 7339
f 955 1080 1009
f 10497 834 10564
f 1317 11078 1249
f 8974 9198 9103
f 9764 9736 9762
f 7191 7287 7365
f 2146 1436 1986
f 5336 8009 4762
f 3193 2284 1068
f 10365 2617 3734
f 8780 9139 3967
f 750 900 2440
f 3669 1753 1634
f 184 13092 9556
f 1108 1107 1303
f 4858 2280 352
f 5022 10847 5023
f 751 712 772
f 1133 4415 1096
f 1057 972 1021
f 3064 1207 1273
f 7613 7708 7808
f 892 721 781
f 13356 13354 13649
f 8186 12619 6013
f 12447 5855 3045
f 14153 3053 14152
f 152 150 1925
f 10733 10102 2670
f 2920 5353 3505
f 3144 10012 1190
f 2210 2507 2508
f 4790 4139 5447
f 4620 6586 6558
f 1106 2613 6901
f 13217 13433 13221
f 7824 2275 2600
f 2298 2649 2866
f 2000 2022 9921
f 13942 4599 1908
f 9788 9762 9774
f 2771 2177 2961
f 4203 3999 3807
f 481 61 2610
f 13932 7384 13056
f 13919 6052 7646
f 5371 1481 2784
f 5179 6281 6282
f 11053 11079 11192
f 11188 10399 10721
f 11164 11192 11353
f 578 623 686
f 904 850 944
f 855 807 904
f 947 998 1000
f 11461 11300 11532
f 738 759 810
f 14228 12048 13139
f 947 1035 948
f 948 858 947
f 11674 11523 11672
f 1480 1374 1445
f 1037 1004 862
f 7810 8389 8388
f 2508 144 12050
f 856 855 945
f 1110 1032 1030
f 13532 11151 1926
f 5696 2340 11932
f 2207 2206 2464
f 12048 11623 13139
f 1519 1486 1518
f 1900 1726 2032
f 583 666 627
f 1080 955 1043
f 11280 588 541
f 9134 12532 6198
f 877 766 820
f 12452 8807 11793
f 4745 7813 9857
f 1049 1012 1045
f 7200 7297 6827
f 11299 11296 11458
f 1284 12042 13306
f 7287 7125 7286
f 11385 11386 11250
f 2262 13680 2512
f 7367 10905 7244
f 10719 13080 2015
f 11094 1591 11307
f 11868 11977 11988
f 1752 2355 1821
f 1755 1914 11352
f 991 989 1633
f 4120 3780 4189
f 5253 6215 9681
f 2540 1619 2542
f 10451 10395 7998
f 1926 12983 13532
f 10333 10459 10335
f 966 884 919
f 925 890 976
f 772 771 886
f 886 771 885
f 3555 1425 10573
f 1057 1021 1096
f 889 887 973
f 973 887 972
f 721 718 781
f 927 926 13522
f 4406 868 1273
f 890 774 889
f 9356 471 10439
f 13010 978 12725
f 12725 794 895
f 9183 2967 10310
f 13342 11409 5469
f 2261 14015 3876
f 1559 411 476
f 425 3109 1054
f 2366 5914 2441
f 4532 2262 2543
f 2416 4598 72
f 6304 2295 2402
f 3162 3159 13136
f 2654 10871 11031
f 2392 5977 182
f 2269 2462 2135
f 11138 13220 13120
f 2676 2343 2430
f 1668 325 995
f 2435 1564 1744
f 6317 13919 3508
f 858 948 859
f 10402 866 10058
f 5473 10021 3282
f 11006 10960 14210
f 1030 904 944
f 1033 998 1032
f 9063 13581 693
f 1444 1401 10316
f 4834 6102 5053
f 9848 3546 8189
f 666 628 627
f 12905 9310 7961
f 1209 1211 1474
f 11629 10937 11364
f 1819 1140 1111
f 14096 1327 2030
f 937 697 11623
f 937 11623 11624
f 13122 9200 3955
f 741 740 815
f 9296 12194 1516
f 1148 1009 1080
f 1629 910 1008
f 4057 4534 10390
f 4049 3640 13878
f 13489 12965 13172
f 6361 1383 5506
f 2302 1666 1429
f 1594 1813 3416
f 13344 8697 13334
f 1391 1315 1389
f 907 906 1007
f 7401 113 9146
f 1044 1009 1148
f 3984 3788 8610
f 3608 6845 3787
f 1284 1281 6589
f 8611 8537 11616
f 13538 961 12592
f 1075 1117 1118
f 14275 6040 5505
f 2243 1319 14090
f 917 1009 1012
f 6585 4559 2191
f 4875 2192 1243
f 4586 3888 3889
f 11526 10909 11490
f 11618 421 12062
f 1316 4493 1277
f 1018 919 965
f 10724 632 10256
f 886 885 971
f 971 885 966
f 1164 1252 1207
f 890 889 976
f 10170 12974 14
f 5237 8875 4705
f 10377 2650 10378
f 1822 1823 6748
f 4371 12447 12725
f 6404 6668 6276
f 5744 471 13226
f 1166 3410 11568
f 11673 9356 10322
f 3703 13003 1464
f 12196 13308 13215
f 1619 11250 3178
f 1073 122 2321
f 14172 4858 536
f 13688 318 5376
f 2691 2682 1371
f 928 8750 4169
f 11036 11034 5764
f 2286 2273 2462
f 5212 12268 15
f 5494 5493 6091
f 5354 5353 2920
f 6898 3645 1235
f 12929 13101 12911
f 12438 12243 12437
f 8142 3158 2655
f 7669 11524 3510
f 63 6358 18
f 11155 11299 11156
f 2321 122 3063
f 9172 2301 9538
f 1336 1111 1110
f 3269 3060 3464
f 10988 866 10402
f 12996 13191 12997
f 5675 5292 6092
f 11006 11065 10875
f 2022 9924 9921
f 1032 945 1030
f 10404 10261 10334
f 1030 945 904
f 810 809 858
f 663 688 738
f 10821 1110 1030
f 1370 10318 1401
f 859 862 814
f 1041 906 1004
f 1450 1480 1483
f 10477 10475 10543
f 14181 1696 11624
f 953 2033 910
f 2491 1102 2188
f 3823 3772 3859
f 1315 1197 1389
f 1149 1044 1148
f 7747 2532 13525
f 763 740 691
f 4720 10857 4713
f 1486 1457 1518
f 9140 13806 13851
f 12935 11255 10612
f 13387 6987 2023
f 1404 5499 7137
f 1986 1436 1441
f 2602 7190 7284
f 1008 910 952
f 1152 1044 1637
f 7198 7296 7371
f 10832 4294 10141
f 10243 10244 10086
f 5392 4691 11406
f 9179 6067 456
f 10788 762 10884
f 14284 4298 1570
f 10685 2549 4558
f 2900 7176 1132
f 714 677 751
f 10823 10751 10790
f 3303 4130 12422
f 712 636 709
f 971 966 1055
f 973 972 1058
f 1058 972 1057
f 927 892 926
f 13408 9191 13947
f 9774 9746 9759
f 4760 4757 5644
f 10582 5495 6841
f 894 895 786
f 9731 14156 9745
f 927 894 783
f 9616 3118 6467
f 3442 11321 4387
f 1520 1521 4169
f 981 979 1598
f 703 701 930
f 7175 752 991
f 1599 981 1598
f 713 769 1125
f 13399 7556 5776
f 982 733 981
f 3634 8208 4462
f 991 248 238
f 5776 9194 14225
f 2534 3735 1013
f 10062 5776 14225
f 8191 8193 8099
f 2901 3604 2545
f 2321 121 1073
f 989 982 1601
f 2552 2104 1868
f 3156 8897 13357
f 10250 7796 3456
f 4255 1497 4096
f 12583 9770 12446
f 3309 1960 4505
f 2310 1497 4255
f 1508 2446 3025
f 11428 2396 12557
f 10960 9688 14210
f 4557 4518 10438
f 3200 1976 1441
f 7612 9349 1700
f 1958 660 327
f 5597 3664 10373
f 10513 12890 10552
f 1107 590 2780
f 7073 14276 6224
f 1513 1480 1511
f 9675 977 9657
f 1241 1242 1195
f 2199 10400 675
f 4896 13258 10390
f 1229 1140 1819
f 998 856 945
f 4697 4788 378
f 1265 1230 1305
f 7932 13371 13631
f 8751 8622 8621
f 3607 2136 3788
f 744 697 820
f 3784 2027 1969
f 3896 9704 9651
f 9833 1711 9791
f 11350 1130 3634
f 698 10125 12051
f 9080 9845 10067
f 953 954 877
f 9965 5364 521
f 4910 5038 4544
f 1044 1045 1012
f 12408 4846 749
f 10077 10016 10150
f 7287 7126 7125
f 7126 2602 7125
f 7287 7286 7362
f 8496 6899 9911
f 1075 1074 1117
f 9480 14060 9547
f 7204 459 10579
f 10965 7754 5758
f 8979 577 2023
f 7297 8077 6827
f 5499 7057 7190
f 2564 6502 10896
f 6468 6623 9232
f 2619 1920 2618
f 1745 1737 12920
f 3005 108 5307
f 7567 10618 1655
f 10885 10947 11522
f 1467 3460 8022
f 10681 1094 965
f 712 709 772
f 772 709 771
f 1210 1207 3064
f 1025 926 1024
f 11020 11015 1309
f 9330 9334 9331
f 925 781 890
f 5388 8355 7776
f 6094 5768 10918
f 892 781 925
f 5315 10672 10588
f 3269 3464 11235
f 12092 10619 12094
f 4852 3264 3285
f 1089 2090 1586
f 12036 3812 12624
f 2382 811 2126
f 2258 1046 2305
f 13488 51 8046
f 10023 10006 1621
f 12532 4496 13880
f 6446 851 816
f 3535 3575 3576
f 2831 4321 7562
f 8920 329 8780
f 587 656 12450
f 2128 811 2484
f 4496 4350 9008
f 10766 10456 10851
f 1775 1771 8005
f 1905 2606 11495
f 3664 1169 1417
f 9125 11311 11010
f 13590 2203 4754
f 4059 9631 4155
f 6997 8898 5819
f 10171 3809 6517
f 3065 9304 12830
f 50 5601 1583
f 5601 50 53
f 944 12525 1030
f 5129 5084 1568
f 10856 1227 11579
f 663 689 583
f 1453 1405 1483
f 944 943 12525
f 1551 1513 1511
f 850 754 902
f 1345 1265 1380
f 1117 1074 1116
f 9660 9629 9658
f 6008 5882 6332
f 10050 7923 9054
f 905 5527 7600
f 1637 1149 1197
f 1080 1043 1078
f 1197 1149 1275
f 9424 9475 9562
f 12422 8781 10229
f 9627 9618 9657
f 8017 7063 4869
f 6044 3101 3153
f 4865 10987 4810
f 8290 3553 5379
f 9679 9577 9678
f 13352 13425 13424
f 914 13144 6507
f 1312 1313 5051
f 5419 215 10026
f 4785 3716 179
f 3903 5755 9056
f 11449 11520 9339
f 2345 12433 10354
f 2451 9176 9299
f 832 751 772
f 1058 1057 1135
f 1138 1023 1059
f 1025 13846 13522
f 792 724 786
f 895 792 786
f 1655 13326 7567
f 3499 459 7204
f 83 7139 6469
f 9729 9863 9728
f 4371 5855 12447
f 7913 7915 13551
f 4808 4804 4797
f 1996 13517 1994
f 4904 3638 4750
f 1775 13166 13147
f 2571 2143 8817
f 11957 11956 7532
f 9611 9698 9769
f 6304 2865 2649
f 1497 992 4096
f 3590 355 968
f 910 2033 871
f 5712 5086 4
f 5879 1027 5881
f 10779 11151 10221
f 6722 11429 13041
f 8536 4941 9470
f 12461 2187 924
f 3024 10797 11244
f 2580 2398 4532
f 2519 3025 4898
f 2083 257 251
f 5644 9356 8248
f 508 946 2778
f 1429 1430 2636
f 10001 6312 2640
f 3705 10070 5366
f 8609 9113 9474
f 406 14099 10599
f 8709 8654 8832
f 3599 2027 3784
f 5537 9922 10059
f 994 1278 3167
f 2307 371 13959
f 3862 3825 5842
f 9971 7770 8504
f 13108 11653 13598
f 6792 10896 7146
f 2703 11957 7532
f 1226 1719 1263
f 4386 4911 8028
f 6518 8924 4602
f 9642 6462 7338
f 5826 5686 5825
f 10199 13044 11205
f 11117 131 8884
f 1373 1304 1338
f 5236 5216 12982
f 1480 1445 1511
f 1267 1189 1306
f 1143 1041 1069
f 13094 9335 9334
f 3255 3286 3288
f 8402 8227 8225
f 4887 13808 13290
f 944 850 902
f 3996 3806 3619
f 8192 2075 4650
f 943 9688 10960
f 12048 8 8555
f 1116 1074 1114
f 11623 8555 11624
f 12720 10728 10532
f 10797 11172 11188
f 1148 1080 1121
f 1007 906 1041
f 9320 9273 9366
f 1114 1007 1041
f 7064 3310 5830
f 5698 7283 6591
f 561 476 560
f 14160 4443 13053
f 400 635 8934
f 821 881 748
f 917 959 1009
f 1152 1202 13982
f 8006 4850 9246
f 7937 6506 13821
f 10576 13774 13992
f 5698 1393 1422
f 7606 7513 7442
f 577 1268 12350
f 5152 5300 6692
f 2171 2332 5845
f 6533 3116 801
f 7057 7356 7190
f 5791 10858 13969
f 7201 8403 8243
f 9629 9620 9658
f 499 387 496
f 832 772 886
f 10255 10395 10451
f 6096 10389 10443
f 5826 5688 5686
f 7298 1309 11015
f 1023 976 1059
f 13010 894 13522
f 10794 6888 6937
f 3768 3766 9204
f 1024 13826 1025
f 13687 11305 389
f 2638 11360 8966
f 6735 6636 6634
f 5580 4853 4009
f 2042 803 2412
f 2838 2129 4614
f 4519 5990 2632
f 2218 3062 2254
f 2152 9991 12262
f 11188 11187 10717
f 10966 10967 10940
f 1703 9428 843
f 1603 1533 1571
f 11588 11443 8969
f 4359 4191 4524
f 3266 3464 2855
f 2396 2524 5767
f 2272 6875 5860
f 3447 1446 3415
f 1394 1062 10594
f 529 5679 5270
f 2206 1962 2119
f 2307 12882 10796
f 10947 8123 11020
f 2254 3062 12518
f 4754 2203 4747
f 7314 3892 12393
f 1977 1883 2274
f 10171 2551 3809
f 7575 7490 7684
f 14133 1685 12014
f 12548 9580 6728
f 11352 1914 11233
f 11067 11069 6760
f 1766 1831 11936
f 10162 12517 10389
f 1695 13136 3159
f 2429 381 445
f 10396 9593 4166
f 1588 1453 1483
f 1140 1067 1000
f 1030 12525 10821
f 1697 9688 902
f 10430 13766 10316
f 739 859 814
f 8018 8014 10235
f 10441 10080 7697
f 1305 1380 1265
f 8 11416 11566
f 11416 11444 11566
f 13139 11623 744
f 1355 1315 1391
f 14228 746 748
f 1117 1194 1118
f 1389 1462 1391
f 7283 5698 7121
f 8008 7005 4216
f 1148 1196 1149
f 11178 3552 4933
f 5255 8290 4810
f 14008 13387 1050
f 1203 1281 13306
f 917 960 827
f 1045 1044 1152
f 13709 6287 6575
f 11431 13699 13698
f 8304 737 8139
f 7606 7512 7601
f 5499 7190 2602
f 6112 6111 6127
f 14201 6114 14198
f 13212 1084 8113
f 9206 1112 9207
f 3536 10278 10149
f 10788 10888 10790
f 1162 1061 4607
f 976 889 973
f 13010 895 894
f 1109 1233 1083
f 2780 1228 1303
f 6243 6245 7235
f 894 927 13522
f 949 508 852
f 12956 13342 12981
f 7024 7097 6961
f 8921 7934 9913
f 3787 3408 3790
f 13053 857 11047
f 3343 9443 3341
f 7651 6270 6322
f 1108 592 1107
f 11355 555 11351
f 1718 1399 10901
f 7921 7123 1422
f 1766 110 1831
f 1441 1443 1986
f 1133 1094 13881
f 3266 11231 3464
f 12898 6754 6632
f 1120 956 1042
f 9198 3789 8734
f 1426 1420 2622
f 3793 9186 8997
f 831 1296 11186
f 11454 11600 694
f 11445 11518 10020
f 1212 10353 1289
f 4993 5290 5142
f 249 183 11667
f 3210 11685 3417
f 8967 12331 12123
f 3216 2994 3425
f 1872 14133 1875
f 1472 1432 1502
f 2011 11090 6678
f 8533 6394 6409
f 3440 10147 14077
f 8163 8072 7977
f 2310 2088 2502
f 8308 7669 3509
f 10912 7500 10817
f 2563 2303 2616
f 1872 1869 3113
f 11187 10721 10780
f 13755 13032 10682
f 6357 1119 6429
f 3439 3436 3807
f 7336 7255 7418
f 6175 6174 5917
f 13552 13137 13592
f 7532 9893 2170
f 2565 11957 2364
f 4764 2894 6003
f 8234 12359 7566
f 1003 1332 13481
f 2264 9340 2001
f 7050 8324 4751
f 1352 1239 1351
f 1140 1033 1111
f 13290 1370 4887
f 10092 10215 13808
f 2867 9070 2290
f 1325 1440 6239
f 10551 10486 10410
f 1234 1142 1186
f 1189 1142 1234
f 10875 12525 10960
f 1194 1117 1193
f 12276 11557 13889
f 3075 6813 5305
f 1194 1193 1272
f 11980 11492 1691
f 1193 1116 1192
f 746 744 766
f 5521 10568 14259
f 255 187 254
f 11520 3579 9339
f 11950 11271 12054
f 913 877 954
f 1195 1242 1196
f 1197 1275 1354
f 13302 13869 5793
f 1118 1078 1075
f 5175 8688 4401
f 3644 2876 4065
f 1148 1121 1196
f 2602 7063 7137
f 1127 13538 13982
f 5889 317 1465
f 1073 121 97
f 1419 1421 1392
f 577 12592 961
f 2101 2434 2366
f 12042 1284 4811
f 4405 4587 3866
f 7076 6999 7214
f 3928 2864 5156
f 5107 4030 6658
f 960 12350 827
f 7512 7362 7511
f 2385 811 2382
f 9435 9860 9644
f 7011 13056 7384
f 13417 10304 13184
f 4164 957 7279
f 7825 7539 7199
f 10778 1158 5275
f 12199 10259 7407
f 1370 1401 1338
f 8816 8818 8702
f 751 677 712
f 4499 4013 5264
f 7627 7293 868
f 11020 4406 11522
f 781 718 776
f 10621 10672 10622
f 8883 678 8384
f 11651 8608 5558
f 2014 2155 4501
f 5350 3656 6829
f 1741 13357 1684
f 5568 5839 5840
f 5096 5325 5097
f 1164 1207 10119
f 2367 2032 2362
f 5106 10970 7269
f 12082 9585 9753
f 11374 11292 11235
f 7947 2523 2362
f 11287 11189 11369
f 4839 12328 4537
f 11262 12108 11881
f 4535 4537 4205
f 11518 1171 1768
f 4205 3999 4535
f 11443 11518 1768
f 7874 7779 7964
f 3807 3436 3806
f 5418 5386 5383
f 2248 2068 1936
f 372 8458 2234
f 1700 236 237
f 2084 2083 3776
f 6929 567 9453
f 7955 1998 1682
f 13294 13891 13899
f 2774 8137 386
f 8212 1054 3109
f 13054 13401 1934
f 2405 2407 1975
f 4142 829 828
f 13358 13546 13549
f 12192 12193 9635
f 10557 5593 2075
f 6563 7826 7828
f 10580 3835 2538
f 3836 1830 1693
f 9841 6094 10918
f 4634 1539 1221
f 2657 1403 2651
f 10229 10230 12422
f 1196 1121 1195
f 9688 943 902
f 1527 8139 1682
f 1142 1069 1113
f 7067 14160 7115
f 11134 13790 11942
f 2091 2802 793
f 2284 679 1198
f 1142 1113 1186
f 11084 2895 11570
f 1349 1306 1345
f 1035 1000 1067
f 13105 14195 6199
f 10875 10960 11006
f 1666 1426 1429
f 5618 8028 10633
f 6848 3793 9176
f 3787 3789 3608
f 1459 1412 1486
f 11064 11065 11059
f 1272 1193 1239
f 1819 1227 1229
f 9178 8409 11910
f 1560 7194 1489
f 6411 1115 6901
f 1121 1078 1118
f 1193 1117 1116
f 1762 1938 2605
f 1275 1149 1196
f 2196 2231 1640
f 1127 13989 1050
f 1008 952 1074
f 459 10849 10579
f 1330 3030 3244
f 1202 4493 1494
f 11045 8028 8029
f 8747 9379 4516
f 3244 3440 14077
f 3020 8006 4893
f 3462 5314 8222
f 7606 5970 5529
f 6780 6876 6988
f 10831 11177 11175
f 5633 4559 5054
f 10544 10542 10597
f 1520 4169 1158
f 2279 10241 2498
f 456 6600 9179
f 3716 2428 10671
f 10747 762 10788
f 12570 1176 7444
f 1162 8171 11467
f 10615 9660 4284
f 11900 8123 10947
f 1021 921 971
f 1769 1654 1767
f 10560 7048 10577
f 10557 6818 5593
f 8633 1967 2211
f 1924 12151 8754
f 3579 10046 13806
f 2533 2662 2627
f 7171 7346 7173
f 9963 1499 11457
f 3666 5715 5092
f 11588 8969 11666
f 485 1474 14075
f 10978 2227 1641
f 10353 10120 1358
f 4535 4202 4679
f 12440 12342 12620
f 4836 9022 4363
f 4203 3806 4202
f 1225 1172 1255
f 1225 1255 1329
f 8144 8565 6496
f 2856 2678 2855
f 3619 3803 3996
f 12231 8640 11335
f 7061 2617 10365
f 2277 14081 127
f 2464 2381 2668
f 14201 6202 14244
f 9451 2770 2768
f 2359 1879 1831
f 4113 4029 4111
f 3106 897 3105
f 3062 1761 12518
f 13923 10765 13904
f 3982 14095 3864
f 5167 7985 4586
f 5415 3625 6651
f 316 1403 2019
f 4688 5477 10535
f 2120 4084 365
f 11990 4412 11077
f 5019 9866 4822
f 1111 1033 1110
f 1192 1114 1143
f 5449 10547 4254
f 3295 4237 3491
f 8921 9913 8922
f 11713 11712 6483
f 10734 10923 10155
f 1494 13989 1127
f 1234 1186 1265
f 1143 1142 1189
f 1041 1004 1069
f 8388 8389 7215
f 454 6290 9778
f 9230 1278 994
f 1269 1192 1267
f 1819 1336 11579
f 2162 11329 13336
f 6734 6838 6634
f 1416 1414 7197
f 1855 1519 1518
f 1078 1043 1629
f 1192 1116 1114
f 1519 1459 1486
f 4027 3990 4077
f 8979 4434 8981
f 5028 1185 5029
f 7283 1989 6591
f 13982 13538 1049
f 1050 13989 14008
f 4714 1734 2740
f 8007 7918 2252
f 7151 2598 14090
f 3020 2825 2223
f 4935 4439 4933
f 226 8131 1777
f 1205 7915 8099
f 14008 1131 1051
f 10344 3281 1487
f 2388 4976 8026
f 7052 7256 14050
f 3292 3935 4036
f 8097 8140 8141
f 3590 522 382
f 13709 9133 6287
f 9199 1221 8874
f 12011 12018 12061
f 7690 7691 7596
f 9354 8370 7612
f 2240 9429 2241
f 3591 1997 812
f 950 1998 1997
f 13348 13351 13233
f 3764 1247 1238
f 5583 8138 13233
f 874 873 4148
f 13223 123 1413
f 868 4406 1309
f 999 967 4316
f 1299 14178 1286
f 3099 762 10672
f 1478 1476 257
f 14060 9480 14058
f 1164 1137 1135
f 1024 976 1023
f 8248 9500 6525
f 11510 9752 9743
f 9173 3599 6750
f 1199 1308 1068
f 148 12050 144
f 1919 3408 3787
f 2616 2303 2288
f 2142 2697 12538
f 8634 9647 10656
f 8525 10233 1990
f 8979 8981 9346
f 7978 4005 10044
f 10914 10995 10644
f 12440 12816 12526
f 4679 4202 9022
f 4575 11987 11804
f 10148 11655 11146
f 1020 10020 1625
f 1604 1645 1605
f 10239 8363 1244
f 11104 11113 11105
f 3977 3417 11671
f 8300 12648 8410
f 754 4508 1697
f 2534 13660 2533
f 12060 11935 11424
f 1285 4982 13934
f 9776 9748 9764
f 12732 12151 1990
f 6285 9637 2594
f 2827 11172 3024
f 2215 5362 2217
f 7532 2492 2703
f 8948 7787 421
f 5288 5699 5568
f 3436 3029 3028
f 7878 14265 880
f 9817 11581 9065
f 6288 6002 6286
f 1843 1937 2377
f 1662 2312 2579
f 11201 12142 3451
f 13462 13703 1522
f 1812 14077 1178
f 3104 3358 3475
f 8814 8975 9030
f 10753 10923 11513
f 6978 7178 6867
f 4359 4524 4671
f 681 819 1198
f 738 739 689
f 9349 6494 657
f 947 1000 1035
f 12891 9587 10384
f 1186 1113 1067
f 8707 5049 8120
f 1195 1194 1241
f 1350 1269 1307
f 1306 1234 1345
f 7197 1414 1489
f 1310 1272 1352
f 11050 10997 11411
f 2350 2351 2361
f 9507 6423 10202
f 5758 7992 8864
f 7379 7380 14050
f 1462 1416 7197
f 3067 10486 10551
f 1311 1310 1386
f 1489 1414 1459
f 9897 9747 9895
f 11465 5499 1404
f 1355 1391 1419
f 5186 4893 4751
f 6987 11465 1404
f 1123 100 31
f 8424 10519 6380
f 3083 11755 1178
f 4693 3552 11178
f 8253 29 1123
f 7137 8017 8980
f 4390 4988 4740
f 2470 11186 14200
f 2076 1287 2042
f 2693 11887 8960
f 11632 8811 42
f 2470 7364 9053
f 2692 4069 4071
f 10819 6827 8303
f 537 580 663
f 5289 6147 4082
f 11461 11301 11300
f 9256 2951 2572
f 2225 9265 1748
f 1614 5045 8353
f 11272 11274 11246
f 2858 2859 2525
f 5580 5338 6136
f 2855 2678 2851
f 1290 1213 1289
f 11213 10828 10752
f 5704 199 5705
f 1630 1431 1395
f 3806 3996 4202
f 10126 10363 779
f 3977 3797 3421
f 10278 3536 10356
f 10252 3432 2749
f 9384 8032 6782
f 13642 3558 11040
f 4905 1860 4970
f 7824 1982 2275
f 12502 839 12116
f 3424 2048 11590
f 2182 2180 2343
f 10901 1399 11069
f 2039 1816 2551
f 3626 2188 5874
f 107 109 12745
f 4621 1589 7366
f 10882 5874 10199
f 11182 520 11092
f 2188 3626 4733
f 7564 11221 5209
f 11837 10600 11342
f 1893 1856 1889
f 6647 5867 7948
f 1590 1956 1593
f 940 4734 2466
f 6344 12750 12840
f 4489 382 522
f 1390 2570 4316
f 1390 4316 1411
f 10737 10734 10089
f 250 4147 245
f 10428 10425 10513
f 10295 10318 13290
f 1825 970 355
f 2570 999 4316
f 12324 12423 12093
f 941 3193 3399
f 1588 1483 1513
f 3389 969 1092
f 2734 11603 11594
f 1037 1035 1113
f 8775 9035 9036
f 515 4289 8445
f 1275 1196 1242
f 1069 1037 1113
f 1143 1189 1267
f 1267 1307 1269
f 374 7862 7612
f 1090 2603 2774
f 259 260 6473
f 1192 1143 1267
f 7672 8053 7861
f 4575 13507 10670
f 417 3778 3962
f 913 821 877
f 1596 1228 2636
f 12383 7611 5076
f 4335 824 3399
f 1387 1386 1414
f 13964 1462 7197
f 7764 4832 7767
f 2023 577 961
f 1317 4493 1316
f 11402 3410 117
f 7279 11222 7187
f 4935 11844 4439
f 1155 14008 13989
f 11066 11850 7273
f 426 2305 911
f 4455 4305 13142
f 4978 4816 4975
f 7143 12150 3645
f 4829 4671 4524
f 4401 6639 3298
f 11244 11086 12027
f 10413 1 3
f 1846 1843 1627
f 11719 11712 11713
f 12256 11714 6360
f 3975 4183 4520
f 11244 12027 3227
f 11161 2504 9
f 10685 5633 5634
f 9022 4200 4363
f 11943 12007 12114
f 2508 2507 144
f 9022 4202 4200
f 4192 4523 4191
f 4256 1701 12364
f 10521 11428 11818
f 6996 13308 8900
f 13679 5928 5155
f 11183 10952 10950
f 1801 1803 1783
f 1603 1641 1672
f 1361 1329 1396
f 4361 6327 4529
f 3376 6701 10709
f 4996 4363 4529
f 12337 4402 12129
f 1572 1648 5045
f 5426 5702 5290
f 1139 1212 1213
f 1290 1289 1326
f 5704 5705 5430
f 1020 1216 11445
f 11685 11716 11671
f 1437 1503 1473
f 5641 5721 5639
f 618 2456 2691
f 2094 4236 1915
f 12524 2531 3114
f 839 1776 1579
f 10865 4666 13697
f 2541 2376 11512
f 10901 1079 1718
f 1879 11936 1831
f 12989 10117 12603
f 2149 1066 2082
f 8933 4631 1888
f 1086 2720 4123
f 4401 3298 3081
f 663 580 688
f 4247 4689 3666
f 10215 10295 13290
f 11972 4582 423
f 8113 10900 10843
f 1381 1345 1405
f 4234 5338 5580
f 10269 10411 10412
f 1143 1069 1142
f 6599 4004 3433
f 6155 1600 1956
f 1074 1007 1114
f 1350 1307 1349
f 8787 9462 8786
f 7194 13964 7197
f 2875 3082 3491
f 1387 1311 1386
f 1389 1354 1416
f 7123 11402 7121
f 1277 1152 1637
f 11222 11568 7189
f 5377 951 7594
f 1049 13538 12592
f 1088 1132 12412
f 4272 10492 13458
f 13982 1049 1045
f 2623 9179 6600
f 4614 2129 7246
f 2675 2673 1320
f 12642 7258 7263
f 1245 994 338
f 2218 4758 11026
f 4241 5013 5193
f 1868 4341 8305
f 1179 1808 1767
f 6184 3741 6703
f 8222 5314 6335
f 11471 11669 9441
f 9249 4243 9036
f 7487 7682 7382
f 6847 2032 1726
f 6638 5693 5833
f 5382 1524 5383
f 10910 10978 10977
f 1292 1222 1253
f 1783 1751 8353
f 9022 4836 4678
f 12067 12031 11346
f 5004 5150 5152
f 2024 2070 2148
f 1469 1428 1427
f 10200 10077 10150
f 9881 11560 13207
f 6225 8959 796
f 5099 2257 5233
f 267 2158 264
f 3591 5232 3778
f 6473 6648 1383
f 1935 2298 2416
f 4152 1531 4147
f 840 518 1804
f 1935 2416 4296
f 65 6016 6358
f 1965 2286 2475
f 3285 13598 11653
f 3654 10144 14182
f 13365 13190 13277
f 2086 6517 11885
f 4842 65 2278
f 5279 5414 5557
f 13196 4616 8684
f 2059 2447 1566
f 11012 11494 10173
f 1875 1876 1577
f 4481 9817 9065
f 1170 13691 12980
f 2818 2861 10233
f 3669 2499 3674
f 12497 3910 3103
f 5311 6261 10437
f 1310 1242 1241
f 2365 11535 5650
f 2167 690 11442
f 11061 1336 10821
f 1445 1374 1444
f 6069 13808 4887
f 1037 948 1035
f 10253 12801 9184
f 10215 13290 13808
f 1453 1381 1405
f 1454 1381 1453
f 1306 1189 1234
f 8999 324 5678
f 6271 5984 6109
f 1239 1193 1269
f 1136 13581 5033
f 1349 1345 1381
f 3227 12027 9149
f 1350 1349 1382
f 1354 1311 1387
f 1462 1389 1416
f 4661 4346 4512
f 11743 12072 11960
f 7507 7355 117
f 7270 7272 7155
f 11916 104 13317
f 4668 4829 4524
f 1127 13982 1202
f 1342 2120 365
f 4672 4359 4671
f 7267 8965 10590
f 9792 9649 9728
f 1001 8691 10485
f 11577 11899 11621
f 3797 3796 3611
f 8817 1975 1917
f 6011 5914 11433
f 10952 2175 10950
f 11180 10831 11175
f 4996 6327 5143
f 4991 5137 5287
f 1062 1996 13978
f 5287 5285 5564
f 2580 1466 2398
f 9637 6285 4830
f 2184 2099 2182
f 13767 5712 4
f 3030 1330 10370
f 3785 6820 5428
f 11638 10840 10625
f 1259 6125 6284
f 13894 2413 6708
f 11106 2486 2170
f 2526 1790 1909
f 2155 1579 4501
f 14076 1474 1211
f 7187 7959 7118
f 99 11389 12624
f 11753 8501 3151
f 6365 8167 2950
f 2438 8666 2437
f 1567 1563 11274
f 11087 11091 2685
f 7245 7252 6785
f 13218 8891 8914
f 5359 12680 6942
f 1716 5045 1715
f 1971 2070 2024
f 1603 1645 1604
f 2110 2073 2148
f 3999 4203 4535
f 7238 7809 9456
f 11124 8356 2212
f 10978 11052 11044
f 3371 1638 5671
f 10353 1212 10354
f 6048 2348 6822
f 695 937 668
f 6484 8650 5814
f 4688 4689 4247
f 1868 11495 4341
f 102 7676 5
f 2711 3604 9903
f 8056 7871 8055
f 2405 1975 8817
f 4654 5243 5406
f 775 7645 25
f 3864 14095 1718
f 13964 2825 1461
f 3642 3679 4391
f 336 408 1613
f 2035 3061 7752
f 4948 10022 3936
f 7307 10581 1705
f 2355 1809 6263
f 6460 8291 4265
f 6048 13568 2906
f 10516 10429 10514
f 3036 12320 4507
f 1227 1819 11579
f 1480 1450 1374
f 7848 3860 3673
f 10428 10513 10514
f 597 596 324
f 6976 7112 7045
f 11061 10875 11064
f 1380 1305 1341
f 1350 1239 1269
f 14023 1276 2289
f 1382 1349 1381
f 13737 3363 2752
f 5503 5546 3302
f 10395 3306 7185
f 12128 11154 12038
f 8906 9915 7521
f 1486 1412 1457
f 1416 1387 1414
f 1416 1354 1387
f 1952 440 438
f 1239 1352 1272
f 1195 1118 1194
f 13259 9664 13616
f 3764 8395 6228
f 11194 11398 11539
f 73 142 102
f 10442 6015 10444
f 5074 4751 11402
f 9621 9629 10942
f 2529 5230 13588
f 9092 127 2375
f 6293 10034 10044
f 1364 1965 3
f 13925 11379 11378
f 2896 8337 2824
f 4589 3322 2472
f 1 5712 68
f 1423 2376 2541
f 10583 3835 10580
f 11191 13343 2485
f 692 13493 2762
f 1846 2586 1937
f 12753 12968 12969
f 1428 1630 1326
f 2522 2345 2678
f 3057 2851 2728
f 10427 5138 11406
f 1428 1469 1630
f 1503 1435 1472
f 1268 9346 2138
f 1751 1783 1803
f 1431 1535 1607
f 5283 5135 4985
f 1502 1431 1607
f 65 2279 6016
f 11281 4337 5076
f 1245 9092 994
f 2659 2290 9070
f 755 2822 754
f 5981 6006 5958
f 2275 10729 2028
f 5983 5915 5982
f 4523 4192 4355
f 5557 5417 5279
f 2541 2449 2296
f 5283 6638 5562
f 11589 11462 11783
f 6046 6087 6047
f 4593 4669 4282
f 127 1545 2277
f 3615 9149 3799
f 10399 10866 10014
f 4181 4170 4168
f 12776 12006 9540
f 5904 5959 5888
f 4191 3797 4192
f 6806 1348 4114
f 3796 3797 4191
f 8005 1864 1775
f 12929 12873 13454
f 12377 5230 2529
f 1102 11261 1634
f 367 11805 365
f 3421 3797 3611
f 4169 8750 5275
f 10238 10008 9856
f 1812 3244 14077
f 13475 12063 2093
f 4826 4984 4985
f 6625 171 2518
f 10734 10980 11513
f 9290 9291 8757
f 2167 2166 690
f 10295 10429 10430
f 1812 1225 1293
f 1229 1227 1304
f 1229 1230 1140
f 10384 1910 9180
f 12930 12077 12469
f 13475 1910 10384
f 11061 11064 10852
f 7632 6446 4157
f 1551 1552 1513
f 1513 1483 1480
f 2176 1595 1454
f 6710 7804 9391
f 1454 1595 1407
f 7268 11442 7549
f 1412 1351 1410
f 1381 1454 1382
f 6106 1424 6107
f 1351 1239 1350
f 13992 3073 10776
f 1407 1410 1382
f 4688 4247 4871
f 12173 12198 12257
f 6024 6046 1347
f 13909 1419 13965
f 6236 6393 10826
f 1127 1202 1494
f 13 1558 5212
f 10305 10304 13417
f 7507 3308 3395
f 12218 13054 13932
f 1426 1167 1420
f 11402 8324 3410
f 13451 11620 55
f 1699 2521 1622
f 2036 11106 9893
f 12456 4552 14258
f 1183 2347 6318
f 6351 5181 4380
f 14086 9073 364
f 7508 7399 7505
f 4028 7741 3573
f 13004 2614 1745
f 2545 2379 2544
f 6253 11198 11199
f 4175 4119 7740
f 7193 8605 5182
f 5045 1648 1715
f 13218 2251 1901
f 1432 1395 1431
f 5330 3482 4056
f 13187 12415 8447
f 10978 10910 11052
f 5636 9108 9476
f 1707 1603 1672
f 3999 4205 10147
f 14077 10147 3083
f 3991 3615 3799
f 3504 5459 9392
f 1472 1396 1432
f 1672 2225 1748
f 2164 13864 2110
f 5853 1529 699
f 1439 9956 10775
f 6563 7828 1691
f 11191 46 13343
f 10882 10199 11205
f 2150 2565 2364
f 4948 14142 10022
f 2086 2082 6518
f 1742 4702 6172
f 2361 2351 2034
f 2762 7645 775
f 1671 11294 11885
f 85 280 1921
f 10137 7108 12948
f 297 873 874
f 4938 5233 2156
f 2804 376 3760
f 3621 3743 3699
f 1851 974 13615
f 8608 2968 5558
f 2131 1601 2128
f 11291 12305 3162
f 6000 7167 176
f 12085 520 13142
f 1719 1786 11354
f 10295 10293 10428
f 1450 1341 1374
f 7450 12356 3326
f 6203 7838 7846
f 1067 1140 1230
f 1370 10856 4887
f 240 12931 12371
f 2093 1910 13475
f 13491 13490 914
f 12687 2950 2896
f 12063 3732 899
f 8865 9855 9926
f 10553 12675 14183
f 5168 10076 12344
f 1152 1277 1202
f 6457 5030 5356
f 8133 8131 10476
f 3008 3934 6523
f 6468 9232 9523
f 6623 10834 10840
f 96 13081 13126
f 2594 9637 11362
f 6 2285 1320
f 4010 13868 11985
f 13932 10778 7384
f 8812 8753 1026
f 8141 8140 8220
f 1824 1821 2350
f 4351 10590 11073
f 2637 2950 4875
f 3310 2668 10679
f 10690 12066 11337
f 10083 10008 10238
f 11149 8162 7388
f 18 13915 63
f 4104 10297 4182
f 7151 1319 12799
f 4181 4168 4517
f 11550 11980 11977
f 5872 6499 13267
f 6169 10824 12278
f 4524 4523 4668
f 5132 5279 5417
f 1360 1328 1395
f 7400 7508 13658
f 11473 1894 11471
f 395 1282 393
f 1604 1533 1603
f 1500 1630 1469
f 1971 1973 11692
f 1751 1803 1805
f 1172 1768 1171
f 1293 1225 1329
f 1503 1472 1548
f 13380 13134 12911
f 1716 1715 1800
f 5414 4981 5276
f 2227 10978 11044
f 9260 4198 9360
f 1395 1326 1630
f 4183 11716 4181
f 4529 6327 4996
f 9113 9485 9484
f 6854 6759 6660
f 4998 5145 5430
f 1572 1614 1548
f 9856 10081 10156
f 1973 1971 2024
f 12972 12966 13171
f 6084 9452 9535
f 11949 9214 3811
f 1595 2176 8251
f 2394 8570 8450
f 2649 2298 2512
f 4038 13563 11620
f 1316 1277 1315
f 4958 4957 1542
f 5067 3623 9394
f 5601 8976 12383
f 5859 3863 3272
f 12017 8952 8941
f 2222 5923 11492
f 11261 2492 2499
f 3670 3669 3674
f 6317 3051 6318
f 6400 210 701
f 2663 3734 14244
f 4081 6641 7212
f 4699 8197 10547
f 4426 5218 4251
f 10760 7237 5117
f 13375 13335 13638
f 4741 5563 4778
f 10649 4403 8424
f 4689 4056 4048
f 3007 2363 2364
f 1230 1186 1067
f 619 12511 7268
f 9180 1910 10516
f 11698 11696 4465
f 12922 9109 13231
f 2167 11442 7268
f 4870 4424 10470
f 11065 11064 10875
f 3139 12063 5870
f 5896 5898 4588
f 8820 14247 4536
f 4726 465 1200
f 4851 13648 6931
f 785 2802 2091
f 308 312 195
f 3732 12063 13475
f 10543 10474 5484
f 8251 2176 3577
f 367 365 4084
f 6600 8251 13648
f 1410 1457 1412
f 1351 1350 1410
f 4877 5692 5260
f 1489 1519 1560
f 1454 1588 2176
f 12572 3164 37
f 261 258 302
f 8120 7372 4956
f 6136 4710 4853
f 14225 2833 9061
f 12219 12010 1885
f 1588 1513 1552
f 13070 12909 13287
f 10296 10137 12948
f 1646 13364 13555
f 2425 2090 6635
f 7749 1495 1496
f 1429 2636 2302
f 270 276 277
f 10071 1243 103
f 6507 1817 13534
f 481 2413 24
f 2681 6011 6420
f 14142 441 5332
f 10583 6718 3835
f 13688 531 535
f 1805 1901 2251
f 8435 10743 6753
f 10818 8396 9970
f 1771 2585 8005
f 9224 9832 10369
f 10994 14182 10996
f 251 1531 239
f 236 234 235
f 293 1238 1247
f 1420 1167 13382
f 7281 2408 8815
f 8924 2082 2017
f 6552 9301 6554
f 1358 10120 1427
f 11196 10957 10835
f 2337 13504 5056
f 9068 2261 4874
f 10277 4947 10182
f 1360 1292 1328
f 1533 1500 1469
f 1329 1255 1292
f 6116 5836 5835
f 5984 5985 5691
f 11473 9411 12433
f 5132 4984 4983
f 8356 1650 1679
f 3612 3799 9149
f 14282 4506 4298
f 13308 12196 10659
f 5268 7765 1191
f 4354 4665 4826
f 4668 4523 4354
f 5287 5137 5285
f 4993 4361 4672
f 5132 5417 6638
f 5164 5165 5424
f 2645 5825 3733
f 1255 1171 1222
f 11324 12958 12490
f 1329 1292 1360
f 3028 3029 2827
f 11746 8356 1679
f 4360 3991 4194
f 4360 4194 4359
f 1366 2078 1739
f 1681 2368 49
f 4529 4197 4361
f 5276 4981 5127
f 2551 10171 2039
f 4991 4671 4829
f 5820 2645 5407
f 3421 3417 3977
f 11042 9681 4878
f 5127 5411 5276
f 1818 1820 1661
f 2039 2583 1850
f 2391 1270 4769
f 5699 5564 5992
f 5137 4668 5135
f 3996 4199 4200
f 13204 13017 39
f 12373 1853 7864
f 4740 4374 4390
f 4836 4363 4996
f 13598 3264 8203
f 2590 1881 1616
f 4200 4199 4363
f 939 11067 1442
f 2282 10091 1706
f 338 1827 1245
f 5290 5702 199
f 8270 7289 8309
f 1289 1213 1212
f 2247 1887 10182
f 12811 12809 12986
f 3138 5511 3302
f 7863 7409 5824
f 8813 14018 9797
f 432 1713 756
f 10852 11064 6069
f 13731 12922 13231
f 6015 5869 4717
f 1113 1035 1067
f 5222 6204 5486
f 1341 1305 1304
f 5543 5222 7322
f 9715 5452 4392
f 10644 10740 10914
f 1511 7129 1551
f 10325 4870 5951
f 14243 1921 10342
f 4632 5748 4557
f 4987 4902 4994
f 11189 1625 11369
f 7068 9037 4357
f 5186 2825 3020
f 6600 13648 4851
f 3542 7524 10834
f 5180 12520 317
f 3720 6822 3320
f 1590 1593 1560
f 10414 10488 8464
f 10363 10126 10212
f 2913 1593 8479
f 304 262 347
f 3505 10804 3893
f 3480 5450 4866
f 13964 1461 13965
f 2243 14014 2242
f 1311 1242 1310
f 6981 7117 7048
f 5611 5618 5488
f 334 5369 404
f 10678 4755 13317
f 14211 7363 10905
f 6591 1318 5698
f 10478 6043 10237
f 1760 316 10837
f 1662 1660 2487
f 3077 11118 8289
f 11333 3118 9616
f 5131 10100 11918
f 11163 6723 13120
f 7263 7266 10982
f 222 3676 2050
f 979 703 1204
f 6203 7846 3557
f 1776 839 335
f 11347 12002 11597
f 8674 7646 13815
f 4898 3025 2513
f 5326 5095 10501
f 5428 5419 3495
f 3700 3662 3622
f 9421 9363 4946
f 3399 824 861
f 295 1238 293
f 4876 4877 5677
f 969 3389 5790
f 10096 4353 4562
f 6901 7719 6411
f 2662 2574 2627
f 13418 13840 11408
f 3023 3022 1681
f 2345 1212 2728
f 11087 10958 10957
f 4468 4676 4719
f 7780 6871 7483
f 11196 10956 11218
f 10956 11216 11218
f 1894 7947 6847
f 9411 10354 12433
f 1707 1672 1748
f 1432 1360 1395
f 1435 1396 1472
f 141 142 70
f 1292 1253 1328
f 1857 3028 3024
f 1858 1856 1893
f 5865 2990 8955
f 12880 10766 10851
f 6352 10538 9106
f 2564 10896 6792
f 1754 2057 4366
f 10644 10995 10402
f 6016 2498 5507
f 1754 4772 1714
f 4660 4512 4659
f 11566 11444 11446
f 5989 4522 201
f 2193 5063 3735
f 806 933 9385
f 4659 4511 4508
f 9688 1697 2179
f 6269 6271 6109
f 6670 6555 6765
f 12894 728 5711
f 13186 7366 13199
f 3723 3716 10671
f 5689 5557 5414
f 11713 6483 2179
f 6279 6120 5992
f 1764 5421 13559
f 1687 50 13979
f 1693 1830 1670
f 6106 6108 5826
f 6165 6163 3542
f 11749 11685 3210
f 4973 5292 5304
f 8488 8487 8588
f 4672 4360 4359
f 5145 4996 5143
f 11177 11147 12165
f 7960 11368 8145
f 14133 12014 1875
f 14158 9270 14236
f 11692 1901 1805
f 6972 1274 6973
f 4109 12277 3976
f 12825 12859 12949
f 4373 5254 4368
f 117 7355 7283
f 347 261 302
f 952 871 907
f 3797 3977 4192
f 1230 1229 1305
f 1812 1293 1330
f 6685 6780 6781
f 1812 1330 3244
f 1556 12826 1557
f 5145 4836 4996
f 2009 6042 10968
f 702 5870 899
f 3274 3270 11293
f 1485 1407 1595
f 7683 3326 5457
f 13007 13015 11705
f 1457 1410 1407
f 199 5997 6125
f 2108 6173 1406
f 1241 1194 1272
f 3936 3155 3652
f 74 7594 5363
f 5196 9030 4274
f 1324 1859 1861
f 13662 808 11438
f 10143 10145 10063
f 7050 4751 4893
f 396 1921 280
f 2398 2304 11820
f 1366 4602 3982
f 3684 4612 7892
f 1692 13863 13721
f 7828 7826 4337
f 11512 1479 1770
f 1599 1598 2126
f 9487 2373 2115
f 2768 491 9451
f 2937 9153 4739
f 6473 260 288
f 989 238 734
f 4623 4621 2501
f 2382 2125 2207
f 7560 13399 13400
f 9431 2399 1626
f 11762 13755 2228
f 8482 11802 12019
f 1924 10898 10743
f 2519 1442 11067
f 1889 1887 2247
f 4934 804 1675
f 10300 3944 3945
f 8282 5295 12153
f 5954 1690 13089
f 4807 13590 4754
f 10262 10263 7660
f 2359 1788 1879
f 9414 12896 4281
f 2352 2522 2523
f 14225 9088 2833
f 1361 1293 1329
f 11519 696 11370
f 6224 13492 3633
f 9624 7046 7520
f 1973 8891 1901
f 4330 730 729
f 3849 8926 5176
f 10207 10739 10284
f 3537 13888 11095
f 13092 2102 436
f 1191 7209 14027
f 13002 12919 1369
f 1706 1743 25
f 2157 6169 12278
f 1661 1583 1818
f 9089 8822 13448
f 1226 1079 1719
f 3982 3864 1479
f 1622 110 1766
f 1640 2231 8435
f 13352 13389 13183
f 8395 3764 6363
f 1383 6648 6080
f 1476 1478 245
f 791 799 941
f 282 4152 1240
f 2607 2258 1232
f 2053 11354 2036
f 13379 13378 28
f 13661 13550 13450
f 10438 4518 4521
f 9178 9029 9075
f 4763 10006 2894
f 4489 4330 382
f 9388 4505 1960
f 2447 2492 11261
f 1953 1029 276
f 1552 3577 2176
f 1309 4406 11020
f 13366 9409 13732
f 13262 13548 13549
f 13279 13461 13599
f 1265 1186 1230
f 8312 9713 7468
f 1560 1855 1590
f 10538 14209 11097
f 1872 3113 9055
f 9153 1582 5362
f 10172 10329 10178
f 13559 5558 1764
f 11371 8048 11621
f 5093 3755 12497
f 6244 10289 28
f 2648 12344 6009
f 6600 456 1867
f 11374 11375 11292
f 13308 13476 8900
f 2551 1816 2550
f 438 2102 9015
f 8959 9992 9490
f 9070 2867 2865
f 2231 1951 10743
f 1184 13554 1122
f 13966 9737 13962
f 5327 5214 5215
f 2534 1013 13660
f 989 734 982
f 4556 6592 6811
f 4346 4168 11715
f 10365 11202 7061
f 3731 3650 3691
f 5984 5689 6109
f 4346 4661 4168
f 95 13197 11168
f 537 434 487
f 3780 1684 13427
f 2404 2395 2127
f 5135 5285 5137
f 10837 8952 1760
f 12865 461 2138
f 10193 10140 13583
f 11730 3549 11733
f 5426 4993 4992
f 5356 10485 5798
f 10277 9685 10145
f 9973 11399 11432
f 4992 4671 4991
f 5288 4991 5287
f 330 10571 2504
f 5992 6120 5839
f 11113 11052 10910
f 4992 4991 5288
f 10063 11469 7952
f 14247 14249 4536
f 4947 4945 10182
f 11457 10120 9441
f 1576 1473 1550
f 5143 6327 5142
f 2415 2042 2412
f 1779 2251 1679
f 5995 6122 5997
f 2371 12430 12331
f 8353 1751 1650
f 5148 5433 5434
f 2195 2247 4945
f 1572 1502 1607
f 5070 7368 4727
f 4361 4993 6327
f 11666 11593 11588
f 11188 2582 10399
f 5716 7726 6334
f 3536 3537 11095
f 325 4982 1285
f 10653 3725 4345
f 2627 13889 2534
f 5258 1095 9461
f 7163 2862 11557
f 49 2368 10825
f 6043 10478 5402
f 107 12443 109
f 9445 12745 6353
f 3573 7835 4028
f 10279 10209 6881
f 2090 2092 1586
f 11063 11062 11277
f 5151 4784 3338
f 11315 37 3164
f 3541 3620 3580
f 8543 2937 1507
f 5119 11315 5357
f 9492 6171 986
f 2968 5357 2567
f 10490 25 7645
f 1507 1886 10006
f 1066 2017 2082
f 2193 11202 5063
f 1694 1685 14133
f 11291 3162 2149
f 4031 3959 3956
f 9136 6700 9109
f 13766 10429 10516
f 4851 4084 2623
f 3554 14236 12875
f 10102 10733 13998
f 12063 899 5870
f 1936 2068 2067
f 11510 9751 9779
f 10061 9922 5537
f 8435 2231 10743
f 8189 11122 3910
f 4498 1564 1553
f 7455 5446 4867
f 1778 1102 2491
f 8075 7980 8166
f 4867 5446 5451
f 8831 4383 4409
f 324 10577 5678
f 3568 1617 876
f 6643 6444 6888
f 1608 4338 4452
f 6169 49 10825
f 4743 5666 8171
f 5019 4962 5352
f 6713 4729 10488
f 12697 12931 13331
f 4030 5385 7437
f 9507 2959 3004
f 1419 1391 13965
f 1670 1622 2521
f 3748 5608 9712
f 7955 592 4938
f 4643 4569 2205
f 13337 12273 14165
f 861 851 860
f 288 293 1247
f 9428 12847 843
f 3032 7250 10062
f 5128 5126 5217
f 3188 5990 9419
f 13852 13868 11212
f 2626 11415 2317
f 13348 13159 13351
f 3019 11294 3023
f 10313 10386 10317
f 11161 9637 9941
f 9445 11768 12745
f 8911 8806 8910
f 2483 1448 76
f 10946 4619 7497
f 10277 5769 4947
f 86 2463 2461
f 4002 3965 4039
f 1614 1550 1548
f 12913 10279 6881
f 12343 12135 12342
f 8858 10715 5769
f 8858 86 9467
f 8514 13650 8914
f 2049 11475 11485
f 10721 10017 10780
f 11171 2827 2828
f 11171 11172 2827
f 11068 12058 4945
f 13244 11182 11093
f 10911 11420 10324
f 8914 8583 8514
f 13008 6729 6630
f 14227 5020 5658
f 3 14019 1364
f 5942 11185 5862
f 13295 7248 7042
f 2971 593 2972
f 11449 11446 11444
f 11512 1366 3982
f 6260 9000 12299
f 9134 4350 4496
f 13199 13204 13186
f 12122 11249 12022
f 2278 78 9827
f 2547 3032 2574
f 1091 5286 5277
f 5287 5564 5699
f 2355 1752 1525
f 904 807 850
f 7593 5188 957
f 14274 12321 10169
f 2660 2662 2630
f 6365 10678 8167
f 1697 902 754
f 6225 1014 9534
f 9426 2254 2145
f 10316 10318 10430
f 6410 6675 6412
f 11972 2931 4582
f 6408 6407 6673
f 13214 13183 13630
f 5562 5564 5285
f 5919 10902 12164
f 12842 11342 2424
f 2246 7332 13263
f 3581 3506 3543
f 11675 2467 6372
f 2598 7151 9868
f 5836 6116 6277
f 1485 1457 1407
f 7247 2144 9388
f 4565 4572 3076
f 3440 3244 3439
f 9146 113 10972
f 7043 7041 7264
f 4400 4313 4396
f 4839 5148 12328
f 665 5840 5839
f 7894 7983 8169
f 4617 3312 3358
f 12858 444 11260
f 8577 8575 8702
f 4998 4678 4836
f 5082 6117 8211
f 4191 4359 4194
f 2700 7737 13979
f 6866 6863 6977
f 13032 11762 4398
f 5115 13493 2550
f 1409 7552 4325
f 391 349 457
f 8435 1869 1640
f 929 12633 12827
f 13066 4410 2339
f 2486 3588 3670
f 4058 3979 3939
f 4510 2508 4414
f 3557 7846 3287
f 2096 13179 14173
f 5182 2805 10897
f 2616 11026 4758
f 5012 5013 5484
f 9644 9463 6462
f 53 50 1687
f 2127 2395 3549
f 65 4842 2279
f 100 29 62
f 1866 12514 12518
f 4698 10107 10287
f 1939 1893 2195
f 4283 1617 3568
f 10222 10829 10378
f 587 12450 10817
f 9685 10182 1887
f 10567 866 10988
f 5671 10418 3678
f 3060 2856 2855
f 1396 1329 1360
f 10277 10145 10275
f 3557 3556 6204
f 6225 796 8514
f 10554 10486 3067
f 1801 1800 1895
f 12830 4109 3065
f 14137 13499 13286
f 10356 3536 11095
f 4383 6553 4409
f 11095 11097 10472
f 10756 2657 13004
f 5043 3503 3501
f 5086 2475 11433
f 8605 2805 5182
f 5472 4042 4407
f 12582 8222 8223
f 10641 10009 11340
f 13135 13003 9
f 13836 582 394
f 897 10002 3105
f 22 10490 24
f 3000 112 5905
f 7212 1101 1082
f 3516 2358 7132
f 2985 12399 12291
f 317 5889 9182
f 7735 1836 6747
f 7644 1737 9077
f 3857 3933 3969
f 3104 3475 3506
f 4050 4008 3971
f 295 297 1238
f 9079 8544 12922
f 2468 1582 9153
f 3543 3506 3475
f 11342 13292 2424
f 7849 7733 3932
f 9785 3007 2703
f 10150 10014 10149
f 12951 11960 11208
f 1795 1856 1797
f 2331 1357 6195
f 5419 701 215
f 7556 13399 7560
f 3619 1857 3617
f 1883 2303 2274
f 2774 379 1090
f 79 775 25
f 1719 11354 1263
f 8923 1565 2868
f 1908 8060 11634
f 12799 10872 6635
f 5078 7826 1820
f 3389 1092 3387
f 5015 5084 5085
f 6682 6778 6876
f 2088 1464 1980
f 13888 3537 11746
f 1945 7752 12830
f 7338 6462 9392
f 749 827 2249
f 25 10490 1706
f 2466 1582 940
f 7331 1816 2039
f 2170 2486 3674
f 2818 5589 6818
f 8540 8476 8475
f 8900 13476 12118
f 10869 2459 10868
f 5120 12319 6168
f 9092 10594 9230
f 9118 10928 1984
f 2469 2643 5674
f 5989 1081 6000
f 1367 2057 1566
f 14030 9213 4485
f 11638 10179 12143
f 10651 61 5115
f 8519 11506 11973
f 1745 1743 2515
f 100 1123 29
f 9153 2937 13683
f 2139 12228 1761
f 8467 4763 1870
f 8750 1756 9309
f 5127 4660 4978
f 287 211 241
f 2822 622 2026
f 10275 86 5769
f 1715 1712 1797
f 1940 1801 1895
f 4984 4663 4983
f 5846 1259 5848
f 6108 5827 5826
f 5992 5564 5836
f 8607 1679 2251
f 6072 7369 9010
f 5009 11892 4907
f 3514 3479 14248
f 12302 11665 10287
f 201 13044 6807
f 4659 4816 4978
f 5276 5411 5686
f 2534 13889 3735
f 7857 1260 7858
f 6973 1274 7170
f 5552 5407 2645
f 9055 14133 1872
f 6565 6288 6286
f 1846 7333 1850
f 4983 5279 5132
f 3623 5067 9165
f 4983 4662 4821
f 3132 9445 12685
f 7400 7399 7508
f 9601 8687 10768
f 5558 13559 2326
f 2471 2606 2605
f 7400 7169 7168
f 6279 5836 6277
f 7909 7816 7716
f 4256 6753 1943
f 2057 1367 4366
f 3871 13697 4666
f 10385 7886 12390
f 10685 4558 5633
f 4849 4498 1553
f 55 53 13451
f 13514 6771 528
f 10580 2526 10583
f 1222 11445 1216
f 7548 13427 4982
f 5415 12151 1951
f 3060 2859 2858
f 1607 1648 1572
f 1442 2519 1753
f 9179 2624 6155
f 13325 13369 12753
f 933 8884 131
f 4522 177 11257
f 2189 4558 2549
f 3294 3295 3491
f 7206 7205 7378
f 10631 11928 2811
f 6219 4610 2077
f 6862 2019 7644
f 10953 11022 8203
f 5671 1638 8912
f 1761 13166 2139
f 7966 7874 8058
f 2304 1423 2296
f 10805 10802 2267
f 6760 1861 1508
f 9077 2403 6862
f 2036 9893 11956
f 10204 10422 10205
f 10224 11073 1409
f 2478 1434 13829
f 2277 7824 1703
f 4277 5445 4207
f 1937 2078 2377
f 6626 539 10007
f 2686 2688 4259
f 3433 5519 8256
f 13834 9267 865
f 6323 6479 11118
f 10329 10328 10539
f 5507 2543 2271
f 1730 2245 5491
f 9979 8772 9982
f 11161 9941 2504
f 4785 2446 2428
f 1706 10490 2282
f 11956 2139 2036
f 1785 1399 1683
f 1689 5255 11958
f 261 262 14158
f 12495 12504 12482
f 2987 8462 8393
f 4907 9207 2108
f 5576 854 9467
f 12058 1939 2195
f 443 4940 4941
f 10 7563 6332
f 1396 1360 1432
f 6028 443 4299
f 10149 797 3536
f 3752 12774 12798
f 1801 1716 1800
f 6061 13278 13298
f 841 777 1798
f 647 645 718
f 11692 1803 1896
f 8353 1650 1614
f 828 260 2089
f 10867 12161 11897
f 4594 4637 10160
f 1760 8952 12017
f 10026 1824 3495
f 3926 6592 2245
f 7529 4906 7528
f 2017 1784 1785
f 10263 10262 10253
f 2099 2101 11496
f 1714 1938 1762
f 2586 2583 1565
f 8445 4289 386
f 14216 14120 8138
f 2614 13004 1652
f 982 981 1599
f 4180 4137 4224
f 8706 1756 6621
f 7512 7511 7601
f 12068 2221 11634
f 3835 6718 5525
f 8674 1978 7646
f 791 1072 2433
f 4542 4488 4486
f 9365 12841 9511
f 3941 13438 13388
f 10817 20 9053
f 6333 7592 10247
f 13383 8820 7417
f 2579 1836 1662
f 13608 4112 10481
f 11936 7158 1766
f 141 70 69
f 2334 3191 3158
f 2515 1706 10091
f 1990 10233 2861
f 2460 9323 11223
f 13664 67 5507
f 11493 4045 12283
f 4961 4799 4798
f 487 431 482
f 13027 13376 13951
f 6623 3542 10834
f 7359 22 2413
f 11494 5227 3746
f 8263 8739 6211
f 13147 2267 10802
f 6054 6264 2631
f 930 680 1181
f 6483 9688 2179
f 4 6 13767
f 6764 6765 6668
f 4194 3799 3796
f 1903 11885 11294
f 1843 2580 1627
f 6107 1424 6265
f 5411 5127 5273
f 10825 46 8342
f 8046 51 1681
f 13939 14031 14033
f 4520 4352 4665
f 11547 7356 12412
f 11044 7952 2227
f 11272 11216 11169
f 1970 12058 7765
f 5273 5127 4978
f 7610 7514 7405
f 6028 4299 9783
f 9467 2461 5576
f 5426 4992 5288
f 1576 1650 8356
f 1716 1801 1783
f 5688 5276 5686
f 2078 11512 2376
f 10866 2582 11171
f 5679 5680 5407
f 3419 6292 1014
f 6304 2649 13680
f 11497 13803 10726
f 7169 7080 7168
f 14180 5997 6122
f 2101 2184 2434
f 4830 67 13664
f 10678 104 10012
f 7614 7711 7616
f 3619 3436 3028
f 12979 13074 5711
f 3367 1676 3342
f 10818 7924 5727
f 6421 833 8690
f 2499 1634 11261
f 8575 11868 11986
f 2170 3674 2499
f 9002 8117 8178
f 11918 10100 8897
f 5434 6567 5577
f 3801 3615 3991
f 2543 5507 2498
f 4197 3991 4360
f 8590 8490 8488
f 2264 9419 9340
f 1634 2499 3669
f 2730 7949 931
f 5349 3828 3827
f 4255 2088 2310
f 1886 4739 5362
f 4870 10325 5477
f 13468 5239 407
f 9581 9634 9632
f 13082 12876 12874
f 4114 4783 7054
f 2765 2764 2850
f 4517 4168 4661
f 1912 1788 1616
f 5053 5756 5082
f 13336 12162 2162
f 111 126 2531
f 10805 2267 2402
f 1647 3426 14150
f 2334 10922 3191
f 2290 2288 1920
f 9869 9828 5112
f 6304 11359 2865
f 11116 131 12116
f 8633 1979 1663
f 9174 3480 10418
f 1979 1667 1663
f 3623 9165 7787
f 656 7239 11481
f 4539 4441 5328
f 9523 3361 6468
f 11450 11555 11628
f 14134 4879 10613
f 2342 2180 12590
f 14253 14251 1833
f 4189 931 2821
f 3489 3930 6179
f 9742 9741 9767
f 3466 8627 12444
f 2373 2370 2690
f 2671 2342 10733
f 13945 14033 14216
f 2037 11528 10199
f 99 12624 3812
f 2145 2147 9426
f 5159 8657 9706
f 11457 9441 9963
f 4833 12704 5061
f 4658 5999 854
f 10910 11669 11113
f 8657 10449 9706
f 12058 2195 4945
f 8405 1555 7765
f 4940 9467 9470
f 10143 10194 2463
f 5235 7293 6733
f 10014 10866 10072
f 7314 7199 7196
f 4599 9614 8203
f 11692 1896 1971
f 1763 7731 1974
f 9453 3953 13582
f 2165 2074 2110
f 8583 8914 8891
f 797 2212 3537
f 10721 11187 11188
f 5223 10834 10400
f 10335 10724 10256
f 3654 1357 10144
f 12176 10853 13739
f 3095 6811 3446
f 9428 1703 7824
f 8256 5519 5654
f 13386 12283 10574
f 1874 9580 13477
f 11653 19 1941
f 11882 11538 11535
f 13024 13050 13049
f 1656 4370 13815
f 5789 13653 2229
f 2490 12832 1646
f 8940 5682 13049
f 7188 13885 7421
f 12755 9409 936
f 14096 13095 13266
f 9769 9701 9611
f 1731 1992 2861
f 8142 8143 6989
f 1994 1992 13978
f 9419 1602 3188
f 9924 2094 2465
f 4992 4672 4671
f 670 1871 6260
f 7823 2038 12432
f 2434 2184 2343
f 12419 13758 3430
f 5967 6091 4408
f 656 11481 12450
f 2497 11651 1694
f 8754 13517 1924
f 5876 13712 11284
f 5234 3181 13196
f 2332 2124 5845
f 1800 1797 1858
f 383 345 449
f 13739 10853 10304
f 2370 2681 2690
f 2135 1362 897
f 4920 4746 1368
f 1934 10616 13054
f 2381 2119 2204
f 618 2115 2456
f 2407 4598 2416
f 4 2285 6
f 6236 10826 3812
f 759 686 735
f 13147 13166 3062
f 759 809 810
f 7460 7639 7618
f 1471 4404 7766
f 7841 7618 7837
f 7291 6863 7172
f 6775 6414 14180
f 10189 13148 12784
f 4940 443 9654
f 13606 1973 2024
f 5835 5562 5833
f 7291 7172 7290
f 1856 1795 1889
f 11095 10472 10356
f 10472 10503 10473
f 8864 7992 95
f 10541 10504 10473
f 5283 5285 5135
f 6329 2707 1455
f 7232 3289 2749
f 1859 1324 8727
f 13854 1297 1438
f 5552 5411 5273
f 2254 12518 2145
f 5407 5552 5123
f 8706 2549 10685
f 1256 1377 140
f 5273 5123 5552
f 6562 14180 6122
f 6820 3785 2933
f 2659 9070 6519
f 3817 13 4096
f 6004 6289 6421
f 14279 6002 6289
f 9841 39 13017
f 6972 6973 6764
f 4821 4981 5279
f 3619 3806 3436
f 2064 2022 2000
f 5836 5564 5835
f 5710 5300 5299
f 1104 2054 8192
f 6284 5997 14180
f 6502 3442 1580
f 12515 12334 12430
f 6055 6944 6788
f 2065 4341 1732
f 2012 2028 2155
f 3886 13393 5334
f 12049 12571 7028
f 5359 7047 713
f 8211 2744 10911
f 4341 11495 4236
f 5558 2326 11651
f 2321 2075 121
f 3557 3287 3284
f 3809 2551 7458
f 4641 10521 10152
f 1685 1694 11651
f 1881 2346 1908
f 13919 6317 6318
f 2191 2245 6585
f 6713 4590 4044
f 7242 4904 4750
f 9390 9287 10462
f 789 188 192
f 10760 2183 5974
f 10971 13376 13027
f 11163 13120 10659
f 2135 897 1933
f 1579 11116 12116
f 11389 10165 2699
f 9431 1626 1702
f 12050 12073 4414
f 5723 7949 2730
f 2673 2675 2430
f 993 1663 1667
f 12155 9937 10083
f 2387 2236 4326
f 5239 1514 1438
f 11213 4140 5080
f 2286 1965 2273
f 506 4261 8765
f 4009 4014 4034
f 13179 2096 13197
f 4809 4754 11408
f 1850 2583 2586
f 13530 12008 12394
f 13142 520 11182
f 1994 12732 1992
f 4944 4942 4943
f 7957 7793 7790
f 7373 7478 7576
f 2784 5216 1949
f 1431 1630 1500
f 7209 1555 9783
f 11325 2021 4494
f 14173 14158 14236
f 2463 10194 10193
f 6523 4541 1659
f 1576 1614 1650
f 1970 7765 5268
f 1939 1858 1893
f 7765 1555 1191
f 11527 11377 11454
f 434 431 487
f 2236 1979 4326
f 2553 8015 7923
f 1679 8607 11746
f 4977 2693 1781
f 12039 11953 11982
f 14039 2730 14040
f 9068 9687 12885
f 10898 1943 6753
f 11356 11572 11488
f 2126 2125 2382
f 2818 6818 1731
f 11260 342 8917
f 11952 3106 3105
f 10912 12341 13784
f 11048 5489 11049
f 2353 2356 4924
f 10890 9802 9717
f 19 11653 1904
f 2031 2576 12417
f 9385 1827 806
f 2363 9785 2568
f 4193 13813 10714
f 13334 8697 13333
f 11261 1778 1566
f 1938 4772 12364
f 13319 477 9590
f 132 11408 4747
f 3616 7929 3540
f 10912 10817 12450
f 316 1736 1403
f 6880 9243 4519
f 2435 1553 1564
f 13126 13081 12912
f 1249 13797 1494
f 14027 2066 1191
f 8301 8362 11358
f 7576 7478 11544
f 10358 10278 10356
f 2485 41 40
f 2660 2630 6264
f 8002 10729 9385
f 7054 8784 13379
f 1721 11240 2739
f 7237 10760 12388
f 5069 12181 3719
f 12276 2627 2574
f 9414 7289 12896
f 2128 1599 811
f 11419 12634 12156
f 6117 4670 12203
f 8305 2065 2147
f 7645 24 10490
f 5774 2663 14200
f 11936 1876 12014
f 2064 847 1732
f 4191 4194 3796
f 13032 13755 11762
f 11360 7717 13392
f 4130 3303 3136
f 14228 12051 12048
f 3064 868 7293
f 1748 9265 1791
f 1889 2247 1893
f 14247 2164 14249
f 13613 9953 3157
f 7847 532 8348
f 1686 1763 3724
f 4197 3803 3801
f 3419 8583 8600
f 7514 7408 7405
f 4355 4192 3975
f 8600 8583 13606
f 5833 5988 5835
f 5163 5482 11395
f 6863 6866 6768
f 7985 5065 5334
f 5758 8864 10826
f 2215 1621 1886
f 7065 7185 3306
f 13120 6723 11138
f 7166 7399 7168
f 1719 1079 10901
f 11411 10900 11990
f 2302 1359 1666
f 4698 10287 11665
f 6358 63 65
f 6412 6562 6122
f 2631 2630 2415
f 5428 6820 6400
f 2076 13660 831
f 14061 11591 14062
f 1464 2088 4255
f 1596 1430 1594
f 4703 4045 11493
f 5995 665 6122
f 1410 1350 1382
f 12719 5300 5579
f 2104 2363 1905
f 2703 2492 2447
f 3801 3991 4197
f 9737 4094 10174
f 1859 2425 2428
f 2971 1346 593
f 5332 1826 11285
f 3670 1442 3669
f 7006 13513 10618
f 5850 5579 5300
f 5415 1990 12151
f 1602 2655 3158
f 6065 5043 6172
f 6049 3983 11970
f 1345 1234 1265
f 10414 8464 10346
f 6426 2189 3102
f 1400 6351 4380
f 12276 10426 11557
f 2398 11820 2262
f 3893 3889 3503
f 2588 2614 6855
f 2639 3009 6317
f 9514 12247 13181
f 3671 10529 6622
f 4599 8060 1908
f 1990 2861 12732
f 2895 5684 12512
f 940 3113 1869
f 4624 7843 7844
f 1307 1267 1306
f 5328 5047 3846
f 12777 11771 7228
f 492 615 13924
f 4845 79 2588
f 1935 2271 2512
f 5990 4519 9419
f 9976 6881 9975
f 362 970 999
f 6010 5349 4052
f 382 517 3762
f 7000 11027 3876
f 6151 4021 5879
f 1679 1650 1779
f 13419 14142 5332
f 1014 4738 12988
f 12988 9534 1014
f 753 9118 10920
f 10023 2894 10006
f 6502 2564 3968
f 4507 5106 7269
f 9506 7599 7928
f 1476 245 4147
f 1263 8005 2585
f 1733 1731 6818
f 9563 11689 11838
f 9510 9364 9436
f 10653 13608 13892
f 1900 2032 2367
f 9603 9584 9618
f 1752 1821 2474
f 13144 914 912
f 1951 3625 5415
f 4501 1776 3106
f 2415 2412 2631
f 14200 11186 1296
f 3173 6886 782
f 3672 6229 3276
f 2262 2271 2543
f 1923 13309 1497
f 1249 11078 1203
f 13767 6 7
f 72 4296 2416
f 9918 3967 9139
f 10962 13129 10963
f 10571 9 2504
f 2343 2180 2430
f 4471 6751 120
f 8253 8523 29
f 10574 4045 3671
f 13663 10894 10886
f 1753 3669 1442
f 1980 1464 1463
f 9385 10729 1827
f 2244 6519 2400
f 13069 12859 12825
f 6811 3095 6723
f 1682 950 864
f 11730 11733 5491
f 4587 6012 3866
f 6276 6407 6277
f 10962 10854 13129
f 4897 5629 4861
f 9806 7787 9071
f 10963 12972 13171
f 6400 701 5419
f 13736 12519 12591
f 10445 10294 10292
f 10115 10274 10198
f 13113 13740 13744
f 537 1060 1837
f 2315 2502 2667
f 4901 4970 5572
f 4582 2931 12511
f 7788 10701 7882
f 5669 631 753
f 2369 9544 5464
f 13747 11058 11357
f 5985 6551 6113
f 2286 6011 2475
f 503 7011 7384
f 9726 9645 9463
f 5411 5552 3733
f 5693 5691 5831
f 482 431 5680
f 1319 7151 14090
f 814 763 691
f 6965 7282 6966
f 13108 2107 1904
f 12383 5076 5078
f 3803 3617 3801
f 5290 4993 5426
f 5287 5699 5288
f 4520 4355 3975
f 2606 1915 11495
f 6116 5835 5988
f 6555 6768 6407
f 598 633 547
f 13864 2164 8819
f 10237 3791 7967
f 6972 6664 6971
f 13121 8696 13059
f 12932 12859 12879
f 6562 6774 6775
f 13383 7417 13305
f 2148 2164 2110
f 5513 4787 764
f 4770 351 6909
f 7519 7614 7616
f 5997 199 5995
f 3081 5175 4401
f 10532 1848 11119
f 2040 2537 2372
f 3941 13388 13060
f 2274 2563 2573
f 13215 9309 5634
f 2014 4501 11952
f 10335 10459 8582
f 5568 5699 5839
f 7816 7623 7716
f 6567 5434 5433
f 5830 8212 7064
f 12236 12331 12430
f 5054 11163 10659
f 7736 5479 7662
f 1599 2126 811
f 991 238 989
f 14203 9591 5341
f 5430 5143 5704
f 9431 144 2399
f 11756 11593 11666
f 7135 7455 9145
f 1525 1809 2355
f 2737 1053 2736
f 6284 14180 6414
f 5086 10413 2475
f 2458 2204 618
f 4590 6713 10554
f 13306 12042 1131
f 248 286 7556
f 8884 933 10394
f 4326 11412 2387
f 2211 4510 8633
f 4213 4540 4375
f 3109 4498 8212
f 8357 2556 2559
f 13190 13191 12996
f 2681 5914 6011
f 2670 2171 2671
f 4932 12937 14166
f 8079 167 7791
f 6603 6602 12326
f 12794 13254 4833
f 12077 4682 13465
f 2605 1701 2471
f 8438 10453 7631
f 2556 2442 1256
f 34 35 6730
f 7537 4091 4093
f 11282 11289 11286
f 2256 2591 3775
f 3062 2244 13147
f 13248 6790 6233
f 12136 8930 8978
f 12988 207 9040
f 4536 14027 14041
f 9852 6032 8463
f 7799 7689 7893
f 1742 3501 3498
f 1191 1555 7209
f 5988 5833 5831
f 9960 797 10072
f 901 4265 8291
f 10752 10828 14085
f 4034 5590 4736
f 9960 11124 2212
f 1895 1800 1858
f 10298 13130 6161
f 10163 10164 1129
f 9646 9466 9645
f 5767 6055 12557
f 11132 2576 2031
f 8613 841 1165
f 3888 3501 3503
f 10256 632 11055
f 7249 7042 7248
f 7645 2762 481
f 13785 10578 13970
f 9785 1762 2568
f 10460 5083 7660
f 1579 1776 4501
f 2064 1732 4341
f 10102 12377 2529
f 144 9431 148
f 12287 12269 12317
f 12326 6602 12609
f 5464 13401 13426
f 2541 2296 1423
f 4235 1564 1658
f 4586 5334 13393
f 10174 10221 13962
f 14039 12073 2417
f 1771 2449 1770
f 12505 427 12547
f 4695 4397 4694
f 3899 2997 3896
f 63 2278 65
f 10571 13135 9
f 61 10651 4504
f 11772 2738 11594
f 13017 8707 9841
f 726 652 725
f 14091 14088 1209
f 10244 10323 10088
f 1881 2590 2346
f 3264 13598 3285
f 7046 1902 6993
f 11239 13529 6346
f 12908 11847 12215
f 5761 6226 4894
f 2251 1779 1805
f 4891 9533 6427
f 1974 13691 10440
f 1165 9929 13613
f 1165 2197 8613
f 8575 11867 11868
f 13300 13298 7731
f 812 987 667
f 1447 764 9520
f 13295 12508 7248
f 49 6169 2157
f 2447 9785 2703
f 12267 12285 12311
f 13993 11620 13451
f 8871 8911 11540
f 8549 8515 8711
f 3313 8400 9943
f 4296 2270 1935
f 13133 14059 14099
f 2554 13135 10571
f 1320 2285 2675
f 13417 13184 12218
f 907 1007 952
f 8588 8487 8585
f 10327 10962 10963
f 2369 13426 2101
f 2550 14004 7458
f 5988 5831 6113
f 2119 1959 2204
f 10616 1934 2112
f 5564 5562 5835
f 201 6924 5989
f 4826 4665 4984
f 6269 6550 6271
f 12355 12354 12460
f 115 116 47
f 1702 139 9431
f 4512 4511 4659
f 4852 8060 3264
f 5285 5283 5562
f 4993 4672 4992
f 2267 13147 2244
f 13514 1898 6771
f 13100 13099 879
f 8431 8432 8345
f 4852 12872 12068
f 12355 12287 12317
f 12501 12428 12496
f 2981 13063 3768
f 1333 6265 1424
f 7172 6973 7170
f 6125 1259 5846
f 5783 5391 4760
f 14247 8819 2164
f 4054 11265 4053
f 13075 12894 5711
f 7522 7414 13573
f 7476 7002 7800
f 9534 9040 8959
f 3157 2869 207
f 7620 7619 7715
f 12154 883 8622
f 8959 9490 603
f 6869 7092 6774
f 5831 5985 6113
f 4363 4199 4529
f 8004 9939 2863
f 2105 13514 3861
f 6550 6664 6763
f 1586 8729 1695
f 9953 1799 10698
f 4537 4535 4679
f 6184 11931 6725
f 6807 6924 201
f 6622 10527 10574
f 2455 1371 2687
f 2135 2273 1362
f 1933 3106 1776
f 8706 10685 5634
f 2464 3310 2482
f 5275 503 7384
f 335 1933 1776
f 3167 1278 1534
f 7224 657 6494
f 14225 9061 10062
f 12784 95 3890
f 11284 11283 13005
f 9799 9787 9820
f 7673 6316 7672
f 7545 13239 8560
f 4381 5317 3071
f 2236 3837 2140
f 11412 12073 14039
f 3130 3133 3038
f 2385 2482 7064
f 1668 1667 2140
f 4102 5088 5136
f 7121 5698 1422
f 4733 2491 2188
f 13614 12107 13610
f 3501 6172 5043
f 10802 1771 1775
f 1733 3063 12524
f 4220 8463 6032
f 8142 2655 7130
f 4738 2168 13613
f 4286 3489 3844
f 11771 7828 7228
f 5375 1397 6660
f 12182 12211 12237
f 12303 12257 12345
f 2897 591 8413
f 14290 10704 10613
f 11075 4413 2686
f 12391 9115 10060
f 6886 4770 6909
f 11218 11216 11272
f 2594 5212 6285
f 4096 3703 4255
f 8926 5483 5176
f 12381 12414 12457
f 1740 397 7037
f 7317 9784 10915
f 2867 1975 2866
f 10984 9894 9995
f 6366 6014 6187
f 2270 4296 71
f 9355 3722 8281
f 2400 6519 11359
f 2147 12514 8305
f 4704 4656 5828
f 918 5906 10043
f 2619 2618 11952
f 6285 5212 12247
f 11200 11201 3451
f 4580 9118 9933
f 6947 7458 14004
f 14162 1612 150
f 1761 12228 1866
f 2131 2208 2210
f 13470 10784 12216
f 8192 4780 121
f 6016 2279 2498
f 3864 1079 1226
f 5065 3279 10941
f 2580 10241 1627
f 186 125 159
f 2130 3981 10812
f 10088 10087 10244
f 2655 527 1941
f 6671 6557 6666
f 6750 8974 9173
f 12450 12341 10912
f 3371 5671 3867
f 3613 3650 3696
f 1152 13982 1045
f 13943 13764 13857
f 324 596 10577
f 5072 6390 1968
f 812 5232 3591
f 1603 1571 1641
f 2772 4323 5657
f 475 11931 1246
f 6080 5506 1383
f 8746 8971 8848
f 2084 3957 2089
f 245 4318 250
f 3671 4045 4046
f 5103 9200 935
f 179 3716 1101
f 2504 9941 71
f 11621 11899 11371
f 2230 2256 2255
f 13166 1864 2139
f 14176 3538 3770
f 3339 6230 6339
f 2621 813 2255
f 7018 7093 7022
f 7154 7087 7153
f 13751 12227 11259
f 12524 3114 13978
f 2288 2618 1920
f 1479 1226 2585
f 3963 12233 12220
f 9847 1141 6130
f 1618 10321 3821
f 335 194 2269
f 12514 2147 2145
f 5691 5417 5557
f 10706 10038 10907
f 686 623 735
f 5833 5693 5831
f 2184 2182 2343
f 10394 837 1636
f 13723 13084 13081
f 807 682 755
f 6550 6551 6271
f 4985 4984 5132
f 35 10 6730
f 12225 13255 13038
f 6853 6854 1397
f 6854 6660 1397
f 5 33 73
f 5000 2599 2390
f 4816 2026 4975
f 1917 1975 2867
f 4985 6638 5283
f 5825 433 6105
f 6119 179 6641
f 10002 1362 1364
f 12539 12559 12455
f 2918 4117 75
f 1602 9419 2264
f 7253 6785 7252
f 4532 10241 2580
f 1635 11936 1879
f 2003 527 2264
f 13835 7186 7305
f 1260 7857 800
f 6780 6685 6569
f 9554 1851 14154
f 5212 2594 13
f 1096 4415 1135
f 1333 12024 6265
f 3105 10002 2571
f 13998 10733 14148
f 11586 13992 13774
f 12682 341 12673
f 10264 10406 8550
f 8413 10728 10755
f 335 1931 194
f 12009 10498 6687
f 2270 71 13664
f 3817 4979 4977
f 2455 2269 194
f 13757 13649 13539
f 9 11362 11161
f 7956 3083 11335
f 11795 10784 8846
f 2898 1491 2374
f 1977 2028 2012
f 2441 2369 2366
f 11842 5111 8009
f 2866 2865 2867
f 12010 11584 12590
f 2402 11359 6304
f 11335 10147 4205
f 2270 13664 5507
f 9941 9637 4830
f 491 11167 12375
f 7638 12914 4638
f 9230 111 1278
f 1979 8633 4510
f 3384 8675 3383
f 1659 4541 4566
f 775 692 2762
f 9274 7071 7069
f 13419 8309 11679
f 7588 5745 5746
f 13470 12486 10784
f 10091 3775 2591
f 3827 5338 5349
f 1942 3191 10922
f 13503 2658 13729
f 13890 13232 13286
f 12298 12333 12336
f 9961 9895 10109
f 1917 2571 8817
f 3670 3588 939
f 11582 9427 10144
f 5768 564 1047
f 8181 9987 8108
f 3088 6311 6310
f 5474 5410 11516
f 10144 1357 11582
f 13179 2095 13143
f 13309 1923 10804
f 13800 12191 14073
f 9637 11161 11362
f 12486 8846 10784
f 4758 2218 2254
f 13749 13776 13025
f 2499 2492 2170
f 3721 3637 3753
f 4977 1558 3817
f 6374 488 6368
f 1606 12713 12538
f 13978 1992 12524
f 12268 5212 1558
f 10002 14019 2143
f 12780 7742 8292
f 14255 555 14020
f 13585 11636 13897
f 1775 1864 13166
f 2904 1709 7721
f 6065 5354 2920
f 3836 2590 2360
f 8886 12389 14207
f 12409 12301 12340
f 3276 6229 3272
f 11277 5878 8023
f 933 9287 10394
f 1534 9390 10462
f 51 13993 2696
f 10687 4638 8870
f 9847 6130 7480
f 13517 9921 9924
f 2498 4532 2543
f 11833 4390 4374
f 994 9092 9230
f 10651 1816 9827
f 3056 3016 3014
f 6621 209 210
f 7541 7718 8489
f 1281 1318 6591
f 10682 14164 13755
f 3121 5574 6368
f 1633 989 1631
f 10364 5566 10128
f 75 4598 2918
f 3453 3925 3168
f 8859 6114 14201
f 4682 12077 10895
f 6701 8791 9408
f 5339 7870 4681
f 2180 2342 2430
f 1967 1633 2134
f 8736 3790 8970
f 12520 7932 1250
f 517 13974 3763
f 11077 11074 10991
f 11281 3474 11326
f 5822 7141 7251
f 13001 57 9802
f 1527 417 1528
f 2671 2172 2673
f 2156 853 987
f 5506 5232 4318
f 2680 11433 5914
f 5512 2006 5422
f 13461 13422 3941
f 10481 4503 2317
f 8841 9189 9298
f 13092 756 9555
f 8615 274 9554
f 3826 3700 3699
f 13108 1904 11653
f 13534 13519 6507
f 10075 3510 10537
f 4341 4236 2064
f 2679 2676 2675
f 2670 10102 2667
f 3778 6080 3962
f 4036 6479 4035
f 13110 734 238
f 13063 2981 5234
f 2118 1521 1520
f 2455 2687 6420
f 11496 10962 10327
f 2273 1364 1362
f 5998 5975 6021
f 9584 9623 9656
f 10232 9970 8396
f 11679 10022 13419
f 8327 8414 8415
f 8203 9614 10953
f 12225 7748 13255
f 10142 2554 10571
f 12837 12782 12810
f 15 12268 2260
f 12641 12747 12750
f 6947 3022 1671
f 3639 6459 5174
f 2442 8357 2452
f 4746 4704 10158
f 1204 703 930
f 759 735 809
f 2207 2482 2382
f 1883 1977 2012
f 1181 680 928
f 425 11117 8884
f 1371 2452 8357
f 2822 2026 4816
f 2395 11733 3549
f 14189 8689 8623
f 5255 5385 8290
f 12378 10152 10521
f 11599 11383 11145
f 12146 13329 10152
f 8373 3978 6339
f 6575 6574 13709
f 13404 13402 5583
f 6562 6412 6773
f 1564 4498 1658
f 8410 8362 8300
f 833 6686 8690
f 1544 10892 475
f 4780 14162 152
f 6004 14279 6289
f 5963 6035 6037
f 5568 5840 5702
f 1897 1780 1702
f 199 5704 5290
f 613 8665 8666
f 7619 7522 13573
f 7163 12963 10169
f 2660 2547 2574
f 1999 1996 1062
f 4224 1065 4180
f 3968 11228 8302
f 14279 5577 5848
f 4537 12231 4205
f 1876 11936 1635
f 2494 10521 4641
f 1580 3442 7009
f 6993 1902 10511
f 10942 11875 9621
f 9738 9766 9741
f 5853 699 1878
f 330 4296 72
f 12610 12719 728
f 11120 12290 11887
f 6305 5168 11253
f 13183 13552 13630
f 12739 12628 12822
f 1161 3712 8951
f 4153 586 8395
f 3285 12872 4852
f 12399 7773 10036
f 1373 1341 1304
f 13428 3384 10713
f 8310 6893 7466
f 10228 12698 12661
f 12837 12838 12783
f 11837 11836 11304
f 8566 8614 7634
f 12403 12439 12367
f 4699 554 10404
f 6545 1048 4954
f 5080 901 4266
f 11253 2153 6305
f 10411 10110 10267
f 3490 4590 3844
f 11036 11035 11993
f 5347 6206 4391
f 12365 14219 7061
f 2060 13594 10838
f 11730 3102 3547
f 2400 11359 2402
f 1994 13517 8754
f 6328 12234 11565
f 9280 13371 5180
f 3505 5353 10804
f 2288 1882 2618
f 2400 2267 2244
f 4745 9857 10441
f 6864 14182 10144
f 6587 5892 8147
f 10974 10973 3354
f 8104 8272 8161
f 1285 13485 325
f 11877 10456 3974
f 9906 3465 12277
f 11524 7370 3510
f 6592 3446 6811
f 1993 12527 12409
f 7838 5543 4749
f 491 11063 9269
f 5873 6027 5884
f 4570 4271 4571
f 2470 14244 6202
f 4867 5451 4033
f 2076 2042 2420
f 13619 13234 13727
f 11687 4583 3631
f 14239 12099 11981
f 9677 9660 9658
f 11000 11238 2821
f 2131 2210 2134
f 2660 6264 1809
f 7500 10912 5791
f 11880 6114 8859
f 140 1054 5830
f 272 2562 867
f 2679 11433 2680
f 1 4117 3
f 10308 14281 14221
f 13782 3652 177
f 11885 3809 1671
f 3023 1681 2157
f 12085 4292 520
f 4166 9593 12060
f 6102 9172 5053
f 995 12143 10041
f 4124 4123 2720
f 6252 9538 6008
f 8693 11114 1549
f 14040 3780 2387
f 839 12502 1931
f 2204 1959 2118
f 2594 11362 3703
f 13418 132 10682
f 2363 3007 9785
f 11882 11884 11538
f 10594 3114 126
f 13032 4531 10682
f 10533 10467 10391
f 2207 1962 2206
f 10804 2315 13588
f 13259 9012 9664
f 13992 11586 13921
f 2269 1933 335
f 5601 53 8976
f 11456 11527 11529
f 6526 6558 13019
f 1867 8251 6600
f 930 701 680
f 11117 425 1377
f 2556 2668 2559
f 13209 13952 664
f 2449 10805 2296
f 2679 4900 11433
f 13497 13626 2797
f 11586 11584 12010
f 956 1115 1042
f 13653 502 2229
f 4149 4148 5244
f 2332 2502 2088
f 2690 2687 2682
f 1120 1070 956
f 9176 8997 9313
f 2204 2118 618
f 3792 3793 6848
f 1443 2137 2613
f 14149 13101 13454
f 10282 10279 10431
f 1429 1426 2615
f 209 8750 928
f 2861 1992 12732
f 12895 12723 12721
f 4566 4565 1095
f 6599 3433 8256
f 11967 5968 13933
f 6759 6398 6660
f 8432 8635 8637
f 4962 4822 10492
f 817 741 815
f 6853 6756 6963
f 2434 2343 2676
f 1320 2172 5845
f 7389 7688 7690
f 14081 1703 843
f 1996 9921 13517
f 3733 5552 2645
f 1463 2124 1980
f 11584 13774 13998
f 2184 2101 2099
f 10212 10360 9381
f 4821 4512 4660
f 68 75 1
f 13699 2584 11807
f 11238 12099 5429
f 2743 7340 4968
f 11011 8500 8502
f 272 446 2562
f 6540 5375 6265
f 5702 5426 5568
f 13951 8064 8960
f 2567 5357 3164
f 5995 5840 665
f 2255 8064 13951
f 6869 6773 6867
f 1497 2310 1923
f 805 9130 9034
f 12777 12446 11992
f 6661 6923 7330
f 2554 68 13767
f 6978 7408 7516
f 8766 6063 8904
f 9369 13709 4469
f 2680 2676 2679
f 6277 6116 6276
f 6412 6675 6773
f 7638 9616 6467
f 6131 6004 6421
f 6002 1259 6286
f 13146 2776 2981
f 1534 446 12113
f 4017 4278 4066
f 10961 13171 1885
f 1316 1315 1355
f 12222 8685 11603
f 11495 1868 1905
f 11257 201 4522
f 6251 1753 4898
f 1324 6760 6761
f 5577 14279 5710
f 10048 7478 7248
f 8976 7611 12383
f 13563 775 79
f 8181 2644 9987
f 1873 13560 13276
f 1999 2000 9921
f 3495 5419 10026
f 11582 1357 14061
f 126 3114 2531
f 14007 6355 1490
f 14019 2918 2143
f 3588 1786 10901
f 6264 6263 1809
f 2375 10594 9092
f 11793 8807 8871
f 10385 10368 6817
f 13390 13411 13595
f 3446 6592 3926
f 12084 6998 6996
f 1593 2913 7194
f 2254 9426 4758
f 11733 11014 1730
f 10817 9053 587
f 10805 2402 2295
f 194 2452 2455
f 1959 1181 1521
f 4341 2065 8305
f 13002 12915 13096
f 2498 10241 4532
f 9060 11118 3287
f 4117 2918 14019
f 3114 10594 1062
f 3161 9368 3720
f 6877 6487 11911
f 14102 13254 12877
f 2420 2415 2630
f 5313 8765 3248
f 13303 11310 13206
f 4046 4703 4702
f 4558 4559 5633
f 7877 3426 1647
f 2588 79 25
f 193 261 13143
f 11074 11075 4259
f 6515 14281 14277
f 11591 20 7500
f 2610 2413 481
f 12190 1211 14088
f 13979 2696 1687
f 1417 10373 3664
f 2515 1743 1706
f 12068 12872 1523
f 13135 1463 13003
f 2591 2256 2230
f 2681 2370 2441
f 10711 1475 10528
f 8064 1781 2693
f 2028 8002 2155
f 1938 12364 1701
f 2260 813 2621
f 209 6621 1756
f 1062 1394 1999
f 13233 13351 13272
f 1942 2333 3191
f 6517 2583 10171
f 10448 10036 7773
f 12461 924 1097
f 7762 8615 14112
f 8687 9601 1056
f 2452 194 1931
f 11039 10386 6622
f 3062 2218 2244
f 5357 8608 5119
f 10420 10352 12509
f 12116 11117 12502
f 2155 2014 2012
f 13325 3305 13369
f 1957 558 1807
f 3775 10091 2282
f 6486 6344 6630
f 8109 8073 2047
f 1920 1917 2290
f 6651 8525 5415
f 2482 2385 2382
f 9503 12378 8700
f 2366 2434 2680
f 2124 1463 7
f 2105 10260 13514
f 7936 6784 10432
f 13184 10304 10854
f 2285 4 4900
f 7376 7581 7484
f 4387 12293 7009
f 10962 11496 13249
f 13129 12197 14273
f 13767 68 5712
f 3510 10075 7669
f 2782 1300 2443
f 2608 2984 1034
f 14273 12972 13129
f 4318 6361 5506
f 852 508 853
f 6447 8533 6409
f 1201 5233 4938
f 852 853 2257
f 7859 9987 2644
f 8323 6554 7719
f 9983 8226 6823
f 14273 12197 12200
f 2440 1308 2608
f 11952 4501 3106
f 5845 6 1320
f 4335 3193 1068
f 1420 2805 742
f 6420 2462 2455
f 861 824 816
f 6310 2879 3088
f 8935 6335 14280
f 2675 2285 2679
f 1377 136 12502
f 563 562 7904
f 6638 4985 5132
f 11028 5668 4955
f 10955 4955 9306
f 8150 8227 8316
f 6539 562 563
f 7891 7890 8027
f 5656 5551 5005
f 6859 9416 13824
f 5977 6105 433
f 9318 9266 9317
f 6968 6854 6966
f 8072 7980 7887
f 2392 1333 5977
f 5110 4568 8844
f 12633 11714 12632
f 7607 7896 7608
f 12911 13084 13380
f 5035 5037 4980
f 1274 7169 7288
f 6638 5417 5693
f 4102 5616 5603
f 1129 13513 10113
f 3624 6137 5854
f 5688 5826 5827
f 8978 8878 12136
f 9090 8984 8982
f 13282 14018 14124
f 8318 6177 6133
f 6533 1182 1177
f 9306 11054 10955
f 2945 2983 3080
f 13638 7046 9624
f 1578 6348 7110
f 2938 2939 2826
f 3611 2994 3421
f 13812 6133 12715
f 10231 12564 5131
f 11601 2713 6653
f 13835 7305 2043
f 12025 8967 12123
f 2902 2939 2977
f 9049 8949 8992
f 12105 5510 13769
f 9347 9288 11267
f 9258 6669 9208
f 9189 4484 9298
f 2509 13492 13809
f 13525 4083 1471
f 14100 2797 12962
f 13972 45 11191
f 8094 13494 7909
f 10659 13120 13476
f 10461 9404 10398
f 7619 7620 7302
f 7074 7208 7303
f 11237 11072 11241
f 10263 10121 7660
f 13939 13940 13855
f 5022 4606 5611
f 9283 9338 9244
f 9117 12194 8569
f 13646 6424 10498
f 8069 14129 11226
f 2848 2850 2799
f 7056 11515 7055
f 2844 2842 2882
f 4375 4540 6027
f 6704 5071 5873
f 13343 46 8567
f 6534 10709 6701
f 331 5002 368
f 10775 2828 1398
f 13631 10633 9175
f 2405 2143 2918
f 4684 4645 4644
f 9423 8876 1465
f 2765 6375 2727
f 5070 4643 5742
f 10621 770 10588
f 13968 3078 10556
f 11535 11871 11882
f 5892 5895 5894
f 3846 7797 12902
f 9939 11920 11629
f 3231 6898 5209
f 9011 9018 10111
f 4968 6917 4799
f 2513 2037 4898
f 12320 609 4507
f 12585 12679 11092
f 2735 11240 3037
f 8358 10224 8198
f 6294 8506 7007
f 6428 2177 2771
f 2733 11503 2732
f 4633 10510 6313
f 2471 2465 2094
f 9171 9123 9266
f 6379 9465 7243
f 3888 13393 3498
f 11306 533 9829
f 4337 7228 7828
f 11981 12099 9990
f 10526 6020 3849
f 2388 1880 13692
f 5296 4652 4741
f 3143 6174 5190
f 12273 13337 13050
f 3919 7021 7020
f 14109 2934 1723
f 14153 5342 3053
f 5048 4555 4563
f 7356 11547 11548
f 6240 14223 6504
f 1907 4756 880
f 5280 5408 11436
f 12191 12115 14074
f 3088 9932 3297
f 4897 5205 5629
f 6273 4966 8873
f 12827 12828 929
f 10596 11102 13237
f 9306 801 3116
f 7310 13997 7664
f 8285 10949 8643
f 1821 12581 2474
f 1668 2140 7548
f 8221 8141 8220
f 5098 5325 4349
f 5183 5182 10897
f 4538 4228 4965
f 186 159 252
f 5073 1091 4847
f 157 124 8789
f 802 1182 6533
f 7676 102 143
f 7423 7626 12710
f 5994 10889 4211
f 2276 8987 6143
f 7577 7375 7373
f 6211 8866 8263
f 3074 2941 2977
f 14084 14009 11376
f 3171 3031 3169
f 3284 3556 3557
f 7798 7687 7891
f 6750 3599 3784
f 6652 12105 13769
f 2714 2713 2785
f 2873 2829 2826
f 3134 3089 3133
f 6681 8757 9291
f 13479 13443 13114
f 6748 1823 6845
f 2905 2835 2878
f 2878 2877 2945
f 2881 2839 2909
f 2982 2983 2945
f 2698 2717 12105
f 10216 9333 9332
f 13769 5510 5509
f 6845 1919 3787
f 7108 13991 426
f 11910 5196 4274
f 2984 3402 1034
f 5509 11312 9343
f 11264 11574 11787
f 9425 8751 10055
f 4783 4112 13608
f 3241 3183 155
f 11267 9284 9343
f 6763 6668 6551
f 10915 10468 3723
f 8949 8882 8992
f 9693 9604 9760
f 529 482 5679
f 5270 622 529
f 6662 6724 9539
f 5977 241 182
f 6105 5977 1333
f 5406 5403 4654
f 4931 5532 5531
f 8245 8247 8075
f 10992 1698 11031
f 9162 9099 9205
f 13642 5184 5520
f 9159 9098 9253
f 5557 5689 5984
f 3046 3146 3215
f 10864 8725 12202
f 2885 2796 2845
f 2957 2922 2956
f 9116 8636 8896
f 2884 2882 2952
f 7792 7693 7883
f 8464 4037 10416
f 7693 7597 7596
f 12892 2674 5659
f 6977 6863 7291
f 2724 3111 6201
f 6125 5705 199
f 11229 611 610
f 2848 2922 2924
f 5395 8631 5393
f 6977 7408 6978
f 6869 6867 7178
f 2004 6989 13589
f 6768 6555 6670
f 2884 2844 2882
f 10359 284 281
f 6973 6765 6764
f 14280 8013 8076
f 7697 4865 4439
f 5610 4861 5124
f 10590 3478 7267
f 7186 7302 7620
f 11410 14114 12998
f 6569 6288 6682
f 10380 2316 5673
f 14154 13779 13449
f 6986 7095 7183
f 7626 7422 7624
f 6125 5846 5705
f 6087 6046 6112
f 5866 5818 5844
f 11258 12344 10076
f 11092 12679 11093
f 6422 6687 6424
f 4857 11722 10803
f 8151 9662 8148
f 5708 5573 5846
f 11786 6293 6354
f 2863 9939 11629
f 9361 5390 6702
f 13986 7702 8843
f 4351 11073 10224
f 5210 12092 11959
f 2354 4483 2356
f 11662 8472 8407
f 12504 12495 12882
f 2013 10937 8932
f 9392 128 3504
f 2497 5119 8608
f 7656 11314 7750
f 1886 5362 2215
f 14232 2801 11355
f 11923 11145 5955
f 13586 12234 6328
f 6806 6747 2579
f 5138 5616 5136
f 6528 4822 9866
f 10982 12070 12642
f 5245 3663 3585
f 6380 74 3304
f 5107 3553 8290
f 1933 2269 2135
f 4885 5614 10427
f 5520 13577 13642
f 11107 13051 2612
f 7962 7793 8025
f 12125 11848 12026
f 10857 3338 4728
f 6382 10095 5026
f 3667 12560 5256
f 9495 10648 9459
f 4862 1740 5333
f 9957 9813 9891
f 1099 9069 128
f 4600 6145 8677
f 9944 11025 6083
f 3477 4717 5869
f 2617 11880 8859
f 4060 4137 4061
f 4227 3276 3273
f 12457 12414 12455
f 14134 12386 3860
f 12413 12733 13127
f 4741 4778 5692
f 5622 4759 5567
f 6881 9976 12913
f 7142 7218 7222
f 10057 9919 9978
f 3220 3171 3169
f 1846 1937 1843
f 10217 10216 11601
f 2902 2830 2873
f 4879 7741 4028
f 9247 9341 9343
f 13227 1539 10039
f 4612 3684 8831
f 9332 9279 9386
f 13991 1169 1168
f 2717 2714 2786
f 2941 3031 2978
f 6836 6732 6731
f 8532 9104 8765
f 1687 2696 13993
f 2712 2829 2830
f 11667 183 157
f 2873 2826 2939
f 10217 11601 6653
f 6397 14025 8617
f 11441 10217 6652
f 9244 9338 9341
f 2717 2698 2714
f 2873 2830 2829
f 2755 2719 2754
f 6344 6216 5927
f 3805 3713 3804
f 13925 11819 13524
f 2756 2702 2755
f 1042 830 3595
f 9301 8452 9307
f 417 3962 586
f 3804 3841 3805
f 8943 8826 8879
f 3789 3787 3790
f 246 4318 5232
f 4716 6598 8926
f 2842 2841 2914
f 9258 9208 9205
f 11942 1039 1651
f 3034 3035 2946
f 6314 6389 9358
f 9160 9049 9159
f 321 1042 3595
f 4921 4656 4704
f 1233 1040 2984
f 5488 5618 13631
f 8992 8947 9048
f 8673 8724 5599
f 3226 3328 3228
f 8714 9537 3376
f 9254 9253 9295
f 12688 8322 12523
f 2921 2847 2887
f 9408 5281 6584
f 1087 8664 10677
f 2645 433 5825
f 7536 6584 5281
f 3002 3001 3042
f 6577 3627 6603
f 3041 2995 3091
f 3811 3006 11949
f 12069 7273 11850
f 17 12855 5554
f 6105 1424 6106
f 8492 5815 6375
f 3733 5825 5686
f 61 481 2762
f 6756 1397 6540
f 2850 2852 2765
f 2926 2888 2924
f 5209 6898 7564
f 6918 6425 3043
f 12226 12257 12303
f 2322 5627 6946
f 10353 10354 9411
f 7170 7288 7403
f 4508 2822 4816
f 3766 11564 3767
f 10633 11045 9177
f 5691 5557 5984
f 5279 4981 5414
f 8407 6601 2732
f 6867 6866 6978
f 10920 2333 1942
f 8432 8346 8345
f 6277 6407 6408
f 4690 5413 9412
f 2868 1565 2583
f 9563 9673 9568
f 6168 4968 5120
f 13203 6428 2769
f 7907 7715 7714
f 2733 2735 3037
f 2735 2816 2739
f 5158 4048 4056
f 8846 7640 11795
f 6668 6404 6551
f 3294 3085 3295
f 9909 2411 498
f 11185 6957 5862
f 8337 2637 13495
f 7619 7302 7522
f 12504 10959 12482
f 3090 6231 3135
f 9566 9559 9578
f 8180 8345 8346
f 11132 670 37
f 7295 6992 9221
f 1898 13514 10260
f 5577 6567 5848
f 4678 4998 5147
f 12515 728 12721
f 13816 13615 13460
f 5627 5631 5629
f 10436 6438 7231
f 5398 13700 11070
f 5630 5629 5631
f 9682 9753 9968
f 12382 12348 12307
f 14058 12234 12248
f 4827 12804 4492
f 2202 2372 1906
f 12290 8960 11887
f 10095 4728 3338
f 7569 38 82
f 7913 13551 7818
f 5603 4965 6159
f 8192 121 2075
f 13109 9286 10517
f 4513 5697 4971
f 2935 1807 558
f 6315 6170 6495
f 7676 7047 5359
f 8416 143 102
f 5175 5194 4882
f 2584 5581 5335
f 5264 4013 4651
f 1946 12660 11605
f 6831 2683 13780
f 11466 2516 1130
f 6153 6115 6127
f 5584 4778 5563
f 5485 4502 2006
f 13104 8940 13152
f 13509 13605 13621
f 10439 10322 9356
f 3283 3480 9174
f 4450 5028 9001
f 9276 9278 9185
f 5178 7193 10270
f 13526 13977 13455
f 9275 9327 9181
f 3142 3096 3042
f 12105 2718 5510
f 2786 2714 2785
f 13562 13276 13560
f 10549 10551 10407
f 10217 6653 6652
f 243 333 375
f 3178 11250 11386
f 2755 2754 2835
f 10355 5462 7020
f 2991 2909 2947
f 2756 2755 2836
f 2836 2755 2835
f 8984 8937 8824
f 4100 7348 12100
f 3093 3041 3141
f 14155 96 13374
f 9244 9154 9242
f 1403 2657 10756
f 5869 6015 10442
f 3711 3804 3713
f 12372 9712 9397
f 3737 3696 3822
f 13162 12843 13510
f 3183 3141 155
f 8958 8957 717
f 7037 397 10562
f 13469 12216 12761
f 9057 8954 9052
f 3001 2998 3094
f 4813 464 9942
f 12980 10693 1170
f 6201 13533 2704
f 6837 6836 7141
f 7577 7373 7576
f 12660 1946 8343
f 9297 11159 2721
f 717 8957 9795
f 12220 6293 3963
f 14084 7463 11786
f 2847 2921 2799
f 6419 6413 13712
f 7348 1208 7542
f 756 1713 1840
f 2640 7055 11515
f 13039 2116 13213
f 9211 9209 9208
f 5099 819 681
f 6676 2760 2790
f 2844 9211 2842
f 12097 1180 3205
f 1106 1986 1443
f 2957 3146 3046
f 10202 7967 9507
f 3640 905 13878
f 5527 13863 1692
f 13388 13438 13478
f 13330 8491 2731
f 2926 3047 3004
f 3522 6825 12552
f 3004 3149 9507
f 7278 575 4855
f 11850 11066 11142
f 10202 6423 10864
f 2803 2766 2852
f 2349 2347 3836
f 10202 12202 92
f 7578 7580 7491
f 6739 6737 11208
f 7072 6755 6959
f 2665 5625 4673
f 5048 4664 5046
f 8385 6699 8295
f 12296 5934 12333
f 5192 5231 3406
f 4899 4040 4824
f 1294 11780 11066
f 9151 9036 4243
f 7272 7386 7492
f 7602 7504 7503
f 7690 7390 7389
f 12282 12307 8670
f 3181 8389 13196
f 6108 6106 6107
f 9663 2357 3147
f 7290 7170 7403
f 3055 3014 2963
f 6168 2742 2743
f 6398 6108 6107
f 4821 4660 4981
f 765 695 817
f 7400 7288 7169
f 8292 8288 7873
f 10285 10366 10367
f 6675 6410 6673
f 6977 6978 6866
f 13827 13123 13014
f 1274 6972 6971
f 5120 4799 4961
f 2893 2857 2817
f 12283 12290 11120
f 5678 10577 2265
f 3281 3229 6044
f 389 4869 2975
f 5358 12533 5339
f 8359 9210 9663
f 6679 6414 6775
f 8698 390 14023
f 6276 6116 6404
f 5662 1765 485
f 6675 6673 6866
f 2487 2312 1662
f 5708 5432 5573
f 8415 12631 10938
f 13356 13649 13651
f 7622 7620 7716
f 12534 12632 11714
f 7302 7183 7522
f 7186 7183 7302
f 12379 12303 12376
f 6679 6872 6778
f 13503 10116 227
f 2336 2335 13066
f 5433 5148 5147
f 13625 13642 13577
f 14019 3 4117
f 13349 13536 13173
f 11433 4900 5086
f 8160 8419 12271
f 5077 4994 4997
f 9031 9362 9364
f 9031 12992 8909
f 5653 5658 5003
f 5301 4903 10160
f 813 1781 8064
f 4784 4767 5153
f 7228 11326 12583
f 10403 11650 3364
f 7127 7205 7206
f 1403 10756 2019
f 247 4147 250
f 5464 13426 2369
f 4587 13061 6012
f 4554 4708 4820
f 9933 2593 7858
f 4627 3986 4070
f 5453 8367 12522
f 12758 12729 12699
f 5387 10159 5046
f 12591 12519 11270
f 12341 12450 11481
f 10084 920 863
f 12088 11464 12087
f 12727 12785 12728
f 3707 7916 3818
f 5572 5575 4901
f 4923 4591 4921
f 7821 6787 6501
f 5176 4244 3849
f 2103 12834 10396
f 5071 4375 5873
f 1724 7904 1385
f 8556 9869 12889
f 12106 12295 12294
f 13310 123 13223
f 8077 11015 8123
f 8609 8621 8622
f 2694 12715 6177
f 2941 2832 2902
f 2903 2786 2785
f 2911 2840 2881
f 3885 7128 7071
f 2880 2788 2837
f 2948 2881 2909
f 2760 2839 2840
f 3198 3257 3199
f 2840 2839 2881
f 2790 9258 6676
f 12899 12848 12845
f 11254 11381 13896
f 2701 2719 2702
f 12412 1132 7176
f 2841 2790 2840
f 12341 11500 13784
f 564 13677 1048
f 2790 6669 9258
f 7741 4879 14134
f 9104 2595 8765
f 2949 2914 2993
f 4866 5446 6319
f 6231 3233 3239
f 3179 3134 975
f 842 626 2704
f 6489 6732 9880
f 3263 3321 3325
f 13373 14161 13374
f 9057 9052 9102
f 12287 12270 12246
f 2761 2763 626
f 11538 157 8789
f 9057 9793 9595
f 2276 6143 13005
f 6676 9254 9295
f 2764 2722 2799
f 11424 12031 12033
f 3245 3215 3211
f 3417 3421 2994
f 2763 2761 2798
f 11859 11758 11824
f 7967 3791 2959
f 4128 1321 4618
f 8481 3599 9314
f 2608 1308 1199
f 2957 3047 2922
f 3404 1963 1828
f 3357 3431 3358
f 8469 12184 12246
f 1070 1120 4335
f 1199 1068 2284
f 9947 9122 11741
f 2615 1426 2622
f 3792 6848 1828
f 7919 6667 6557
f 1168 426 13991
f 4463 176 7167
f 12429 12355 12460
f 12312 12267 12311
f 4812 4892 3108
f 5105 5622 2665
f 7386 7270 12023
f 10158 2589 1368
f 6386 4974 4971
f 6756 7072 6963
f 7072 6959 7159
f 2670 2671 10733
f 10899 13340 4465
f 10555 7088 9018
f 2777 2860 2742
f 12978 12448 12647
f 2749 11725 7232
f 11785 11742 11904
f 454 453 6290
f 12427 507 12425
f 6168 1721 2742
f 4507 609 5674
f 11101 5413 10973
f 7290 7608 7405
f 3809 7458 1671
f 4431 3254 12542
f 1951 12151 1924
f 11887 2693 4979
f 7597 7277 7390
f 2775 5842 3743
f 11884 11882 12067
f 12489 464 8606
f 6773 6675 6867
f 6407 6276 6555
f 13073 2309 2454
f 8920 8780 3967
f 8324 11568 3410
f 6279 5992 5836
f 5604 4637 4365
f 4825 1948 14109
f 5839 5699 5992
f 7180 7178 7410
f 6410 6279 6408
f 12126 12881 12473
f 8474 641 3249
f 8169 7982 8075
f 6768 6670 6863
f 12729 12667 12699
f 4664 5387 5046
f 10729 2275 1982
f 6116 5988 6404
f 12217 12491 13603
f 7178 7180 6869
f 9742 9724 9741
f 4278 13698 4735
f 665 5839 6120
f 13654 13359 13762
f 12173 12171 12198
f 5768 4956 4958
f 8054 8231 9465
f 10392 10443 12212
f 7178 6978 7516
f 12392 507 12427
f 7104 7311 7427
f 6696 6309 8263
f 4537 4679 4839
f 3789 8736 8734
f 2335 2336 1615
f 6781 6988 2043
f 3483 3445 3414
f 7210 6527 8347
f 13403 1792 2016
f 8794 9448 8795
f 5567 4828 11615
f 10498 12009 6469
f 5074 1460 5186
f 7097 7025 6961
f 12414 12379 12487
f 12742 12798 12774
f 3074 3166 3169
f 6832 13008 13103
f 13946 3875 14013
f 6618 3736 14126
f 2694 13119 12715
f 6139 9413 13802
f 2713 2695 2712
f 2695 2783 2829
f 5894 3467 5203
f 3448 3447 3486
f 4854 4696 5504
f 10423 8587 13887
f 2982 2903 2978
f 3316 3257 3197
f 111 2531 122
f 8197 4252 10547
f 2736 12957 12938
f 9237 9147 9236
f 2579 6747 1836
f 2873 2939 2902
f 10338 938 10407
f 2718 12105 2717
f 2907 2835 2905
f 3226 3206 1215
f 12861 13042 12952
f 2836 2835 2907
f 7892 4612 6207
f 10291 10131 10129
f 4736 5580 4009
f 2879 6310 6578
f 3086 3087 3035
f 3183 3093 3141
f 3038 2991 3087
f 10969 2760 6676
f 11729 1279 12808
f 2986 3080 3124
f 2840 2790 2760
f 2841 2840 2911
f 3461 3533 3463
f 2847 2798 2887
f 1972 3385 3379
f 3135 3180 3091
f 2847 2722 2763
f 2722 2704 2763
f 2914 2841 2911
f 1215 3206 3225
f 9793 2796 9595
f 11489 13017 5684
f 11268 13533 11686
f 2721 10969 9297
f 12229 12201 12260
f 11774 6891 7091
f 3141 3041 3091
f 1502 1432 1431
f 8426 13712 13271
f 6486 6489 6599
f 3149 6423 9507
f 3931 4007 3969
f 4345 3006 10653
f 11960 12072 11206
f 12233 5236 5518
f 3146 3044 3096
f 10034 1899 7978
f 8429 8255 8340
f 12748 6956 12924
f 12798 12738 12797
f 2360 1830 3836
f 8674 13815 1835
f 3046 3047 2957
f 4997 4980 5077
f 4348 5001 13458
f 1739 1937 2586
f 6190 9007 9006
f 4847 4843 4840
f 12402 13530 12394
f 5925 9661 2960
f 2353 2354 2356
f 6341 12644 14129
f 5925 10108 9662
f 2889 2812 2769
f 2963 2889 2771
f 11401 4961 9344
f 13079 11038 13294
f 5480 5478 5511
f 3056 3014 3055
f 10959 12504 4442
f 7964 7779 7872
f 11515 12295 2641
f 3883 11811 10214
f 3188 3191 2333
f 7876 7966 8061
f 1621 2488 10023
f 6755 7072 6756
f 12299 12572 37
f 8845 1578 14197
f 7393 7072 7159
f 6265 5375 6107
f 2301 9172 6102
f 12198 12195 12221
f 7894 7986 7703
f 3337 3397 3357
f 8235 8156 8321
f 7403 7288 13658
f 1586 8727 8729
f 1865 9146 10972
f 4781 5035 4730
f 176 177 4522
f 8068 8067 8240
f 12560 3667 5501
f 7699 7508 7505
f 8104 5754 6932
f 11396 11395 11439
f 8172 8078 8336
f 7363 12508 13381
f 4810 5379 4865
f 5107 6658 5108
f 1162 3026 8171
f 6548 6759 6857
f 7260 7109 7105
f 4902 4888 4994
f 4722 2166 8554
f 6963 7280 6965
f 7343 7425 7264
f 7172 7170 7290
f 9868 2090 1089
f 8635 8636 8637
f 13313 13310 13223
f 6948 6021 6883
f 1465 317 12520
f 5731 5701 5730
f 7180 7519 7299
f 8386 8383 6741
f 2394 8450 2393
f 7344 7257 6345
f 5430 5145 5143
f 9595 2761 626
f 3435 5192 11432
f 13646 13439 13536
f 6122 665 6412
f 9315 11836 10604
f 7507 3410 1166
f 5656 2665 5622
f 2653 915 5064
f 6972 6764 6763
f 6778 6565 6679
f 4751 8324 11402
f 5056 5133 5206
f 7622 13885 7305
f 1261 8848 9423
f 2829 2712 2695
f 13086 6696 13409
f 2830 2785 2712
f 2783 2694 6177
f 3196 3119 3171
f 12619 3160 6475
f 8260 8346 7847
f 5509 9341 12656
f 4923 3985 4591
f 6286 1259 6284
f 8318 11030 6177
f 3328 3226 1215
f 9649 9870 12168
f 11569 12413 11622
f 9150 9241 9283
f 3518 10050 9054
f 10217 9336 9333
f 9295 10969 6676
f 3161 7636 8446
f 5510 2719 2701
f 3329 3386 3352
f 3858 3737 3822
f 5306 5217 5269
f 2914 2911 2992
f 13726 14261 11834
f 3134 3206 3226
f 2871 4454 10302
f 2912 12923 3368
f 2232 7008 2629
f 3576 3698 3658
f 396 458 505
f 1215 3225 3263
f 9793 9057 9102
f 3287 3077 3284
f 189 789 7167
f 11268 2397 8958
f 9102 9164 9793
f 5328 3846 4223
f 9253 9098 9289
f 3209 32 3096
f 9793 2795 2796
f 8222 12582 3462
f 10021 10864 3217
f 2347 2590 3836
f 2926 2924 2922
f 1463 13135 7
f 6747 8821 7735
f 64 13197 7992
f 2349 5242 2347
f 10981 8159 10979
f 7140 6337 3856
f 7942 5195 5695
f 1136 2431 14104
f 7539 7825 3550
f 11088 9073 6242
f 3213 9663 9210
f 2147 12847 9426
f 8404 8471 8472
f 12152 8297 12153
f 9255 5674 609
f 3659 7564 1235
f 1221 9199 4634
f 3056 3055 13016
f 4507 5674 2643
f 10188 12687 2824
f 11385 11301 11461
f 10054 8270 11285
f 5765 12426 7561
f 734 12577 733
f 2664 4885 4959
f 4494 10745 8374
f 7256 7484 7379
f 3108 10376 4725
f 1815 9737 1817
f 5403 5253 10219
f 13746 13458 5001
f 10948 5249 2328
f 9757 3718 13787
f 8918 2539 9631
f 9550 9231 11474
f 13925 11376 14009
f 7877 1860 7878
f 11274 11105 11276
f 7382 1214 7587
f 287 373 290
f 12023 7273 12069
f 11751 12070 1892
f 4187 4322 4814
f 6634 6493 10042
f 8698 7007 11479
f 3009 10865 3051
f 11360 13392 4789
f 11792 13976 11737
f 12278 6683 12305
f 6395 3092 9892
f 11743 7258 12642
f 10021 12297 8725
f 13032 4398 4531
f 8221 10375 8141
f 8238 8412 8414
f 8487 8316 8402
f 13732 711 5244
f 1146 1344 687
f 1705 1291 1011
f 10789 10899 10879
f 2810 9404 11137
f 4873 4104 5623
f 13267 10303 9107
f 11594 2738 2734
f 7393 7159 7277
f 8638 8346 8432
f 1989 7355 7437
f 921 832 886
f 708 9626 181
f 9275 8320 9327
f 7983 7699 7982
f 2785 2713 2712
f 13119 2695 11601
f 6756 6540 6755
f 3069 3074 2977
f 7057 5499 11465
f 118 12761 12609
f 1773 13661 13450
f 7792 7598 7693
f 2410 3192 2409
f 7608 7403 7607
f 2880 2837 2908
f 6548 6269 6398
f 5679 482 5680
f 8145 8225 8055
f 7703 13658 7701
f 3122 3124 3080
f 207 12604 6582
f 11676 11760 11943
f 6555 6668 6765
f 1514 1782 13875
f 2911 2881 2948
f 6288 6565 6682
f 6673 6407 6768
f 3038 3087 3130
f 9297 9289 9251
f 6412 665 6120
f 2301 849 12468
f 3179 3233 6231
f 7164 7025 7162
f 11312 5510 2701
f 3263 3328 1215
f 2992 2911 2948
f 5704 5143 5142
f 3134 3226 975
f 3130 3225 3206
f 3228 3328 3379
f 9164 9102 9209
f 6778 6682 6565
f 8954 9795 8957
f 7186 13835 7183
f 9102 9052 9101
f 2952 2949 3040
f 9253 9289 9295
f 3004 3047 3149
f 5573 5432 4998
f 3044 3042 3096
f 833 6685 6878
f 3282 10021 3217
f 13302 5793 4474
f 13471 13430 13214
f 5402 13721 2904
f 7457 7374 918
f 6077 7772 12619
f 10491 13412 8443
f 7299 7092 7180
f 8062 181 10680
f 11067 1508 2519
f 8842 1413 123
f 8148 9662 9778
f 6565 6414 6679
f 6390 5072 11100
f 11752 9087 3048
f 3037 3036 11503
f 5161 5208 4866
f 8358 1484 9323
f 2964 2893 2891
f 12319 11401 12320
f 3101 3054 3153
f 149 151 116
f 5440 1806 11150
f 29 8523 27
f 2963 2929 2889
f 5674 9255 2469
f 4726 1200 5154
f 668 630 584
f 12717 12697 13331
f 6179 6460 6814
f 4717 4731 6598
f 7322 5881 7119
f 78 63 13915
f 7082 7004 10598
f 10487 4906 6370
f 5116 6794 4928
f 14166 5094 4730
f 5031 4932 5032
f 9973 5101 11399
f 12155 10011 9862
f 4358 2306 4362
f 13923 11167 10904
f 4691 13577 2174
f 13692 1001 2388
f 8289 6479 4033
f 9973 185 5101
f 4656 4629 11657
f 5758 13078 7992
f 7221 7122 7461
f 8873 4966 12034
f 9847 7480 9967
f 5470 4987 4994
f 4762 13587 11846
f 9974 10253 10262
f 6511 9188 3110
f 6101 6103 6085
f 9285 12830 9304
f 8999 1600 1342
f 9032 8241 8243
f 4885 4324 5162
f 6619 6557 6671
f 10355 5224 6817
f 7653 7004 12245
f 4261 506 11788
f 2181 3066 4499
f 4926 12293 3247
f 9835 11214 9834
f 12019 1537 12018
f 13295 7042 6832
f 2506 4324 2664
f 4084 7549 367
f 10272 11898 5621
f 7256 7052 7147
f 12924 13006 12748
f 4843 4844 4719
f 4730 5312 5032
f 10813 5342 14153
f 4875 2950 2192
f 9235 9141 9185
f 2903 2982 2877
f 2978 2980 2982
f 6194 4099 3027
f 10407 938 10549
f 3448 3486 3517
f 9823 5112 9825
f 12022 11570 11482
f 3031 2941 3074
f 5508 14262 13099
f 13524 11816 13523
f 3220 3286 3255
f 11441 9336 10217
f 3374 3317 3373
f 9295 9289 9297
f 9250 9347 9251
f 3089 3179 3090
f 9289 9203 9251
f 2702 9345 2701
f 3039 2948 3038
f 2992 2948 3039
f 12145 1151 12639
f 7390 7277 7276
f 8726 12145 11589
f 7272 7270 7386
f 9543 3616 3540
f 3148 3046 3215
f 3230 3329 3352
f 2845 2795 2793
f 6109 6108 6269
f 8835 8953 8836
f 2846 2761 2796
f 8953 9052 8954
f 10237 13378 10478
f 2956 3044 2957
f 3622 3581 3543
f 2428 2425 10671
f 433 5820 241
f 1835 7735 12315
f 13815 6052 1656
f 3397 3431 3357
f 6109 5827 6108
f 7980 7795 7794
f 10282 10209 10279
f 7419 12062 9806
f 7282 7394 7503
f 2391 4769 4651
f 5204 3873 5528
f 14011 10764 13442
f 473 475 1246
f 481 24 7645
f 8522 8336 8519
f 7794 7695 7887
f 9251 9347 11159
f 11810 11809 11101
f 3100 9661 8057
f 581 11101 10973
f 3014 2929 2963
f 9210 9323 3213
f 1944 7769 6531
f 2816 2735 2813
f 13016 3101 6044
f 11101 581 11810
f 2287 12576 8671
f 3151 3153 3100
f 6876 6780 6682
f 8933 7088 11096
f 7566 12359 849
f 10851 10456 11877
f 9618 9584 9656
f 1764 5558 2968
f 13381 12508 13295
f 1155 13989 13797
f 13172 13452 13853
f 5200 2344 2181
f 1947 11018 11455
f 5186 4751 5074
f 7312 7427 3948
f 4138 4951 5088
f 5805 5864 5844
f 9698 9511 9510
f 9823 9799 9820
f 2015 12695 12371
f 10455 10523 10525
f 5970 7067 5718
f 8089 8213 8090
f 9497 1506 1657
f 5335 11807 2584
f 10160 4637 5301
f 11406 4691 2174
f 5425 915 2169
f 5438 5110 11390
f 10695 5164 5163
f 5711 728 12719
f 1989 7437 1689
f 7877 5530 5533
f 3124 3084 2986
f 10919 3341 9443
f 14279 5848 6002
f 5719 4817 9890
f 3186 13091 6508
f 7218 7142 7138
f 11840 9087 11752
f 10820 8096 13968
f 2344 2340 2341
f 11718 11717 14206
f 6077 6828 6923
f 4973 5304 5291
f 9062 11040 3558
f 8028 5618 4386
f 5333 5176 5483
f 3998 4700 5257
f 10272 2320 5422
f 14150 5044 1647
f 9784 1190 12316
f 3477 5869 4633
f 6596 1400 3371
f 7193 5178 7037
f 8337 3600 3465
f 7330 7938 9872
f 3401 3362 11796
f 8396 10818 2962
f 2980 3119 3120
f 6910 6332 7563
f 3403 12112 6121
f 4240 4611 10543
f 12090 11129 10741
f 2815 13409 6098
f 2630 2662 2420
f 7643 7853 2409
f 3444 3367 3479
f 8912 7642 3556
f 3128 3034 3127
f 12584 9018 9011
f 4386 3639 4911
f 8297 8126 8210
f 2783 2695 2694
f 13437 7461 5436
f 8782 9780 7436
f 3258 3257 3316
f 3120 3197 3198
f 8534 8535 8350
f 6728 9580 1874
f 2832 2830 2902
f 3805 3808 3713
f 9124 4742 9028
f 3347 3258 3317
f 2835 2754 2878
f 3034 3086 3035
f 1596 1594 1592
f 9331 1966 13144
f 2702 2719 2755
f 9543 3496 3576
f 11583 11353 10909
f 3044 3146 2957
f 3658 9543 3576
f 3094 3093 3183
f 2884 2793 2844
f 8711 8659 8836
f 9052 8994 9101
f 11701 10465 13515
f 7881 7688 7785
f 3148 3047 3046
f 9205 9160 9254
f 8150 7964 8056
f 2885 2845 2917
f 2954 2885 2917
f 12629 11783 11462
f 2077 4534 6219
f 9463 9394 4895
f 28 12202 6244
f 8821 12297 12315
f 1145 13771 2890
f 7136 2792 7214
f 12806 1547 3544
f 4677 9541 6425
f 8470 12448 8379
f 7494 7155 7272
f 13967 2438 13636
f 12595 8936 9039
f 11551 11464 12081
f 2893 2964 12576
f 12248 12234 13586
f 7070 6945 7155
f 9412 5087 4690
f 3151 8057 11753
f 13361 13272 13474
f 2816 2854 2891
f 7964 7872 8056
f 7505 7795 7699
f 8329 8562 8331
f 11753 13724 13299
f 3037 12320 3036
f 8338 8173 8172
f 7969 8061 8156
f 8488 8230 8316
f 5825 6105 6106
f 7393 7277 7597
f 2113 13256 2109
f 7691 7690 7881
f 3101 3011 3054
f 5210 11959 12411
f 13332 8506 6294
f 9644 9723 9435
f 10968 8698 11479
f 9340 9419 4519
f 13186 2501 4621
f 7282 6965 7394
f 11852 8522 11973
f 7504 7602 7505
f 7504 7282 7503
f 5281 12688 6801
f 2945 2905 2878
f 6971 7169 1274
f 10443 1810 12212
f 5291 5284 4973
f 3426 7877 5533
f 6159 3053 5603
f 7805 7610 7706
f 1863 9231 3252
f 6670 6765 6973
f 10444 10515 10445
f 9976 8604 12913
f 7405 7291 7290
f 13623 10785 10789
f 8875 5024 5026
f 7421 13885 7623
f 4017 4801 4806
f 7620 7622 7186
f 7716 7623 7622
f 10441 7697 8052
f 8635 8526 8896
f 10444 10292 10291
f 2268 4146 12645
f 5681 5534 2025
f 7997 7714 7811
f 5021 8875 5237
f 4723 4719 4844
f 6100 7606 7601
f 7522 7183 7095
f 7100 7305 13885
f 6569 6289 6288
f 9212 13593 13596
f 3689 3759 3691
f 7996 8088 8183
f 6565 6286 6414
f 6984 6774 7092
f 7421 7422 7188
f 7100 7984 6878
f 12610 6692 12719
f 5191 8916 3438
f 35 105 77
f 8931 8933 1888
f 728 12894 12721
f 11909 13605 11808
f 8598 8597 8737
f 13587 1907 880
f 10877 7911 5185
f 13474 13473 13216
f 6486 6631 6489
f 5284 1512 4973
f 6092 5292 4805
f 2072 2071 2553
f 13968 10375 13700
f 3558 5355 9062
f 4030 5107 5385
f 6688 5202 4700
f 7464 7301 7527
f 8982 9085 9148
f 863 3927 10084
f 11118 9060 6323
f 101 1243 10071
f 1866 2150 2552
f 3196 3171 3220
f 7595 8604 9976
f 10506 2107 5613
f 13940 14033 14034
f 3314 3194 2410
f 11939 11347 11901
f 8437 8372 7643
f 3192 2410 3194
f 10556 3078 3618
f 3124 3122 3199
f 2878 2787 2877
f 10467 5330 10535
f 2760 10969 2758
f 1084 5868 2692
f 3067 10551 4707
f 13371 12520 5180
f 3119 3031 3171
f 5349 5338 4234
f 5450 3480 3283
f 1434 14172 536
f 6764 6668 6763
f 6653 2714 2698
f 3119 2980 3031
f 4414 2508 12050
f 11304 11836 9315
f 8366 11144 11143
f 3166 3069 3192
f 3255 3316 3197
f 2991 2947 3035
f 10420 10496 14175
f 975 3233 3179
f 3239 3233 3265
f 3427 3390 3332
f 3089 2992 3039
f 2778 946 247
f 2882 2842 2914
f 8837 8711 8836
f 3969 1649 3857
f 9258 9254 6676
f 13344 13334 2979
f 3433 4004 7978
f 7363 11084 11249
f 7869 7774 7958
f 713 12680 5359
f 2919 2846 2885
f 9294 3392 9071
f 6534 7704 6491
f 11415 2626 5421
f 8674 12315 6693
f 3811 9214 14135
f 5252 11673 5666
f 4019 9260 10816
f 8594 8718 11460
f 11889 12629 11462
f 7789 7574 7681
f 4687 6928 7850
f 11046 4442 12504
f 7049 6843 6735
f 10239 11655 10986
f 8145 11802 8482
f 10003 10785 13397
f 2769 2812 2813
f 7494 7492 7590
f 12145 8726 8718
f 7389 7494 7688
f 13632 13214 13630
f 6751 6755 12024
f 3281 11723 1487
f 2817 2777 2739
f 3167 338 994
f 3011 3055 2963
f 9661 9662 8151
f 14119 13936 12110
f 5467 2123 1175
f 6068 5962 6031
f 4468 4725 11103
f 12024 6755 6540
f 13506 13695 13472
f 8718 1151 12145
f 1133 1096 1055
f 8726 11589 12057
f 7743 13624 4490
f 7690 7688 7881
f 2611 951 6457
f 12024 1333 2392
f 5914 2366 2680
f 9087 11840 14174
f 12901 12857 3455
f 6550 6269 6548
f 11363 14259 10806
f 8652 4819 3659
f 8638 8639 7847
f 11273 5521 11279
f 7703 7701 7894
f 6577 6603 8677
f 13052 5670 2989
f 8081 7898 7897
f 13658 7607 7403
f 11165 2041 9489
f 13875 1782 743
f 8068 7691 8067
f 5024 5021 5408
f 188 789 189
f 5586 5587 10646
f 10183 10689 10694
f 7794 7795 7602
f 7408 6977 7291
f 7769 1944 7768
f 6120 6279 6410
f 9849 9775 1734
f 11141 6504 10891
f 7711 7903 7996
f 9376 13832 5690
f 8393 8465 8466
f 4808 4591 3985
f 5165 5423 5424
f 11807 5335 13487
f 7100 6781 2043
f 8660 8657 7203
f 13835 6986 7183
f 7092 7299 6984
f 10442 5566 5869
f 2056 10099 2055
f 9159 9049 8992
f 6568 12009 11609
f 13035 138 12470
f 7907 7714 7997
f 7942 4349 5443
f 6774 6773 6869
f 12398 12482 11811
f 2572 932 9256
f 7890 7793 7962
f 4976 5356 5257
f 5355 5352 9062
f 9936 14250 9740
f 13577 4691 13625
f 7684 7789 7888
f 5598 9949 3366
f 3033 2743 2742
f 3344 3286 3370
f 7909 13494 7816
f 3837 2236 2387
f 3169 3031 3074
f 7051 3192 4099
f 9295 9297 10969
f 3344 1446 3288
f 2878 2754 2787
f 1841 3992 6438
f 7308 6568 7984
f 9617 3757 4411
f 6653 2698 6652
f 3565 3449 3520
f 3257 3198 3197
f 13197 95 7992
f 2596 3297 9932
f 3223 3199 3257
f 3202 3086 3128
f 3034 3128 3086
f 3490 4044 4590
f 11707 11459 10220
f 5605 2308 2161
f 3129 3087 3086
f 4392 10613 4879
f 3120 3198 3122
f 4265 901 4140
f 3133 3039 3038
f 3534 3469 3494
f 2702 2756 11162
f 7797 5092 12902
f 3040 2993 3090
f 3888 3498 3501
f 9804 9828 13168
f 8957 8836 8954
f 9595 9795 9057
f 5611 10847 5022
f 1402 1261 12169
f 6323 8563 4026
f 4909 3639 3638
f 2909 2880 2947
f 2793 2795 9164
f 3209 3096 3142
f 12249 12860 10203
f 2955 2919 3001
f 7349 7221 7461
f 1400 6596 6351
f 626 717 9795
f 3580 3620 3621
f 10324 4834 5082
f 11379 12856 13719
f 826 827 749
f 4759 5622 5105
f 10786 649 10846
f 10789 10785 10786
f 13830 11814 11817
f 1309 7298 7627
f 2745 8148 6290
f 9014 9015 9013
f 3137 2437 8666
f 1612 800 150
f 4811 11958 10987
f 3781 5146 5149
f 14175 3934 4015
f 7874 7682 7779
f 4004 6599 6489
f 11396 11439 2506
f 6150 6153 6127
f 6086 4802 10483
f 10108 8737 8597
f 11468 10842 10841
f 4791 4793 4831
f 12018 1537 12061
f 11865 12075 12078
f 3586 9650 4155
f 1001 10485 2388
f 7258 7380 7487
f 13044 11257 11205
f 8319 8233 8153
f 5575 4835 4635
f 1028 9718 409
f 12117 9707 12053
f 8145 8482 8225
f 4793 4562 4794
f 7950 13469 12761
f 8585 8487 8402
f 5466 5444 5454
f 10029 5403 5310
f 4238 4297 4196
f 545 10286 6642
f 7710 11435 7511
f 5551 5656 5550
f 14005 4650 5593
f 6181 14233 12657
f 5515 2320 5516
f 7977 8068 8163
f 11178 4933 3553
f 5089 5431 5427
f 4445 12640 4892
f 10431 10279 10281
f 8150 8056 8227
f 7389 7155 7494
f 11474 3667 5256
f 12665 428 12611
f 6853 1397 6756
f 8235 7970 8156
f 11052 11051 11044
f 8336 8338 8172
f 5975 6384 5996
f 7489 7260 7259
f 11488 11572 11921
f 2877 2786 2903
f 7897 7987 8081
f 7982 7699 7795
f 3201 3223 3260
f 8522 8521 8338
f 6763 6551 6550
f 3069 3166 3074
f 3201 3127 3124
f 9443 3343 9491
f 5702 5840 5995
f 3224 3174 3260
f 3710 3630 3709
f 3367 3444 3414
f 7288 7170 1274
f 3120 2983 2980
f 12101 11668 11953
f 7291 7405 7408
f 3347 3374 3375
f 2832 2903 2785
f 7805 7706 7898
f 12414 12346 12379
f 3325 3328 3263
f 3120 3119 3196
f 7982 7980 8075
f 3224 3128 3174
f 11631 7091 8420
f 3127 3174 3128
f 3810 3721 3753
f 6986 6872 7095
f 2788 2757 2837
f 8077 10469 6827
f 6986 6876 6778
f 9840 9734 6191
f 2993 2992 3089
f 6683 12278 10824
f 8789 124 10192
f 9345 2702 11162
f 12713 13971 10419
f 3277 3245 3243
f 2845 2793 2884
f 3087 2991 3035
f 3180 155 3141
f 3379 3329 3228
f 1637 1044 1149
f 2043 6988 13835
f 10201 3771 3548
f 13223 1413 1411
f 3773 5842 2775
f 3215 3146 3211
f 8644 8439 8535
f 3508 3506 3581
f 6878 6685 6781
f 8137 2772 5657
f 283 340 285
f 12110 13936 11556
f 6286 6284 6414
f 9214 872 12690
f 11556 83 7104
f 11345 3472 3355
f 11389 7274 12624
f 2506 2664 11396
f 5171 878 4565
f 11812 11814 13830
f 7028 5057 4310
f 4690 12150 3354
f 3498 8508 1742
f 11221 5211 5209
f 13914 10003 8218
f 9778 10108 8731
f 1235 11332 3659
f 727 9547 9560
f 13586 6280 6980
f 426 911 7108
f 12 10799 5410
f 3689 3816 3759
f 641 11153 11797
f 6776 964 3697
f 2518 1665 6625
f 5786 1664 3567
f 10827 4596 5604
f 4442 3254 4431
f 3294 2770 3085
f 2506 11439 2056
f 4237 7003 7005
f 2975 1810 389
f 5534 2058 12560
f 2094 1915 2471
f 3573 4283 6813
f 4622 11795 7640
f 10716 5856 6691
f 13239 5496 8560
f 4952 4953 5500
f 4351 10224 2747
f 12977 13138 13161
f 13458 13746 4272
f 11763 4188 9116
f 12640 10614 12645
f 11664 1961 13572
f 4767 4784 5151
f 11664 11752 10933
f 13094 2187 12795
f 7755 7829 7723
f 3401 11796 6083
f 798 946 949
f 6415 7865 2080
f 12483 1954 8708
f 3238 2635 3234
f 6589 6591 1989
f 11455 11453 13879
f 1528 8304 1527
f 1187 1233 1109
f 5206 5205 4939
f 5587 5570 11615
f 7582 7379 7484
f 5251 5396 9835
f 8888 8703 8890
f 11743 12951 14050
f 4861 5632 4897
f 12307 12381 12382
f 12642 12070 12072
f 5424 5482 5164
f 5090 12561 5096
f 12630 11891 11950
f 10736 12155 10240
f 8027 8090 8129
f 7263 7487 7382
f 7677 7869 7871
f 101 10071 10165
f 9491 6211 9444
f 8319 8488 8490
f 8964 621 8893
f 1704 1676 3370
f 4471 1294 6959
f 12011 8585 8313
f 3169 3194 3220
f 3300 3224 3260
f 7971 7881 7785
f 796 8959 603
f 3448 3374 3373
f 3778 864 3591
f 3261 3225 3202
f 2982 2980 2983
f 3651 141 196
f 7896 7703 7986
f 3089 3039 3133
f 3130 3087 3129
f 11785 11904 11681
f 14080 1840 1456
f 7505 7399 7504
f 13595 13235 13913
f 8789 10192 11316
f 3496 3429 3428
f 2721 11162 2757
f 6966 6854 6853
f 6857 6968 7080
f 7987 7986 8172
f 3539 3540 3472
f 3971 3937 3858
f 6664 6550 6548
f 3970 1649 3969
f 13040 5682 14195
f 4012 11266 10812
f 9333 10216 10217
f 3469 3534 3575
f 3469 3535 3470
f 13185 13217 13221
f 7172 6670 6973
f 6866 6673 6768
f 7157 12102 7156
f 3275 3335 625
f 8432 8431 8635
f 2796 2795 2845
f 3351 3349 3423
f 14151 8669 4295
f 2954 2917 2995
f 9057 9795 8954
f 7794 7503 7695
f 11595 8756 11806
f 13434 7558 7349
f 7908 7716 7715
f 8422 8247 8245
f 7990 8340 8255
f 7894 8169 8078
f 8169 8075 8247
f 1830 2360 110
f 13367 13370 13368
f 9245 5018 3050
f 13573 7714 7619
f 3116 6533 7603
f 11814 11812 581
f 8646 13155 8645
f 9635 8218 8216
f 13299 10883 13566
f 9406 3231 7017
f 522 968 5790
f 6988 6876 6986
f 10812 3981 4012
f 13398 6469 12009
f 7811 13573 7616
f 10292 10131 10291
f 9034 9248 9249
f 13379 28 10289
f 6647 6014 5867
f 677 608 712
f 14107 4395 5855
f 8445 386 8137
f 2603 1090 2570
f 802 4955 5668
f 6686 6687 6422
f 11145 11923 11599
f 2526 10580 1911
f 4856 10272 5422
f 7624 7623 7816
f 5466 5501 3667
f 5089 5139 5140
f 14119 14120 14031
f 5535 6156 6070
f 9364 12841 9130
f 7677 7871 7679
f 109 7854 9224
f 4231 10951 4187
f 3750 3551 3333
f 11930 5471 4753
f 382 3762 3590
f 2214 1922 12535
f 4284 9660 11331
f 664 14065 14058
f 3697 1506 6776
f 5822 6837 7141
f 6941 13818 5771
f 4706 3827 3828
f 5391 5783 9846
f 9625 12163 11668
f 1563 9794 11246
f 6586 4620 6919
f 1845 1677 14167
f 11126 11926 5221
f 13238 12689 12696
f 2661 5862 6957
f 4052 4240 4241
f 1835 12315 8674
f 5567 4960 5550
f 2322 6946 5586
f 7079 7078 7142
f 2337 4939 5646
f 11596 9231 1863
f 4584 11325 10484
f 3290 8926 6598
f 13487 5336 4762
f 11463 1100 3870
f 14170 12510 12512
f 12670 2025 13665
f 11432 5195 3435
f 13952 1782 1514
f 5919 14176 3770
f 6098 2976 2938
f 473 14111 1543
f 8636 8635 8896
f 11827 13408 10749
f 5350 6829 5780
f 14219 13710 6049
f 3199 3223 3201
f 3080 2986 2905
f 1997 3591 950
f 586 3962 8395
f 6194 7812 8434
f 12667 12652 12699
f 2433 1072 860
f 2978 3031 2980
f 3120 3122 2983
f 6131 6421 8690
f 1228 1596 2444
f 2636 1231 2302
f 7632 6307 6446
f 3129 3086 3202
f 3465 12875 14123
f 1237 879 10252
f 2948 2909 2991
f 2909 2839 2880
f 2993 2914 2992
f 7771 7774 7579
f 829 4142 4144
f 3469 3390 3494
f 3091 3040 3135
f 3388 3463 3427
f 3091 3180 3141
f 3351 3423 3492
f 1649 3900 3857
f 9208 6669 9211
f 13515 8948 421
f 5842 3825 3743
f 3388 3330 3352
f 8158 7971 8235
f 11483 11751 12144
f 6737 6735 6843
f 9793 9164 2795
f 3987 11855 11891
f 7783 7785 7590
f 3740 7929 3616
f 3321 3351 3325
f 2289 1276 6830
f 455 8216 8218
f 11462 12145 12639
f 7273 12023 7270
f 7971 7785 7970
f 2765 2766 8491
f 776 716 774
f 3535 3576 3496
f 13579 10653 13892
f 10046 3579 11517
f 4783 13608 3006
f 11185 5412 11383
f 38 7569 114
f 219 5549 10842
f 2329 10614 12640
f 7688 7494 7590
f 6274 5834 13818
f 2550 13493 14004
f 11125 5813 7976
f 6857 6664 6548
f 10437 5676 10438
f 8336 8078 8335
f 7857 6467 3118
f 8420 8245 8244
f 6968 6857 6759
f 8521 8427 8338
f 2428 3716 4785
f 14162 8192 2054
f 2521 1699 13559
f 7897 7898 7706
f 2956 2922 2848
f 4114 10289 6806
f 11081 11796 13742
f 14058 12248 14060
f 5058 5056 13504
f 8519 8336 8423
f 4607 13826 1138
f 5595 3874 5555
f 8173 8340 8081
f 12611 428 12612
f 8423 8336 8335
f 6673 6410 6408
f 5157 5160 5153
f 10879 10899 4465
f 13014 2737 13827
f 5329 5437 11242
f 7409 3136 5546
f 8260 8183 8088
f 853 667 987
f 5676 4636 10438
f 6984 6775 6774
f 8646 8442 8267
f 5088 4102 10813
f 7901 7805 7991
f 10101 985 14193
f 7305 7186 7622
f 8093 8352 8094
f 11528 2037 2513
f 2637 8337 2896
f 5024 8875 5021
f 4784 5153 10763
f 9023 8761 9120
f 8643 7973 7538
f 4094 12795 9594
f 2889 2769 6428
f 1205 2252 7629
f 8661 8711 8837
f 13885 7188 7100
f 13178 12984 13077
f 12529 1985 5289
f 9032 11883 8241
f 5151 10857 4720
f 7470 7387 7385
f 3762 303 3590
f 12989 3636 10117
f 2337 2339 4410
f 291 9500 9499
f 12975 7313 11906
f 3150 4475 4476
f 14152 2016 14150
f 6127 6111 6149
f 10806 14259 10518
f 5617 10826 8864
f 10346 10416 10274
f 8916 6217 9006
f 13440 13360 13268
f 2248 10832 12714
f 12942 12893 12916
f 2661 8931 3208
f 3370 3286 3314
f 8620 4372 8617
f 3867 4261 3251
f 3255 3196 3220
f 6320 3273 3278
f 7647 8437 8434
f 5578 7433 7432
f 3725 13579 9641
f 10126 10122 10212
f 9414 8309 7289
f 3194 3166 3192
f 4716 4717 6598
f 2946 2908 2907
f 10535 5477 10393
f 3531 3385 3459
f 3816 3730 3854
f 3492 3528 3459
f 3073 13992 11270
f 4207 3644 4277
f 8366 3750 3327
f 13613 9929 9953
f 13239 3559 6461
f 3521 3601 3523
f 10562 9182 8605
f 5023 10847 3296
f 5161 13759 8532
f 10526 4244 5183
f 8951 3712 1163
f 3390 3427 3494
f 8923 1366 1739
f 11674 11761 11853
f 2917 2884 2952
f 12468 3299 7289
f 3698 3576 3614
f 4762 11846 13487
f 4012 3981 4061
f 2921 2887 2955
f 3961 828 2089
f 2952 2882 2949
f 3859 3901 7471
f 7761 1126 11598
f 3002 2955 3001
f 13126 13089 269
f 2349 1656 6052
f 6701 9408 6584
f 3580 3502 3541
f 6294 8671 5524
f 2235 2726 9219
f 14058 14065 10018
f 8272 9699 9700
f 4790 5448 4226
f 3697 1657 1506
f 6064 5535 6068
f 13016 6044 3229
f 6561 2103 6218
f 13925 13957 11819
f 3794 3818 10242
f 12277 4109 3061
f 11366 12108 11262
f 7872 7679 7871
f 8321 8156 8233
f 5111 4935 3552
f 7590 5125 7783
f 8411 8158 8235
f 12441 7081 12575
f 10017 10016 10077
f 11142 11828 12144
f 8493 8591 1151
f 11685 11749 11585
f 8067 8066 8238
f 427 12460 12501
f 795 745 726
f 9651 10537 479
f 1180 14140 3160
f 8070 10104 6401
f 6256 6141 6280
f 5237 5286 5081
f 1214 7382 7682
f 5539 309 11678
f 3725 11420 4345
f 12222 6614 8804
f 4323 2772 2603
f 5125 1214 7781
f 6159 4228 11912
f 6965 6966 6853
f 1746 7650 1747
f 11702 12001 12130
f 4564 4562 4353
f 4774 4708 4554
f 11993 11035 11967
f 4737 5447 5455
f 6891 8519 8423
f 7166 6966 7282
f 5815 3115 6375
f 3241 3318 3271
f 8335 8247 8423
f 14052 9525 8486
f 12091 7451 5201
f 6382 4728 10095
f 8335 8078 8169
f 7505 7602 7795
f 13937 8883 12225
f 12053 5267 3222
f 12566 12544 12565
f 9007 6146 9006
f 5653 5060 1723
f 2535 848 11037
f 5337 5556 4649
f 10745 9400 10913
f 9716 1794 12111
f 5124 5225 5609
f 1729 1727 1900
f 12211 12209 12235
f 6412 6120 6410
f 9124 8766 8904
f 8878 533 12549
f 6073 7438 9170
f 7607 7703 7896
f 7624 7422 7421
f 5198 6146 11243
f 8346 8260 8180
f 7092 6869 7180
f 2576 11132 11315
f 8085 7901 7991
f 8866 6211 7939
f 7051 4099 8434
f 375 333 1837
f 3201 3124 3199
f 9938 9939 8004
f 5169 400 11253
f 8434 8437 7051
f 4065 2876 3085
f 13754 13756 13646
f 12473 12271 8419
f 8644 8535 8767
f 9128 9028 4742
f 3127 3084 3124
f 4289 8775 3190
f 3225 3129 3202
f 3122 3080 2983
f 3300 3260 3319
f 4733 2488 2491
f 11609 7984 6568
f 3898 3816 3854
f 3569 3647 3606
f 4163 4122 4161
f 155 3267 3268
f 13580 967 4150
f 6258 4950 4560
f 2696 13979 8567
f 8909 8644 4995
f 3330 3239 3265
f 3352 3386 3388
f 3330 3388 3332
f 8021 8283 3460
f 12359 8234 12572
f 755 622 2822
f 4065 9451 9269
f 12286 12317 12241
f 3470 3334 3390
f 11324 10641 11340
f 8284 931 11333
f 2917 2845 2884
f 2846 2796 2885
f 12428 12392 12427
f 32 3275 3243
f 11958 4811 1284
f 6601 8471 13201
f 13378 10237 92
f 9248 12841 9365
f 12336 9634 12298
f 4441 5193 5328
f 6693 4617 3104
f 3243 3275 3336
f 2229 502 687
f 10481 4186 13892
f 1693 1670 1660
f 3142 3207 3209
f 9007 6189 6148
f 210 6400 6621
f 6190 6189 9007
f 8508 1264 3500
f 7951 5747 5109
f 3863 5859 5181
f 12481 12403 12435
f 357 419 358
f 5385 5255 1689
f 7962 8025 8089
f 12855 154 8062
f 13377 7723 7829
f 3755 5093 12104
f 2169 10913 9400
f 1321 5052 4618
f 3045 2870 12281
f 5397 5677 5660
f 13306 1155 1203
f 9440 6287 9133
f 4151 268 267
f 4652 13671 5571
f 3399 3193 4335
f 5301 4555 4927
f 12272 6492 6378
f 9639 8347 8236
f 1240 268 282
f 2780 590 2607
f 7877 1647 1860
f 11912 1792 13403
f 4872 5448 4929
f 3189 835 14080
f 6081 11082 6443
f 11091 11094 2685
f 8574 5365 8922
f 4335 1120 824
f 7521 8328 8792
f 11621 9636 11577
f 3250 6351 6596
f 4647 4685 4648
f 5231 5192 3435
f 11701 9838 11577
f 10485 5356 4976
f 8918 2306 2539
f 7590 7785 7688
f 6047 1347 6046
f 5397 5660 5651
f 8493 8321 8408
f 11850 11142 12144
f 2724 2722 2764
f 8327 8067 8238
f 1888 3208 8931
f 12953 12949 13452
f 9768 5965 4649
f 8493 1151 8718
f 5278 8152 6246
f 12007 12629 12630
f 8826 8701 8772
f 8235 7971 7970
f 8493 8718 8594
f 7492 7386 7587
f 12547 12501 12567
f 8144 8178 8098
f 466 638 10926
f 1757 8424 4403
f 11206 4178 11960
f 14246 14248 8098
f 7128 7127 8517
f 7701 7699 7983
f 3562 3484 3515
f 8372 8437 7647
f 12460 12354 12428
f 14101 11098 6261
f 1667 1668 13253
f 3487 3374 3448
f 6471 6580 6501
f 7896 7897 7705
f 7608 7705 7405
f 6759 6854 6968
f 7598 7280 7597
f 3225 3261 3263
f 9797 14018 13282
f 3084 2946 2907
f 7987 7897 7896
f 3485 3563 3486
f 13658 7703 7607
f 3349 3300 3319
f 47 16 4356
f 2839 2788 2880
f 7504 7166 7282
f 4951 4138 5355
f 9969 10047 9826
f 3427 3332 3388
f 7832 2925 2923
f 4764 7740 4119
f 3202 3128 3224
f 12322 12355 12429
f 12706 12767 12707
f 2995 2952 3040
f 3816 3687 3730
f 3239 3330 3267
f 2921 2955 3002
f 7898 7991 7805
f 3385 3329 3379
f 8085 7991 8177
f 450 10648 9495
f 3207 3271 3209
f 4340 4217 4250
f 6984 7299 7095
f 4120 1684 3780
f 7816 7818 7624
f 4531 4398 8699
f 8184 7907 7997
f 8184 8348 8350
f 7903 7808 7993
f 7410 7178 7516
f 10049 7850 3391
f 1735 1574 1729
f 7903 7993 8088
f 3334 3318 3268
f 4647 4648 4609
f 7903 7711 7808
f 3337 3355 3397
f 3387 379 3190
f 1693 1656 2349
f 10013 10148 9652
f 1622 1670 1830
f 8007 8099 8193
f 4464 4513 4551
f 13965 1462 13964
f 13984 12358 4616
f 8439 8351 8535
f 2193 2862 7163
f 6287 9440 9513
f 10119 1137 1164
f 11893 8307 8477
f 1865 10972 12443
f 12021 11430 11878
f 4282 5373 4285
f 1723 11737 5653
f 12550 12552 6825
f 9257 10401 4276
f 33 6805 601
f 12400 12650 12332
f 4790 4831 4793
f 8609 9313 8621
f 2016 14152 13403
f 7404 82 38
f 12690 13878 905
f 12505 12429 427
f 5349 5218 4426
f 1047 10918 5768
f 2665 4673 7502
f 3568 5171 5305
f 10754 10752 10668
f 1095 13635 4566
f 8259 2324 2646
f 2634 7769 4837
f 7707 8915 6345
f 10032 9891 9888
f 992 13309 10417
f 5875 5114 5113
f 13269 8459 13955
f 13384 5372 1299
f 5618 5611 4386
f 9174 3556 3284
f 6215 6190 6217
f 1638 5319 7642
f 5297 5687 4584
f 4607 1061 13826
f 5165 4775 5423
f 13923 10904 8287
f 761 7221 7225
f 7318 6245 5200
f 5520 5165 10695
f 11327 11426 12684
f 9683 4646 13213
f 2317 4503 2312
f 915 5401 5064
f 3832 4347 4344
f 12503 9906 3061
f 2275 2028 1977
f 11242 5437 5405
f 5609 5225 5588
f 7921 1421 13909
f 8242 5502 4311
f 3367 2677 3479
f 2677 3443 3479
f 13347 3883 6042
f 9358 8320 9275
f 2945 2877 2982
f 3479 3443 14248
f 8011 8013 7845
f 4896 7449 13937
f 8715 4106 4020
f 4827 3794 10242
f 10577 7048 6983
f 7784 8214 8223
f 327 2005 3761
f 7966 8058 8153
f 8561 2478 13829
f 2958 8232 10465
f 7679 7582 7581
f 8321 8233 8408
f 3317 3316 3288
f 3630 3560 3709
f 7783 5125 7876
f 8493 8408 8591
f 3373 3447 3448
f 8412 8238 8158
f 3174 3127 3201
f 3288 1446 3373
f 2908 2836 2907
f 12069 11850 1892
f 3344 3415 1446
f 11950 12054 12630
f 3349 3319 3377
f 3601 3721 3602
f 9641 3164 12572
f 4163 4210 4249
f 3218 8547 7106
f 6994 7481 8433
f 2995 2917 2952
f 155 3268 3241
f 4122 4163 4125
f 11345 625 3396
f 8411 8594 8412
f 7394 6965 7280
f 10072 10149 10014
f 155 3180 3267
f 8067 7691 8066
f 3207 3183 3241
f 3142 3042 3094
f 3135 3040 3090
f 11904 11347 11099
f 2469 2644 2643
f 3539 3429 3496
f 7608 7290 7403
f 1493 6919 4620
f 7598 7597 7693
f 7503 7394 7695
f 3767 11564 8065
f 10170 14 10166
f 9703 6045 6802
f 8422 6891 8423
f 6773 6774 6562
f 11290 11166 12102
f 13261 13632 13060
f 3337 3277 3336
f 7898 8081 7990
f 3277 3243 3336
f 6806 6244 6747
f 3621 3620 2775
f 3859 7471 3823
f 4137 4060 4098
f 7982 7795 7980
f 12315 12297 6693
f 2559 2458 618
f 7610 7405 7705
f 11976 11587 11806
f 9620 9621 9586
f 7167 1125 4463
f 192 12680 789
f 8345 8180 8257
f 3009 3662 4666
f 12202 8725 6244
f 5834 5771 13818
f 8635 8431 8526
f 4206 4079 4115
f 5512 5485 2006
f 11325 4550 2021
f 4673 5621 11898
f 8185 8093 7908
f 11399 5695 5195
f 9983 8154 8155
f 11396 5163 11395
f 2653 5064 2652
f 3584 5610 5609
f 4104 4873 11036
f 189 6000 1081
f 5667 5005 5551
f 10350 13246 8107
f 10813 6528 9866
f 4568 5110 5438
f 1001 13692 5050
f 8644 8767 4995
f 6196 5947 6727
f 8902 7344 8744
f 8137 2774 2772
f 1757 3618 5030
f 13138 7312 3948
f 8009 5111 5001
f 13259 13616 13615
f 8741 2592 8794
f 10061 5537 10129
f 9973 11432 5192
f 7741 7848 3573
f 3327 3750 3123
f 5363 3395 3308
f 5303 5304 5292
f 7782 8355 4964
f 5309 3462 12582
f 2419 2248 1787
f 9989 76 9520
f 10484 10483 4653
f 5672 5260 5220
f 10843 10904 10844
f 13286 13132 13890
f 5587 11615 10380
f 2339 2337 5646
f 13130 10298 10511
f 6319 13759 5161
f 11242 11243 2493
f 5194 3928 4883
f 8197 4611 13345
f 6320 11687 3273
f 4915 4707 5449
f 4271 4853 4710
f 7217 7120 5068
f 6090 9768 13318
f 2820 1842 2781
f 5293 14229 2016
f 4392 7012 9715
f 6083 6081 9944
f 2672 7643 7989
f 7853 2672 3342
f 8861 8178 8117
f 3628 3560 10314
f 10947 10885 10888
f 3383 8675 4604
f 1461 2825 5186
f 2832 2978 2903
f 11034 4753 1654
f 3288 3286 3344
f 3344 3372 3415
f 7459 7223 640
f 4936 14100 13364
f 8437 2409 7051
f 3517 3487 3448
f 3347 3317 3374
f 3129 3225 3130
f 3377 3348 3422
f 12612 428 12666
f 5360 1950 1804
f 3423 3349 3377
f 4115 4201 4204
f 4163 4161 4245
f 12258 685 12601
f 247 4152 4147
f 6575 10630 9965
f 7039 14272 4093
f 767 881 826
f 2839 2760 2788
f 3239 3267 3180
f 4090 4129 4007
f 2998 2954 3041
f 3461 3385 3531
f 1198 679 988
f 2639 3508 3581
f 2956 3002 3044
f 13255 5091 3742
f 3859 3739 3769
f 6230 4214 14143
f 4112 1348 4503
f 2030 12933 13095
f 10680 7541 2061
f 2582 11188 11172
f 7783 7876 7969
f 7054 10289 4114
f 8412 8158 8411
f 8984 8824 533
f 14107 4757 14179
f 10062 13399 5776
f 3987 1151 8591
f 4190 84 11800
f 8829 11950 11855
f 7782 4964 7678
f 5021 11436 5408
f 5487 4655 4630
f 12023 12069 10982
f 10763 10095 4784
f 9082 2729 1890
f 7492 7587 5125
f 10275 10143 2463
f 2423 2121 6278
f 4635 4820 5575
f 8595 8414 8412
f 8078 8172 7986
f 10450 1961 10502
f 12554 10964 4146
f 12946 11085 7481
f 7751 6303 6433
f 7977 7792 7883
f 4134 10674 4177
f 4681 13716 5339
f 7169 6971 7080
f 6963 7072 7393
f 11464 11551 12057
f 8556 9943 8400
f 6222 9967 6220
f 13674 2985 6406
f 8423 8247 8422
f 11084 7363 14211
f 2322 4963 2323
f 12612 12666 12613
f 7987 8172 8173
f 8247 8335 8169
f 2588 1743 2614
f 7596 7597 7390
f 12919 13002 13096
f 6763 6664 6972
f 3260 3174 3201
f 6913 5842 3773
f 3192 7051 2409
f 9353 9120 1554
f 11587 11320 11806
f 3483 3514 3561
f 7990 7991 7898
f 12029 9680 12089
f 3373 1446 3447
f 7901 7808 7708
f 7414 7095 7299
f 7997 7811 7996
f 9310 14066 9648
f 3317 3288 3373
f 3348 3347 3375
f 3452 3377 3422
f 7705 7897 7706
f 3570 3461 3531
f 6872 6775 6984
f 9876 9881 11592
f 6872 6986 6778
f 4206 4204 4242
f 2599 2230 13376
f 7095 6872 6984
f 3457 3423 3488
f 8976 53 55
f 8904 8764 9024
f 5578 3366 6882
f 6637 4343 1280
f 805 8771 12992
f 11412 14040 2387
f 3379 3328 3325
f 9135 6300 2348
f 3904 3981 2130
f 8685 8752 8611
f 3539 3496 9543
f 8775 513 9035
f 3739 3772 3740
f 2998 2919 2954
f 3271 3275 32
f 13885 7622 7623
f 4060 3979 4098
f 2013 8931 2661
f 3358 3104 4617
f 11533 1692 10478
f 7471 3938 3902
f 12485 11143 11144
f 3937 3901 3858
f 7646 1978 3508
f 2347 2346 2590
f 13469 14230 12586
f 2312 4503 1348
f 10614 2329 10586
f 10814 6911 8574
f 5243 4654 4802
f 6217 9631 4059
f 6716 12274 3771
f 4770 3173 6875
f 5695 11399 5100
f 8916 5191 8918
f 4049 16 54
f 11544 10048 12122
f 1264 3498 13393
f 12591 11270 12775
f 5594 3097 4286
f 10391 10244 10243
f 2025 12670 5681
f 12893 12813 12862
f 12156 2144 7247
f 340 1851 13616
f 5469 11407 7026
f 9016 289 9017
f 10404 8197 4699
f 4921 4704 4923
f 8050 641 8474
f 9866 5019 4138
f 7133 7443 13667
f 1985 12529 12528
f 4767 5151 4445
f 4308 4356 16
f 3943 10234 5616
f 2708 9184 12801
f 10350 7615 13639
f 8289 4033 5451
f 6036 5053 9172
f 9885 3092 6395
f 8489 13330 2731
f 3401 5006 4145
f 6048 4159 13568
f 10337 5027 3947
f 6012 3886 11860
f 6575 9965 6574
f 4144 4142 13366
f 288 828 293
f 14149 9556 4626
f 1728 7951 5109
f 6133 9276 9327
f 5189 3406 2336
f 13879 11792 11737
f 1950 683 1804
f 13548 13221 13549
f 4828 2316 10380
f 9768 6090 6089
f 12695 13080 13604
f 12985 13572 2007
f 2988 1891 9552
f 7190 7356 7361
f 5829 3242 4230
f 2589 4745 2584
f 2134 1631 2131
f 7643 2409 8437
f 1732 847 14081
f 6717 7937 13821
f 3870 1100 7444
f 13285 13283 6900
f 10307 10314 14248
f 8594 8411 8493
f 7970 7783 7969
f 2787 2786 2877
f 12453 12454 12410
f 6900 12323 6884
f 3377 3319 3348
f 12011 8829 8585
f 12345 12301 12410
f 3260 3223 3259
f 3192 3069 4099
f 8488 8588 8590
f 3314 2410 1704
f 3521 3422 3449
f 12023 10982 7266
f 7492 7494 7272
f 3452 3422 3521
f 9806 12062 421
f 13381 10905 7363
f 3321 3349 3351
f 8078 7986 7894
f 3566 3602 3686
f 3332 3334 3268
f 3091 2995 3040
f 7584 7379 7582
f 8163 8164 8072
f 3576 3575 3614
f 3042 3001 3094
f 8166 7980 8072
f 11928 5308 2811
f 2461 2463 10193
f 9794 1575 11248
f 3574 3534 3571
f 3353 3335 3318
f 3280 3277 3337
f 5670 10714 10708
f 3217 6423 3149
f 13758 12419 3472
f 7701 7983 7894
f 2887 2798 2846
f 8238 8414 8327
f 4184 4656 4921
f 2798 2761 2846
f 11322 13927 11317
f 7691 7881 8066
f 3658 3739 3740
f 2874 4186 11561
f 9602 9501 9600
f 7168 7080 7166
f 4599 3264 8060
f 5434 5299 5150
f 5877 5857 5901
f 9680 12096 11745
f 3586 1052 9650
f 11982 12029 12039
f 5394 5303 14045
f 4358 3584 2539
f 5658 11737 13976
f 7080 6971 6857
f 6129 6095 6093
f 8340 8173 8427
f 11973 8522 8519
f 8756 11852 11806
f 7938 14012 9872
f 4308 16 13878
f 11852 11973 11976
f 10325 5951 10166
f 3249 11229 12281
f 4808 3985 4806
f 7613 7410 7516
f 5475 12598 12172
f 7727 7834 13639
f 11032 4146 2268
f 10292 10133 10131
f 4762 4348 1907
f 5863 2853 14043
f 8439 8352 8351
f 12520 13371 7932
f 7160 7022 7093
f 6443 11082 8894
f 6885 6338 5792
f 9259 8802 8100
f 12015 13125 5922
f 14092 14112 13748
f 11431 2584 13699
f 4450 6248 1185
f 8649 515 8443
f 13202 13161 7630
f 7553 7538 7973
f 5474 11516 6295
f 10787 10435 4000
f 10838 6916 6581
f 4640 4804 4709
f 10453 7748 8384
f 14036 13950 7547
f 10029 10028 5253
f 2142 10755 5740
f 5394 14046 5318
f 11468 12159 3364
f 14042 8908 6019
f 5892 5203 5766
f 14184 10792 10793
f 185 5329 5102
f 14034 13857 13940
f 12362 10769 5743
f 3003 9995 12016
f 11243 6146 6101
f 10474 10539 5484
f 10243 10320 10464
f 2409 7853 2410
f 3286 3220 3314
f 1676 3414 3372
f 4707 3843 3067
f 10717 11187 11177
f 4616 13196 13984
f 10562 5180 317
f 1417 13991 10137
f 8434 7812 7647
f 7653 7002 7079
f 8566 8611 8686
f 2787 2717 2786
f 4179 4135 4222
f 7502 5105 2665
f 3561 3596 3515
f 3319 3259 3348
f 3319 3260 3259
f 6461 7652 5174
f 3258 3223 3257
f 7835 5347 4028
f 11093 9155 13244
f 3422 3375 3449
f 7609 12548 6728
f 13201 11393 13203
f 3325 3351 1972
f 10917 3155 11679
f 3523 3452 3521
f 1232 1231 2607
f 9149 3615 3227
f 260 256 2089
f 3263 3261 3321
f 3488 3452 3523
f 3845 3685 3751
f 1651 1039 1038
f 10613 4392 10626
f 1231 2780 2607
f 10290 10425 10293
f 1972 3379 3325
f 12403 5934 12435
f 5748 4518 4557
f 13020 13463 13395
f 3650 3574 3691
f 8920 3967 6181
f 7108 1039 12948
f 9423 8848 8876
f 3857 3819 3933
f 3739 3658 3698
f 4807 4809 5669
f 9374 9373 9483
f 13943 13945 1005
f 3691 3574 3649
f 3575 3534 3613
f 11577 9636 11937
f 8136 13348 13233
f 12350 2249 827
f 8313 8585 8402
f 7086 5635 6769
f 2887 2846 2919
f 3901 3937 11265
f 8233 8156 8061
f 11719 11585 11712
f 7121 1422 7123
f 8408 8490 8591
f 7787 8948 3623
f 11255 3992 13028
f 7587 7386 7266
f 10465 8232 10361
f 3848 3921 3924
f 7471 3901 11265
f 5125 7587 1214
f 5806 6061 6210
f 3865 3862 3939
f 11371 11899 11368
f 8153 8230 8319
f 6493 11839 6354
f 5140 5431 5089
f 1699 1622 1766
f 10654 11251 13673
f 3558 13625 4951
f 1344 1146 1492
f 5571 5563 4741
f 11897 12082 8625
f 5569 1512 2391
f 1437 1473 1439
f 8089 8209 8213
f 5333 6311 4862
f 12555 13175 1918
f 4018 207 6582
f 12214 11947 11963
f 14109 1723 14110
f 6217 4059 6215
f 5444 11453 5443
f 8390 6050 6045
f 1375 5250 6234
f 5316 5556 5337
f 9602 9689 9504
f 10893 10903 8516
f 9911 6899 6801
f 8672 8596 8593
f 8653 8581 8651
f 4929 13486 4872
f 13630 13627 13600
f 9501 9602 9238
f 5368 10827 5604
f 7123 7921 5074
f 10944 11251 3345
f 13658 7288 7400
f 11852 8756 8632
f 12101 11694 11964
f 8499 9446 8497
f 8338 8336 8522
f 8767 8535 8534
f 10114 10116 2892
f 5085 5084 5129
f 8904 6063 8764
f 7168 7399 7400
f 7809 2536 9456
f 7768 1944 12091
f 6733 4743 5235
f 5987 5938 5961
f 13463 13020 13505
f 7410 7614 7519
f 158 124 183
f 9442 3665 3655
f 4550 4584 5687
f 9023 8762 8761
f 4288 12213 8626
f 6852 6496 7651
f 7711 7614 7808
f 6189 6150 6148
f 7708 7613 7514
f 8649 513 515
f 13202 7725 8842
f 7895 7965 7900
f 1092 379 3387
f 8191 8445 8193
f 8443 8442 8649
f 13101 14149 4626
f 2505 10226 10903
f 3564 3563 3598
f 12961 12916 12960
f 6432 3184 13269
f 3092 7438 9010
f 3560 3514 10314
f 3259 3347 3348
f 13339 13049 13337
f 3560 3561 3514
f 10306 3675 3628
f 6493 6634 6636
f 3422 3348 3375
f 3317 3258 3316
f 4857 5175 4882
f 7598 7394 7280
f 10334 10475 10477
f 7652 6025 4750
f 3520 3635 3565
f 3602 3523 3601
f 5338 3827 4207
f 3459 3385 1972
f 9269 8023 4277
f 5484 4423 5012
f 4085 4118 4161
f 3038 2948 2991
f 3321 3300 3349
f 10133 9984 10131
f 3566 3726 3643
f 13118 14111 14118
f 8909 4995 9031
f 3332 3267 3330
f 5591 3076 4572
f 3228 975 3226
f 10872 12799 7317
f 10052 10132 10330
f 6203 5222 5543
f 2403 7609 6728
f 3687 3648 3730
f 9632 4726 9581
f 3251 6596 3371
f 5585 6704 5884
f 5756 13131 6982
f 3133 3206 3134
f 3271 3207 3241
f 4616 4459 9155
f 3700 4666 3662
f 3720 1796 3161
f 7914 10630 6575
f 3386 3329 3385
f 251 257 1476
f 13656 352 178
f 1109 3400 1187
f 3335 3353 3396
f 8827 12922 8544
f 4150 4149 13694
f 6119 2446 4785
f 1661 1820 1589
f 3243 3211 32
f 7646 6052 13815
f 12426 962 7561
f 11459 11707 10761
f 3215 3246 3148
f 11345 3396 3429
f 13104 1814 13753
f 9516 3620 3541
f 3613 3574 3650
f 12206 12149 12204
f 7929 3740 4246
f 7646 3508 13919
f 5331 4700 3998
f 12560 5501 12561
f 3455 6247 12901
f 3338 10857 5151
f 10252 669 1237
f 8591 8490 8590
f 6009 12344 11258
f 12631 8415 12555
f 13172 13853 13489
f 11368 11802 8145
f 11889 12639 11891
f 8381 10419 14122
f 4555 5301 4637
f 12630 12114 12007
f 8482 12018 8313
f 5157 5153 4767
f 2169 5318 5425
f 13005 11283 12924
f 7779 7582 7679
f 4322 4187 10951
f 8408 8319 8490
f 4795 4515 4797
f 8153 8061 7966
f 8240 8163 8068
f 7561 3112 4290
f 9165 5067 9396
f 11939 12002 11347
f 7523 1224 13377
f 4017 4920 4278
f 5664 10299 1808
f 146 82 7563
f 6784 11148 1536
f 5952 10172 11794
f 10889 7603 4211
f 3908 10383 3989
f 6443 8042 8328
f 3232 6719 6744
f 10378 2650 7360
f 9257 2514 8277
f 269 13089 582
f 557 6350 12480
f 3830 5166 3873
f 10598 7004 7144
f 10055 8751 8881
f 2791 2132 13575
f 8130 12906 9560
f 4189 3780 14040
f 13933 13828 7839
f 13467 13713 7525
f 10622 10561 10621
f 4231 13053 10951
f 5668 11440 802
f 6282 6283 5179
f 3683 3564 3598
f 6496 8178 8144
f 6889 7968 8165
f 11745 11320 9680
f 7616 7414 7519
f 3485 3484 3562
f 3484 3445 3515
f 3562 3515 3596
f 9716 10761 5887
f 3709 3560 3628
f 7614 7410 7613
f 1653 3628 3675
f 3802 1653 3800
f 8632 8896 8526
f 4419 4293 4332
f 3521 3449 3565
f 3180 6231 3239
f 4115 4113 4201
f 13140 4305 11873
f 4364 13447 413
f 3850 3815 3727
f 3423 3452 3488
f 2949 2882 2914
f 3261 3202 3224
f 3921 3848 3891
f 3352 3330 3265
f 3488 3523 3526
f 3329 3230 3228
f 11358 8475 8476
f 8445 8191 515
f 497 14071 492
f 13494 8094 8266
f 7535 6134 5716
f 9805 11447 2532
f 3904 3865 3980
f 8442 8646 6005
f 3755 9781 3911
f 866 10000 10139
f 4054 10674 11813
f 12100 2144 12156
f 3739 3698 3769
f 3312 3282 3280
f 995 325 12143
f 3246 3217 3148
f 12169 1261 1262
f 3472 11345 3539
f 3740 3616 3658
f 6943 8733 12401
f 235 234 239
f 8301 11358 8187
f 3871 4666 3777
f 1470 5648 12224
f 3869 3871 3777
f 4420 7797 3846
f 5242 2349 6052
f 10638 14085 10828
f 6693 1978 8674
f 12368 12367 12404
f 2001 6718 2003
f 2418 5524 11989
f 5406 5243 5245
f 5804 2325 5247
f 11788 6320 3251
f 4689 10535 5330
f 1925 150 1298
f 5164 10695 5165
f 285 14030 1332
f 1644 6370 9450
f 5246 5245 5243
f 4021 6151 3071
f 5089 2674 11198
f 7244 13381 13200
f 5727 2962 10818
f 11118 3077 3287
f 13718 12120 11207
f 10543 5484 5013
f 4251 7649 4254
f 8604 9597 8503
f 476 474 560
f 1610 13453 8704
f 9184 2708 1455
f 4630 4655 5098
f 7466 6893 6699
f 11306 9829 10936
f 4889 4445 4720
f 1968 6413 4528
f 13525 14242 8484
f 2331 2404 1357
f 6432 6640 7817
f 9337 6198 4813
f 12492 10881 12694
f 11125 7329 5813
f 2297 2136 3607
f 10118 10045 10198
f 5485 5512 4864
f 5237 4705 5277
f 2608 958 2984
f 1166 3304 3308
f 2323 4963 4964
f 5520 10695 13577
f 2258 888 1046
f 4716 8926 3851
f 13617 1051 14067
f 14029 9348 5788
f 3516 7132 7074
f 1392 1355 1419
f 8691 4693 3476
f 10581 7307 12132
f 13634 13423 1546
f 8988 8333 3413
f 3199 3122 3198
f 7989 8565 5263
f 8230 8153 8058
f 3517 3486 3563
f 12061 11271 12011
f 3485 3415 3484
f 3596 3561 3630
f 13515 106 8948
f 8591 8590 3987
f 3632 3562 3596
f 7970 7785 7783
f 12114 9293 11943
f 9294 9396 9292
f 3375 3374 3487
f 3561 3515 3483
f 11966 14024 11994
f 7966 7781 7874
f 3847 3753 3845
f 7872 7779 7679
f 3259 3223 3258
f 84 2408 90
f 13537 13934 8897
f 5913 5057 5917
f 3520 3517 3564
f 3601 3521 3565
f 118 13927 7950
f 3960 3891 3918
f 3643 3646 3566
f 8743 12717 12406
f 8052 5581 10441
f 2392 182 120
f 3261 3224 3300
f 12558 12537 12586
f 3601 3565 3637
f 3492 3459 1972
f 11614 8804 6614
f 9122 9947 11790
f 8734 9103 9198
f 3488 3526 3457
f 3090 3179 6231
f 3179 3089 3134
f 1232 2305 1359
f 3539 11345 3429
f 3754 3810 3891
f 12346 12303 12379
f 3494 3463 3571
f 6695 6722 13257
f 14138 4300 12177
f 3461 3386 3385
f 12096 9680 10489
f 3825 3826 3743
f 3848 3924 3815
f 8632 8429 8521
f 6499 10184 9447
f 3869 3825 3865
f 4666 10865 3009
f 4766 8189 3546
f 7519 7180 7410
f 9516 13758 3540
f 263 305 9758
f 13059 8494 2010
f 3826 3825 3869
f 8431 8257 8255
f 10373 14079 5597
f 4246 3773 2775
f 12111 10761 9716
f 8762 8639 8638
f 13327 8927 4437
f 3865 3825 3862
f 805 9034 9035
f 12406 6846 8743
f 1507 10006 4763
f 9124 8904 9239
f 4614 1796 3922
f 12383 1818 5601
f 6468 6165 6623
f 3556 9174 8912
f 3713 3682 3711
f 7807 6338 6885
f 8306 8249 8246
f 2319 2327 11016
f 9370 4489 522
f 14202 12740 9749
f 9158 11103 10376
f 5032 5312 6382
f 14229 5522 5044
f 497 492 1517
f 11455 5187 5443
f 13079 10719 11038
f 3567 469 42
f 8796 1506 14266
f 7938 12095 14012
f 10245 7902 10820
f 3512 3437 4145
f 6070 6035 6068
f 5332 441 5882
f 9592 7466 10585
f 10634 7534 14086
f 6273 4365 4594
f 5896 5893 5941
f 4866 6319 5161
f 7517 1869 8435
f 5856 5181 5859
f 11657 4629 12335
f 12564 10100 5131
f 3756 11074 4259
f 4692 5001 5111
f 5671 3678 3867
f 8023 11063 11277
f 6104 5565 9117
f 9009 12012 1946
f 12481 12439 12403
f 6830 2287 2289
f 10871 10916 8418
f 10158 7813 2589
f 9224 7854 9583
f 10470 10328 5951
f 7005 7003 4223
f 4795 4270 4515
f 11565 6359 6330
f 3742 13038 13255
f 3827 4706 3644
f 7813 10158 8855
f 11093 11182 11092
f 1132 1088 12042
f 10539 10328 10470
f 12012 9619 12047
f 2876 4706 4539
f 8995 13181 15
f 3841 3804 3840
f 12306 4492 3881
f 3989 3950 3908
f 12486 12536 12453
f 3515 3445 3483
f 3449 3375 3487
f 3445 3372 3414
f 4153 4154 840
f 3754 3726 3686
f 4113 4115 4031
f 713 169 769
f 8475 14189 8540
f 3683 3635 3564
f 3352 3265 3230
f 7419 1537 12062
f 3715 3808 3751
f 6165 3360 1530
f 7576 11544 12075
f 3730 3648 3727
f 3261 3300 3321
f 11626 11824 11676
f 3180 3135 6231
f 4333 4377 4336
f 3402 1040 1188
f 12900 12848 12899
f 10064 10133 10065
f 3815 3850 3848
f 1063 3853 412
f 3613 3534 3574
f 3607 3788 3984
f 3230 975 3228
f 242 4487 12832
f 5265 13041 11429
f 3643 3648 3647
f 3472 12419 3355
f 3355 3336 625
f 7630 12668 7725
f 3850 3754 3891
f 225 266 3798
f 3606 3687 3609
f 3357 3312 3280
f 3541 3502 3430
f 7584 7582 7779
f 9350 12961 9665
f 13097 13065 9910
f 3397 3355 12419
f 3355 625 11345
f 9175 1987 7932
f 1173 169 7791
f 3396 3353 3428
f 3826 3699 3743
f 10865 13697 9614
f 13758 3541 3430
f 4323 1390 1413
f 12602 8032 9696
f 9759 9745 963
f 3051 13942 1183
f 13892 2874 13579
f 6088 1644 5542
f 7214 6999 7136
f 2325 5804 5967
f 2156 1998 4938
f 12106 13610 12107
f 7911 2058 5185
f 13284 604 9755
f 6980 12372 13586
f 5056 5058 5133
f 14091 14048 3394
f 9560 9397 8130
f 2040 11037 11157
f 5479 10592 11073
f 8850 5933 8962
f 7221 7349 7225
f 4275 3783 8332
f 12421 12312 12311
f 10916 2503 14193
f 8344 6861 6803
f 8461 8460 8546
f 9915 8907 7707
f 6511 6510 3701
f 13733 9305 13707
f 8455 11245 2196
f 6425 9541 3043
f 4713 4568 5438
f 4278 4920 13698
f 6798 6291 1509
f 7817 6640 7988
f 4145 5278 3512
f 3070 7531 7192
f 3412 6894 6439
f 11125 7976 6297
f 7705 7608 7896
f 8526 8255 8429
f 2763 2798 2847
f 8766 8534 6063
f 3103 11122 6902
f 11364 11923 11629
f 7708 7805 7901
f 12300 14028 8517
f 10631 4016 2927
f 12381 12346 12414
f 11465 13617 7057
f 9137 9127 6399
f 7678 7786 7571
f 9124 5777 9433
f 14176 14139 11298
f 10031 5146 3781
f 3288 3316 3255
f 7708 7514 7610
f 3751 3683 3715
f 14246 10307 14248
f 12306 3749 3794
f 12565 12544 12589
f 2958 10465 11937
f 11233 11076 11230
f 3794 3707 3818
f 3562 3632 3563
f 6889 8165 11149
f 2772 2774 2603
f 9892 4447 13269
f 3881 3908 3838
f 8166 8072 8164
f 14170 5923 2222
f 378 437 4697
f 7739 1686 13383
f 3710 3802 3711
f 7250 2547 1525
f 6012 13061 3886
f 8408 8233 8319
f 3259 3258 3347
f 3601 3637 3721
f 3860 3672 3673
f 3520 3487 3517
f 3602 3721 3686
f 4910 4544 4545
f 3447 3415 3485
f 4111 4110 4196
f 3459 3528 3569
f 9572 9569 9750
f 1972 3351 3492
f 5333 1740 7037
f 3894 3854 3924
f 3396 625 3335
f 4009 4853 4570
f 10267 10339 10410
f 10958 2685 11241
f 1688 239 1531
f 12494 12566 12496
f 5277 5286 5237
f 4079 4206 4118
f 6606 6463 1669
f 3523 3602 3526
f 3423 3377 3452
f 9161 5459 8944
f 3534 3494 3571
f 655 715 14071
f 3470 3390 3469
f 5222 6152 7322
f 4473 13402 13404
f 3470 3535 3428
f 3819 3731 3759
f 10909 11192 11079
f 8684 5234 13196
f 3969 3933 3931
f 3246 3245 3280
f 4234 4736 5218
f 14278 8076 10655
f 737 590 7955
f 14062 13969 11582
f 3826 3777 3700
f 13758 9516 3541
f 9382 10184 4683
f 10039 13425 13227
f 7464 7527 7729
f 1545 127 1245
f 9841 41 39
f 8676 13201 8598
f 10763 5153 4705
f 13207 11313 11484
f 14155 2628 13722
f 8942 12445 12017
f 6330 6328 11565
f 10921 11363 10806
f 10780 11175 11187
f 12859 12873 12879
f 2901 9903 3604
f 7720 2966 2809
f 4797 4470 4795
f 270 8708 1953
f 8550 8553 10264
f 2782 1919 6845
f 14030 13481 1332
f 5439 4708 4320
f 12269 8618 12241
f 5292 5675 5303
f 6266 6757 6272
f 7257 7344 8421
f 8000 8086 7999
f 4397 8699 4398
f 2097 1174 10768
f 4653 10483 4802
f 2629 13678 2232
f 7568 7415 8601
f 4723 4725 4719
f 426 1359 2305
f 3792 2027 8481
f 9853 9215 9462
f 5947 8795 6727
f 8061 7969 7876
f 14184 10793 11219
f 5293 5522 14229
f 1792 5073 2016
f 11807 13487 11846
f 6508 13091 997
f 5116 4928 2750
f 1301 10987 4865
f 958 1199 1198
f 5523 6382 5312
f 1991 14165 14057
f 4748 5470 5077
f 556 509 553
f 7710 11657 11435
f 5286 5073 1792
f 8734 9417 9216
f 12776 9466 9646
f 2586 1565 1739
f 3163 4910 4732
f 3342 1704 7853
f 10224 6076 8198
f 9398 10880 9163
f 1466 2304 2398
f 1473 1503 1550
f 8801 8802 6297
f 12309 12285 12265
f 9932 3088 4026
f 10942 9629 10615
f 3484 3415 3372
f 13728 13667 7443
f 3596 3710 3632
f 12593 12565 12617
f 3682 3598 3632
f 3751 3808 3887
f 5681 5555 5534
f 8738 8749 8867
f 9484 9202 8610
f 8637 8636 8761
f 4029 4113 3956
f 7424 7420 7491
f 5333 5483 6311
f 9353 9238 9024
f 3520 3449 3487
f 7714 7715 7619
f 7808 7614 7613
f 6063 8534 532
f 11852 8521 8522
f 11595 11763 9116
f 3685 3635 3683
f 7993 7808 7901
f 8185 7907 8184
f 3635 3520 3564
f 8632 8526 8429
f 3685 3637 3635
f 12075 11865 7576
f 8535 8351 8350
f 3598 3563 3632
f 11585 11716 11685
f 7908 7907 8185
f 3528 3646 3647
f 3891 3810 3918
f 8644 8645 8439
f 3486 3447 3485
f 3606 3647 3648
f 4336 4204 4333
f 4301 1573 4242
f 9492 10374 10296
f 3726 3850 3727
f 1342 1600 2624
f 9151 5370 3389
f 10059 9837 10057
f 3965 3894 3924
f 7723 1224 10723
f 3754 3721 3810
f 10090 1495 7749
f 3533 3570 3609
f 1482 1484 4912
f 6958 8377 10074
f 3691 3649 3689
f 5761 8146 10331
f 3940 10236 4378
f 10693 12980 13073
f 3463 3533 3571
f 3268 3318 3241
f 9078 9556 9555
f 3457 3646 3528
f 4254 10547 4252
f 3533 3461 3570
f 3649 3533 3609
f 4008 4051 4053
f 2130 3871 3904
f 11629 11923 2863
f 13953 13954 13098
f 3739 3859 3772
f 3543 3502 3580
f 12033 14026 11424
f 4237 8008 3491
f 3582 12322 12395
f 11520 11517 3579
f 3622 3580 3621
f 266 224 313
f 12596 12547 12567
f 3626 10882 4764
f 10527 6622 10386
f 5545 7306 3702
f 4912 1484 8198
f 3781 5249 5140
f 13261 13388 13358
f 2056 3252 10099
f 11483 12144 6522
f 5045 1716 8353
f 4505 2144 7348
f 12211 12154 896
f 11768 11916 107
f 3705 13026 3309
f 11347 11597 11099
f 6165 6468 3361
f 5367 10916 14193
f 7454 4424 4420
f 2654 10226 2505
f 4840 4416 4838
f 14059 13132 12760
f 3168 6441 3453
f 12314 12312 507
f 6417 8797 8744
f 7309 7310 7546
f 6862 163 2019
f 7521 8929 8328
f 6072 7327 7369
f 7134 13776 8887
f 11874 8710 371
f 4195 8279 4287
f 1561 1485 1867
f 3398 7068 10707
f 6471 6501 6470
f 10040 10043 5906
f 2217 1754 2215
f 11354 1786 11106
f 11951 11681 11099
f 1124 1122 12993
f 8944 8816 8941
f 8814 8815 12444
f 2481 3409 9886
f 8310 7466 9592
f 8385 1767 10585
f 12126 3582 12881
f 10814 8360 9163
f 12425 507 12312
f 8730 9016 8616
f 9314 8738 8481
f 6964 8063 6440
f 12568 12505 12547
f 5690 6248 4450
f 7327 9439 7323
f 3989 10383 4020
f 4201 4239 4204
f 6640 9518 11643
f 3908 3950 3838
f 4623 36 2700
f 3753 3637 3685
f 8730 9314 9173
f 3682 3632 3711
f 4827 12306 3794
f 12241 12182 12237
f 3463 3388 3386
f 12237 12286 12241
f 352 311 178
f 3598 3682 3715
f 12505 12395 12429
f 12182 891 12154
f 9112 289 9103
f 3686 3726 3566
f 1715 1648 1712
f 5991 6491 7778
f 3275 3271 3335
f 11721 5144 13391
f 13118 13174 5945
f 12211 12182 12154
f 3526 3566 3646
f 12006 9649 12003
f 5539 5540 8977
f 9019 9020 8910
f 13079 13328 13080
f 5597 5183 10897
f 3569 3528 3647
f 4026 2879 4035
f 12294 12394 12106
f 13756 13539 13646
f 4053 3937 4008
f 4002 3894 3965
f 12494 12493 12544
f 3696 3737 3614
f 13189 13020 13313
f 4219 4263 4314
f 8077 8123 10469
f 3402 1823 1822
f 12454 12537 12487
f 1986 1106 956
f 4315 4264 4314
f 702 899 4582
f 351 4092 3121
f 3696 3650 3731
f 8997 8621 9313
f 3649 3609 3689
f 12566 12494 12544
f 8431 8255 8526
f 9263 6655 6613
f 7993 7901 8085
f 12404 350 12368
f 3353 3334 3470
f 5757 3572 4701
f 8427 8521 8429
f 3318 3335 3271
f 7811 7616 7711
f 3282 3217 3246
f 3902 3938 3939
f 4246 3772 3773
f 7909 8093 8094
f 6913 3902 3862
f 4137 4098 4179
f 9310 12905 10254
f 8771 8909 12992
f 8909 8645 8644
f 9839 9695 9763
f 9368 5340 13436
f 13942 3051 10865
f 5259 1678 4963
f 9984 9842 9923
f 4550 12000 5320
f 10250 3456 3313
f 12372 12248 13586
f 13800 14073 13206
f 3458 14236 9270
f 4469 4489 9370
f 11241 10874 10958
f 6725 475 10892
f 11407 5469 11409
f 10763 4705 8875
f 5978 5957 6001
f 4080 3456 7796
f 6078 11514 9665
f 10618 1878 7006
f 5974 5971 10760
f 7336 7164 7255
f 4811 1132 12042
f 12217 10466 8664
f 4102 5603 5342
f 5313 3678 5208
f 9272 4141 7482
f 2864 2886 5156
f 12109 12692 14241
f 12634 3656 12551
f 3073 3279 3072
f 1367 1778 2491
f 3947 5029 3946
f 11167 491 2768
f 12455 12414 12487
f 12403 12333 5934
f 1343 7161 7113
f 7679 7581 7677
f 1740 3296 9280
f 7678 4964 9686
f 8656 12255 12221
f 6259 14114 11410
f 12611 12539 12608
f 8791 2476 9410
f 48 16 47
f 10109 10190 10267
f 11087 10957 11139
f 11919 5549 219
f 6179 8291 6460
f 2553 2071 1789
f 12122 11750 12075
f 11215 1384 3636
f 4927 4555 5048
f 5041 5435 5523
f 5444 4349 5454
f 6006 5981 6024
f 5041 5035 4980
f 14107 13226 4757
f 14254 2729 2823
f 3561 3560 3630
f 3483 3414 3444
f 3800 3840 3802
f 12539 12558 12608
f 10314 3514 14248
f 3492 3423 3457
f 4031 4115 4079
f 13341 14131 14016
f 8488 8316 8487
f 460 396 505
f 528 10635 9942
f 7735 8821 12315
f 12826 644 990
f 4122 4086 3997
f 650 648 723
f 3918 3917 3995
f 3845 3753 3685
f 3637 3565 3635
f 8562 11645 11639
f 3845 3914 3847
f 3459 3569 3531
f 1106 1443 2613
f 4801 4066 4794
f 6027 4540 4553
f 9173 9314 3599
f 161 160 9865
f 9854 7313 13348
f 12348 12416 12385
f 8505 11442 690
f 4376 1597 4377
f 3494 3427 3463
f 13363 13279 1873
f 3434 2647 8934
f 10511 10298 6993
f 3318 3334 3353
f 270 277 1562
f 3268 3267 3332
f 10423 14220 10628
f 3686 3721 3754
f 4132 4051 4176
f 11572 11356 11694
f 4135 4098 4058
f 3211 3146 3096
f 3051 6317 3009
f 7932 13631 9175
f 3211 3243 3245
f 14147 14145 700
f 6725 10206 3741
f 3215 3245 3246
f 3969 4007 3970
f 2084 3955 3957
f 8928 8925 6795
f 2843 11016 5542
f 7733 9450 6370
f 1150 12173 12174
f 9860 9937 12155
f 818 793 6173
f 6690 5608 14257
f 8542 11717 6017
f 13038 13937 12225
f 7077 7078 7001
f 8975 8814 8812
f 12029 11815 10489
f 5140 5139 7479
f 5380 5466 3667
f 4560 6256 6257
f 13524 11380 12856
f 7127 7128 3885
f 12889 9869 5112
f 8186 6037 6093
f 10247 10245 6333
f 808 3701 6510
f 8096 7902 7972
f 4187 4814 4803
f 4591 4808 4515
f 4564 4597 4800
f 8481 2027 3599
f 12204 12149 12148
f 13878 12690 4308
f 6934 7141 6836
f 13280 13324 13241
f 486 10698 12391
f 4904 7242 7213
f 1741 1684 4120
f 13824 9948 8020
f 12111 7292 10761
f 6779 5114 3783
f 1594 1430 1813
f 9262 9360 8339
f 3783 4208 6779
f 7996 7811 7711
f 1987 1250 7932
f 1036 8512 8511
f 9433 4742 9124
f 4917 5600 5628
f 8764 8639 8762
f 6005 8646 8771
f 5039 6313 6449
f 5186 1460 1461
f 8764 6063 8639
f 5381 11792 11453
f 5039 3163 6313
f 6894 6432 7817
f 9695 9693 9763
f 8352 8439 13155
f 6268 7655 9380
f 11501 898 6520
f 12956 8559 13342
f 5798 10485 8691
f 4285 13813 4999
f 2783 6177 11030
f 10487 6088 5481
f 4876 4769 4877
f 13374 12874 13373
f 3220 3194 3314
f 10306 3628 10314
f 14246 8178 8861
f 13955 6432 13269
f 11643 9518 10242
f 4027 4110 4111
f 3818 6506 11643
f 3528 3492 3457
f 12609 12761 12223
f 4027 4029 3952
f 1604 1500 1533
f 3647 3646 3643
f 3960 3918 3995
f 5305 3076 3075
f 11747 5036 10081
f 4160 4161 4118
f 3810 3753 3847
f 4204 4239 4333
f 6846 607 747
f 3386 3461 3463
f 3649 3571 3533
f 462 608 463
f 5068 5071 11927
f 320 198 14055
f 13405 13301 13302
f 9756 9773 9745
f 1819 1111 1336
f 2641 13602 13502
f 3428 3353 3470
f 3689 3687 3816
f 3759 3731 3691
f 6010 5193 4441
f 11990 11050 11411
f 5882 1826 5332
f 4222 4135 4221
f 3769 3737 3858
f 4132 4053 4051
f 3666 4048 5715
f 3820 3731 3819
f 8605 742 2805
f 4252 4426 4251
f 1659 13635 12481
f 8848 8849 8876
f 4281 10917 9414
f 4484 4485 9298
f 12880 10863 10870
f 13904 8375 8376
f 4617 12297 5473
f 3540 3539 9543
f 9277 9087 10841
f 3245 3277 3280
f 10752 6707 11213
f 3772 3823 3773
f 3540 7929 9516
f 1099 106 8818
f 2775 3743 3621
f 8948 2029 3623
f 4919 6360 11714
f 3066 4013 4499
f 8862 14246 8861
f 8702 8818 8577
f 6980 6141 5736
f 5256 7911 9550
f 4696 3925 5227
f 1537 12019 11695
f 121 4780 97
f 10986 10148 10040
f 8665 4214 3137
f 9838 11618 11695
f 8692 7246 2129
f 13713 13828 11766
f 6845 3608 6748
f 11041 7840 985
f 12923 12903 12852
f 12148 12149 9114
f 14153 3426 6528
f 8202 9524 8147
f 8450 8915 8907
f 12045 12253 12254
f 8998 8679 9549
f 4801 4794 4564
f 9002 8178 6496
f 13744 12207 12200
f 9114 8749 12148
f 7807 8152 5113
f 6338 6779 3880
f 750 903 1963
f 11202 5055 5063
f 3136 9108 4130
f 13029 9131 6336
f 4138 10813 9866
f 5178 5333 7037
f 4389 8525 6651
f 5694 3610 13643
f 1460 7921 13909
f 4630 5695 5100
f 1262 1250 1987
f 7436 9780 5350
f 2335 1615 4825
f 4974 4513 4971
f 5523 5312 5041
f 11755 3083 11845
f 8888 8890 8955
f 6079 11378 6104
f 12309 12348 12385
f 6459 13239 6461
f 2729 14254 1890
f 7213 4601 4622
f 10307 10306 10314
f 6722 13672 11429
f 8098 8178 14246
f 1249 1203 13797
f 4011 942 8029
f 9486 9484 9485
f 12407 3125 13584
f 3726 3727 3643
f 6926 6364 6367
f 11415 1764 11561
f 9206 11892 10560
f 877 821 766
f 2176 1588 1552
f 4376 4377 4333
f 4024 4076 4107
f 10242 11413 4827
f 3917 3847 3914
f 13611 240 13954
f 3678 3248 3867
f 3918 3810 3847
f 1573 4379 4302
f 3570 3531 3569
f 4336 4301 4242
f 3563 3485 3562
f 3854 3815 3924
f 11459 8103 10220
f 3496 3428 3535
f 9501 9238 9353
f 3855 3759 3816
f 4179 4098 4135
f 4262 8927 4263
f 4171 4218 4172
f 13145 6691 5859
f 4219 4176 4263
f 7747 13525 8484
f 3740 3772 4246
f 3698 3614 3737
f 3699 3700 3622
f 4995 8767 9028
f 4461 2292 4438
f 3777 3826 3869
f 6363 3763 13974
f 1908 1183 13942
f 5851 9453 13582
f 4732 4731 3163
f 515 8191 8443
f 12965 12744 12746
f 8267 8442 13412
f 5482 4502 5485
f 490 13686 11661
f 615 492 7667
f 9133 13709 9369
f 8101 10231 5129
f 7914 6287 9513
f 3748 14257 5608
f 13313 13266 13189
f 4634 13157 1539
f 6228 1247 3764
f 7573 1046 888
f 7392 13811 7702
f 6663 3511 10075
f 2557 6334 6331
f 5854 3705 3624
f 9480 2185 13209
f 8577 8232 8575
f 3309 3624 3705
f 4901 5575 5439
f 13699 4735 13698
f 4866 5208 3480
f 11123 11213 5080
f 3477 4633 6313
f 5044 14150 14229
f 9386 13119 10216
f 9553 7999 7917
f 7477 9405 9495
f 6766 7655 6777
f 11607 11622 11309
f 13948 11227 12918
f 9375 4141 4019
f 10364 10510 4633
f 8908 14042 9086
f 3413 6097 8988
f 13353 12360 6633
f 1559 476 561
f 2640 13502 10001
f 4806 4804 4808
f 2951 4819 8652
f 9533 14041 6427
f 11657 7710 5828
f 11497 5897 9630
f 11050 11990 11008
f 3008 5934 4015
f 8347 6527 8394
f 13242 634 12803
f 4230 4187 4803
f 5073 5293 2016
f 978 13010 6176
f 8579 8510 5865
f 4367 4327 4075
f 8461 8515 8462
f 6106 5826 5825
f 533 8878 8984
f 3912 3840 3838
f 7916 3707 5972
f 12326 4601 6603
f 8803 8801 8444
f 10067 13790 11134
f 4110 4027 4077
f 3710 3709 3802
f 3959 3887 3958
f 3958 3956 3959
f 4115 4204 4206
f 4201 4196 4239
f 5208 10418 3480
f 3606 3570 3569
f 7338 9580 9642
f 1139 1020 1625
f 10051 9609 9648
f 3964 3965 3921
f 13554 6514 13593
f 3689 3609 3687
f 3855 3931 3933
f 6980 9712 12372
f 9723 6462 9642
f 4136 6788 6694
f 10710 9949 11955
f 12661 13926 13675
f 3661 3620 9516
f 2608 1034 2440
f 8481 3793 3792
f 6340 8404 14252
f 3779 1034 3402
f 4267 4221 4177
f 3894 3966 3898
f 3769 3698 3737
f 4314 8927 7102
f 4457 4547 4460
f 4061 3980 4060
f 511 607 512
f 9173 8974 8730
f 6800 6809 7919
f 816 824 321
f 9778 8731 454
f 10674 4134 4055
f 1220 1221 13164
f 4133 4054 4132
f 4343 4315 4438
f 4221 4267 4222
f 4039 4089 4041
f 8975 1026 8810
f 8725 10864 10021
f 10055 9114 12149
f 1280 4343 4438
f 2130 10953 13697
f 128 9392 4895
f 3358 3312 3357
f 9417 9005 1258
f 9314 8616 8738
f 11983 5561 5461
f 1065 4224 4818
f 7265 3331 5248
f 7318 5200 5117
f 4011 7640 942
f 5111 11842 4935
f 13987 14035 13990
f 4364 5626 13088
f 5140 5249 5431
f 12149 9425 10055
f 14056 3895 3712
f 12257 12226 12173
f 6353 10369 1081
f 1347 6006 6024
f 5019 4822 4962
f 900 750 3200
f 2319 14046 14045
f 4560 5854 6256
f 3451 5502 11200
f 4869 6991 2975
f 2989 2990 12475
f 5355 4138 5019
f 7888 7957 7790
f 13267 12476 12230
f 5891 5938 5893
f 12204 12147 12232
f 8314 6736 6927
f 4547 4456 4619
f 3879 4208 10482
f 4208 4275 4198
f 5782 9375 9380
f 3880 3946 5792
f 9100 12950 12722
f 5658 5020 5003
f 7136 7074 7303
f 2792 7303 7465
f 13976 11792 11596
f 13976 11596 1863
f 12860 8503 10203
f 7777 1145 5397
f 9167 9218 9261
f 5193 5013 5012
f 8052 5582 5581
f 8393 8462 8465
f 13534 13966 12983
f 8351 8352 8093
f 10492 4822 5533
f 700 14145 9014
f 8351 8185 8350
f 13276 13562 7060
f 3675 10306 5972
f 9536 8182 2476
f 6005 805 8773
f 8444 8801 5966
f 7328 8100 8802
f 6165 3542 6623
f 9036 9151 8775
f 3727 3648 3643
f 9513 9365 9611
f 9058 12805 6439
f 13957 1335 6739
f 3818 11643 10242
f 7866 13624 13157
f 13095 13189 13266
f 4077 4107 4158
f 8510 8579 8651
f 3914 3887 3959
f 2079 13076 2789
f 12574 3359 6334
f 4546 4453 4495
f 4421 4573 4479
f 13531 3049 11886
f 5900 11352 11236
f 935 9110 12755
f 4245 4302 4210
f 3715 3682 3713
f 4546 4495 4579
f 3687 3606 3648
f 13209 4934 1782
f 3293 6598 4731
f 4548 2198 4437
f 12997 13193 13000
f 3900 3822 3820
f 4132 4219 4133
f 4173 4090 4172
f 3684 7892 5591
f 4726 5154 9381
f 10924 11074 3756
f 6437 1811 2151
f 3820 3819 3857
f 3855 3816 3898
f 8537 8538 12648
f 3614 3575 3613
f 1501 4506 1995
f 942 12527 1993
f 1262 1987 12169
f 4424 4423 10470
f 3334 3332 3390
f 4134 4058 4055
f 7066 197 9387
f 9986 6644 2198
f 4681 3693 9382
f 12390 10409 5661
f 6448 3471 4383
f 1065 898 8518
f 9382 8518 898
f 11397 11708 12465
f 3066 2181 2344
f 2643 2644 5106
f 5683 5297 5296
f 5397 1145 4876
f 5163 11396 2173
f 14148 12590 11584
f 3681 13807 14168
f 938 10338 4699
f 2564 11228 3968
f 5162 5614 4885
f 4972 4974 6386
f 8952 9281 9161
f 5454 5463 5466
f 4843 4847 1091
f 10227 2654 5619
f 8189 3910 3519
f 13486 14265 4872
f 9538 6252 6036
f 6728 6862 2403
f 8818 9069 1099
f 3116 10889 11140
f 7063 2602 7126
f 6306 7809 7451
f 8161 13355 5754
f 9380 6267 5782
f 9947 13065 11297
f 8736 8970 9005
f 10979 7944 6073
f 9155 4624 4616
f 1657 10206 6402
f 8683 14127 7016
f 8161 8272 6521
f 7482 6874 8380
f 5597 10897 3664
f 8565 7651 6496
f 6757 8016 6272
f 2178 3976 12277
f 5534 5555 2058
f 12708 12678 12707
f 10502 1961 11664
f 6356 5314 2843
f 10376 12645 9158
f 5368 12985 10827
f 1157 1156 9017
f 12018 8482 12019
f 13727 12095 13620
f 7045 5009 6976
f 1441 1436 3200
f 7367 7244 8425
f 12909 8453 4010
f 8862 7916 5972
f 6889 11149 11148
f 8056 7872 7871
f 1848 543 589
f 4239 4196 4297
f 793 818 2091
f 3954 3952 4029
f 3805 3841 3954
f 3715 3683 3598
f 3526 3646 3457
f 4336 4377 4422
f 11265 4054 11813
f 3402 2984 1040
f 3901 3859 3769
f 4098 3979 4058
f 6440 9886 3409
f 4792 4894 13194
f 4039 4086 4089
f 9133 4243 9249
f 523 570 612
f 8344 7875 6812
f 1651 5361 5364
f 7375 5822 7251
f 7515 7588 10839
f 1447 76 1720
f 13070 13288 13535
f 3933 3819 3855
f 646 14116 1526
f 3869 3904 3871
f 4683 4681 9382
f 3088 3297 4862
f 11022 10953 8619
f 8610 9113 9484
f 3983 675 9848
f 6499 9447 10303
f 6790 13248 8041
f 8619 11266 13108
f 4313 4400 8927
f 10299 1769 1808
f 9382 3693 8518
f 8638 8432 8637
f 3508 2639 6317
f 5672 5660 5677
f 9631 6217 8918
f 10932 9501 1554
f 14017 5571 13671
f 8257 8085 8177
f 7264 7041 7343
f 10489 9680 12029
f 9434 9128 4742
f 1993 12340 9177
f 5044 4970 1647
f 5548 4805 4973
f 6273 8311 4365
f 9128 4995 9028
f 7080 6968 7166
f 5757 4368 10151
f 14087 7013 7014
f 513 8773 9035
f 10101 10893 984
f 7914 9701 9080
f 8645 13155 8439
f 10059 9763 9837
f 12272 8242 5940
f 9611 9511 9698
f 4327 4074 4075
f 7911 5256 2058
f 9248 9440 9249
f 9058 7817 7819
f 5360 909 7573
f 7551 7637 7633
f 6930 4417 9699
f 11720 12510 2222
f 13248 6695 13257
f 13934 13537 1285
f 6841 10524 12160
f 2683 9245 11635
f 12393 7535 7314
f 3694 204 231
f 7006 1878 1877
f 12714 9371 14283
f 5023 2596 5022
f 11860 5065 10941
f 13602 13235 13502
f 5109 12981 1728
f 8382 920 8278
f 9943 6504 3313
f 4561 8831 4042
f 5483 8926 3290
f 2313 11279 11363
f 4713 5438 4720
f 8058 7874 7964
f 8065 11920 8001
f 8701 8703 8888
f 573 10921 10933
f 10450 4657 10452
f 3874 5595 9985
f 13678 2002 1505
f 5035 4781 5037
f 5486 5319 6151
f 11390 5110 10568
f 13109 3583 6919
f 12404 12367 12439
f 10842 10098 1724
f 3851 10515 4716
f 822 10379 13731
f 4366 2215 1754
f 13569 13084 12911
f 4677 9509 12973
f 9845 9701 9769
f 8333 8988 9001
f 5747 5786 5718
f 4201 4111 4196
f 11835 2182 4279
f 5059 6547 3738
f 3711 3632 3710
f 14184 11219 13898
f 13611 13331 12931
f 1509 7944 6798
f 7388 6513 11149
f 9058 6894 7817
f 6640 13955 9518
f 4957 4958 4956
f 5580 4736 4234
f 4161 4122 4085
f 7599 6721 7641
f 4419 4332 4449
f 1760 1736 316
f 3914 3993 3917
f 9069 8944 3504
f 6728 1874 6862
f 4333 4239 4297
f 4338 4249 4303
f 4569 4680 4644
f 4111 4029 4027
f 3609 3570 3606
f 3526 3602 3566
f 4530 4543 2205
f 4160 4242 1573
f 3858 3901 3769
f 3788 9299 9474
f 12815 12845 12817
f 3854 3730 3815
f 4526 4467 11017
f 4090 4007 4043
f 9066 14028 6234
f 4314 7102 4315
f 8980 8017 11305
f 2984 958 1233
f 4267 4315 2716
f 8270 2301 12468
f 13823 13822 13841
f 2824 9906 12503
f 10812 11266 8619
f 5289 14044 12016
f 3066 2344 2341
f 7743 7742 12780
f 3607 3411 2480
f 2171 2502 2332
f 5200 6245 11929
f 8355 7782 7776
f 13258 3681 4057
f 8058 8150 8230
f 4717 4716 6015
f 14169 6508 13786
f 8214 2652 5064
f 4650 1104 8192
f 8959 6225 9534
f 7482 5782 6874
f 12262 11970 2152
f 8668 4312 9324
f 10492 5530 4756
f 1647 4970 1860
f 7067 13900 14160
f 10403 8873 11650
f 9033 10955 11054
f 13135 2554 7
f 6158 3624 3507
f 6464 6546 3738
f 3003 10700 9995
f 10080 10441 9857
f 1876 1635 1911
f 4285 4999 4554
f 3293 4731 4732
f 2587 14090 2598
f 9202 9484 9201
f 2451 1828 6848
f 8344 6803 8020
f 936 935 12755
f 4070 4141 9272
f 12580 10117 6620
f 13357 1741 3156
f 7664 7658 7310
f 5408 13665 5024
f 8737 510 8676
f 3157 12988 4738
f 10822 10887 5118
f 5153 5160 4705
f 4175 10917 4119
f 8484 6278 3714
f 2510 7550 3107
f 12185 6672 9479
f 12309 12265 12284
f 8341 8162 8165
f 2512 13680 2649
f 2706 11662 8407
f 6672 8719 9479
f 8803 7328 8802
f 13307 6950 13350
f 2661 6957 2013
f 8719 9439 9479
f 9753 9582 9822
f 13715 4543 6480
f 10294 10065 10133
f 9608 9436 9508
f 3805 3954 3958
f 974 9554 274
f 13234 13874 13480
f 3218 7106 7784
f 4545 4732 4910
f 9923 9839 9922
f 4118 4206 4160
f 3956 3954 4029
f 3190 379 386
f 12766 12730 12793
f 6104 9117 8569
f 3711 3802 3804
f 4437 4460 4548
f 3726 3754 3850
f 9440 9248 9365
f 4154 4153 13974
f 3995 3997 3960
f 7914 9513 9701
f 3891 3848 3850
f 229 323 9898
f 1046 7573 909
f 4300 14138 3311
f 9798 8827 5685
f 6 5845 2124
f 169 170 769
f 4437 4400 4460
f 13429 3052 1254
f 2189 2933 3102
f 3696 3731 3820
f 3924 3921 3965
f 992 10417 4979
f 10776 9777 10576
f 4174 4262 4176
f 3819 3759 3855
f 9577 9679 9582
f 13219 1279 11729
f 8737 8676 8598
f 3820 3857 3900
f 4241 5193 6010
f 10032 10186 10187
f 4166 14053 10260
f 13393 3886 1264
f 4053 4132 4054
f 3855 3898 3931
f 7102 4438 4315
f 11813 7471 11265
f 4055 11813 10674
f 3902 3939 3862
f 4061 3981 3980
f 7339 2357 9663
f 11541 12380 12384
f 4681 7870 3693
f 8143 19 10506
f 1912 1616 1881
f 12147 8895 1156
f 4769 3079 4651
f 7860 4967 4594
f 11040 9062 1880
f 12611 12612 12559
f 10099 7911 2055
f 1059 973 1058
f 13704 2928 11996
f 12600 12304 12627
f 5439 4320 5458
f 4803 5829 4230
f 9420 9260 9360
f 12455 12562 12457
f 13908 6144 10589
f 4483 2354 10214
f 5543 7838 6203
f 9715 7012 3641
f 8997 9186 8881
f 13239 6459 5496
f 12670 5595 5681
f 1488 923 9334
f 9255 609 9344
f 5195 7942 5187
f 12286 12314 12392
f 2183 2181 4500
f 5756 5053 6036
f 13405 13272 13361
f 3544 4311 12806
f 8835 8658 8783
f 6409 6394 8452
f 9644 9860 9726
f 11859 11824 12167
f 8330 8925 9545
f 7531 7724 7311
f 2947 2908 2946
f 13807 4329 13783
f 10133 10292 10294
f 10658 10902 3770
f 9493 1258 12171
f 4728 5523 10861
f 3450 5502 3451
f 750 2440 903
f 8418 5367 4369
f 956 2146 1986
f 9758 195 3676
f 8052 7697 11844
f 12013 5620 3450
f 12068 8060 4852
f 4640 4797 4804
f 4367 4369 5367
f 12425 12312 12421
f 3922 1339 1337
f 13810 7132 7073
f 8063 8799 8280
f 5931 8720 8592
f 12455 12559 12562
f 12265 12285 12206
f 4675 13013 7842
f 5069 3719 2953
f 3402 1822 3779
f 11413 9518 9086
f 3800 3749 3881
f 11285 8270 8309
f 6889 332 6524
f 11488 12605 11869
f 3887 3808 3958
f 4110 4077 4158
f 3709 3628 1653
f 9541 9506 3043
f 3751 3685 3683
f 4574 4486 4482
f 4453 4432 4495
f 8507 6442 4546
f 4304 4212 4249
f 1814 6329 1455
f 4384 4303 4382
f 4379 4301 4427
f 9831 9689 9600
f 4546 4579 4615
f 9986 2198 4548
f 1963 3404 750
f 4153 683 586
f 8849 1813 2615
f 13491 12965 13489
f 3921 3891 3960
f 5154 1200 5038
f 12735 12730 12766
f 3822 3696 3820
f 1963 1969 2027
f 4342 4253 4340
f 12611 12608 12665
f 9186 8738 8867
f 4170 11719 11713
f 4051 4050 4174
f 12453 12410 12451
f 8670 12229 12282
f 379 2774 386
f 4043 4172 4090
f 3970 4007 4129
f 5887 10932 9716
f 3858 3822 3900
f 4135 4058 4134
f 2198 6644 4461
f 10506 5613 8857
f 8019 7292 12096
f 3862 5842 6913
f 9978 10126 10057
f 2292 4549 1280
f 12796 12735 12766
f 8257 8180 8085
f 5154 5038 6449
f 3869 3865 3904
f 2520 12705 2569
f 10061 9923 9922
f 513 4289 515
f 5272 4500 5264
f 10128 10127 10364
f 9830 30 9600
f 12387 7236 7237
f 9845 9769 9927
f 9513 9440 9365
f 11407 2870 4395
f 729 521 518
f 2672 5263 2677
f 13174 8603 13676
f 7621 7529 7464
f 8547 384 12353
f 4692 8691 1001
f 13712 8425 11284
f 857 13053 4231
f 6022 5978 6001
f 13390 13595 14187
f 4806 3985 4017
f 14256 13908 10589
f 4067 4795 4444
f 6247 11516 7354
f 11134 9920 10630
f 6930 2767 4417
f 6180 2384 8494
f 4772 1754 2217
f 12314 507 12392
f 4925 9497 844
f 1724 9277 10841
f 12794 4833 1468
f 10007 11926 6626
f 4034 4014 3097
f 4052 5349 4426
f 12382 12381 12457
f 2188 1102 6251
f 6330 6258 6257
f 9043 9090 9242
f 4380 4381 1400
f 3382 3384 13428
f 10717 11086 10797
f 3639 5174 3638
f 9904 7617 8194
f 3557 6204 6203
f 13671 4653 14017
f 7835 6207 5347
f 6310 3290 6578
f 9231 11596 11474
f 13419 5332 11285
f 4466 4636 5471
f 936 9409 5240
f 12818 12766 12817
f 465 12368 350
f 5468 790 5467
f 3454 2823 11223
f 9938 7755 8001
f 14256 3418 13908
f 4293 4238 4287
f 9801 12369 5650
f 12232 12284 12265
f 4195 4238 4158
f 3596 3630 3710
f 7925 6478 6524
f 3954 3841 3952
f 4608 4574 4482
f 3808 3715 3713
f 1573 4245 4160
f 12611 12559 12539
f 9145 4544 5038
f 1099 2029 8948
f 12079 12631 1918
f 13104 13753 6199
f 4304 4338 1608
f 7249 7141 6934
f 9702 9077 10528
f 4452 4338 4384
f 11398 11194 8034
f 11747 9702 5036
f 4217 4218 4171
f 4482 4428 4427
f 4456 4457 4436
f 11420 10911 4345
f 13722 13081 96
f 2305 1046 909
f 12824 12955 13291
f 8730 289 9016
f 5496 4606 5022
f 4006 4002 4041
f 9017 9112 1016
f 4172 4218 4173
f 12239 6882 3366
f 7509 6937 5745
f 4006 3966 4002
f 11283 11284 13198
f 4174 4050 4129
f 3400 1108 1303
f 1011 1122 1022
f 12593 12617 12655
f 4058 3939 3938
f 3980 3979 4060
f 9107 1280 4549
f 6229 3672 12930
f 3475 3358 3431
f 12521 10839 3813
f 12432 13108 11266
f 11983 5400 13716
f 2609 2613 2297
f 11022 13108 13598
f 11266 4012 7124
f 6895 11049 5489
f 11941 11878 11430
f 4196 4158 4238
f 6953 2489 13033
f 3507 3309 4505
f 6960 8377 6958
f 2487 1660 1670
f 5463 5454 5325
f 7891 2226 8030
f 11166 11290 11870
f 4794 4139 4793
f 6967 6844 5514
f 12221 12252 8656
f 9782 7926 5701
f 12638 11919 11650
f 4037 4729 4407
f 12034 12638 11650
f 6158 12823 6222
f 8519 6891 11506
f 10013 869 10043
f 8624 9826 9971
f 12454 12376 12410
f 8512 8457 8511
f 10893 6720 13866
f 1034 3779 903
f 13539 4165 13439
f 12221 12255 12198
f 12703 12672 12701
f 13600 13599 13060
f 1823 2782 6845
f 2613 2609 6342
f 11220 11032 2268
f 2975 6991 4789
f 9112 9216 1150
f 9167 8330 9457
f 3513 13496 3437
f 9379 8047 4516
f 1746 1179 8295
f 450 10602 9861
f 5451 5446 5450
f 9373 9321 9367
f 8350 8185 8184
f 6434 8919 7820
f 5677 5397 4876
f 5041 4980 10159
f 2408 2524 2396
f 5910 3339 8188
f 5231 3435 11018
f 12670 13665 5408
f 8348 8183 8260
f 5550 5656 5622
f 7890 7578 7793
f 10363 10212 10508
f 9698 9510 9697
f 7782 7678 7675
f 7124 4061 4180
f 8773 513 8649
f 6235 6396 9377
f 4196 4110 4158
f 4330 517 382
f 6478 6418 10348
f 911 1038 1039
f 6524 7968 6889
f 12177 12540 13446
f 3990 3912 3950
f 1949 5216 14053
f 11460 11551 13175
f 4107 4077 4024
f 3952 3841 3912
f 7235 7152 6243
f 12267 12208 12285
f 4302 4245 1573
f 7998 7185 10033
f 1931 335 839
f 3424 3418 2283
f 8021 3460 1467
f 9617 12251 3291
f 10573 1425 8022
f 11567 3018 13540
f 4382 4430 4384
f 3997 3964 3960
f 2913 2825 13964
f 4217 4340 4253
f 13145 12883 5585
f 4129 4050 3970
f 2198 13327 4437
f 11123 11926 10007
f 3966 3894 4002
f 14061 2008 803
f 9381 10508 10212
f 12798 12821 3752
f 4436 4342 4388
f 9987 838 8108
f 13461 13060 13599
f 4421 1597 4478
f 8478 1600 8999
f 10065 986 6171
f 4263 4176 4262
f 10418 5671 8912
f 11717 11725 14206
f 2289 2287 7007
f 2688 4071 3882
f 10166 5951 5952
f 3535 3469 3575
f 4177 4221 4134
f 9715 4265 5452
f 6207 4612 6206
f 11184 7734 6882
f 7432 3839 11135
f 4224 4179 4269
f 8416 102 142
f 3693 7870 5613
f 13236 4518 13778
f 13911 13910 13931
f 10184 5561 4683
f 10967 13150 10991
f 9337 4813 9488
f 4892 10376 3108
f 2271 1935 2270
f 12896 3299 1871
f 4572 4566 4541
f 4441 3828 6010
f 2714 6653 2713
f 8236 8237 5829
f 3161 8667 7636
f 5603 5616 10234
f 523 524 420
f 1694 14133 9055
f 9792 9870 9649
f 8654 1036 8581
f 1162 1210 3026
f 13376 10971 8254
f 9189 2628 9590
f 5073 5286 1091
f 561 560 653
f 4959 2173 2664
f 3154 8456 12103
f 5794 6826 10981
f 6099 13900 6100
f 9198 8974 6750
f 11774 11631 11597
f 6187 6186 6450
f 791 941 1072
f 11276 11471 1567
f 8110 1217 12595
f 5936 11212 7300
f 12177 4300 12179
f 9260 9420 10816
f 12826 1556 604
f 12173 12226 12174
f 14150 3426 14152
f 9425 12209 896
f 5667 5020 14227
f 5343 4847 4840
f 4709 1547 5532
f 10767 4791 4526
f 11988 12445 11986
f 117 3410 7507
f 5725 4881 4884
f 6291 7327 6072
f 4079 3993 4031
f 4448 6659 9121
f 5952 5951 10328
f 4181 4352 4183
f 11963 12081 11878
f 12230 12476 12239
f 10772 10833 10815
f 4111 4201 4113
f 10103 9952 10027
f 4492 3908 3881
f 10195 10112 10269
f 3706 9093 5665
f 9959 9958 10106
f 4210 4163 4245
f 9899 9962 9900
f 1608 4385 4250
f 4085 3997 3995
f 11560 11366 11262
f 4125 4086 4122
f 4245 4161 4160
f 7766 4404 1482
f 4382 4379 4428
f 4212 4304 4215
f 3964 3921 3960
f 3931 3898 3966
f 12527 7640 8846
f 11427 11459 8019
f 7498 7515 5637
f 1761 3062 13166
f 8761 4188 9120
f 4314 4263 8927
f 4549 2292 11184
f 4435 4436 4388
f 4385 4433 4388
f 4173 4129 4090
f 4260 4174 4173
f 5488 13631 13371
f 12415 6618 14126
f 9054 3688 3356
f 1150 12171 12173
f 3938 4055 4058
f 3543 3475 3502
f 11128 11288 6561
f 4177 10674 4133
f 10128 10129 5537
f 9504 9430 9602
f 3938 7471 11813
f 9447 3832 10303
f 7433 5578 6882
f 1273 1252 1251
f 9028 8767 8766
f 9362 9031 9128
f 4818 4224 4269
f 2004 2334 6989
f 1157 12229 12175
f 5651 5388 7776
f 4411 3758 5663
f 779 10127 10057
f 9917 9689 9831
f 5041 10159 5435
f 9698 9697 9843
f 6005 8773 8649
f 13731 8406 9079
f 9830 11361 11552
f 9845 9927 10066
f 5370 9369 9370
f 13151 13788 6505
f 6234 14028 12300
f 10080 1301 7697
f 730 4330 4489
f 7006 1877 13362
f 2266 8403 5795
f 3045 4395 2870
f 3511 6663 2748
f 2317 11415 4186
f 4709 4931 4640
f 745 653 726
f 9017 1016 1157
f 4673 5625 5621
f 12064 2048 2263
f 4320 4708 4467
f 4228 5081 11912
f 5683 5296 1270
f 8416 197 143
f 2863 7834 8004
f 7454 5012 4423
f 7211 6587 8378
f 8115 5351 12456
f 10570 5990 2333
f 8097 8096 7972
f 876 1617 4583
f 6814 3489 6179
f 5190 6174 8102
f 6206 4612 4561
f 1368 2589 11431
f 876 4583 2595
f 2875 5868 3082
f 2511 4440 11017
f 7768 4832 7769
f 7517 6753 4256
f 10904 13988 8287
f 10376 11103 4725
f 13587 14265 13486
f 4106 8715 6672
f 6513 7388 6873
f 6950 4418 5802
f 12470 138 12760
f 9760 9837 9693
f 10391 10464 10533
f 11646 9884 11121
f 4466 1540 4632
f 11123 10007 10828
f 13862 13841 13860
f 4156 5017 8279
f 5766 8147 5892
f 5892 6587 5895
f 4077 3990 4024
f 9451 4065 3085
f 7455 4544 9145
f 10432 1749 1750
f 4433 4385 4432
f 13837 13882 13838
f 3845 3751 3887
f 3997 4085 4122
f 3140 12104 5093
f 4396 4342 4436
f 4488 4384 4430
f 303 875 1825
f 5923 7366 1589
f 4086 4039 3964
f 1465 8876 5889
f 4041 4002 4039
f 7102 8927 13327
f 12003 12168 12167
f 10527 595 10971
f 5180 397 9280
f 9072 12055 7419
f 4171 4172 4126
f 10736 10086 12155
f 12410 12409 12451
f 4006 4041 4126
f 4342 4340 4388
f 4215 4167 4212
f 4573 4421 4478
f 8927 4262 4313
f 4260 4313 4262
f 3979 3980 3865
f 10320 10736 10388
f 9875 9876 11592
f 4221 4135 4134
f 3661 9516 7929
f 6637 4344 4343
f 11574 11869 11742
f 1681 49 2157
f 5952 10328 10172
f 3858 3900 3971
f 11628 11387 11720
f 3900 1649 3971
f 4264 4315 4267
f 4061 4137 4180
f 8161 12357 13355
f 11967 1540 11993
f 4226 4831 4790
f 11881 11654 11262
f 6282 6281 6302
f 8980 1404 7137
f 10176 10258 10027
f 10195 9964 10112
f 5542 4408 6088
f 13692 5352 11302
f 9882 10027 9952
f 14067 1088 13618
f 4439 11844 7697
f 4311 3195 12806
f 1273 1251 4406
f 9811 9807 9887
f 5109 5718 7115
f 5458 4320 4226
f 3364 12159 10403
f 7513 7606 5529
f 10410 10486 10411
f 1925 867 152
f 5293 4847 5343
f 14150 2016 14229
f 11681 12214 11785
f 652 651 725
f 2849 11807 11846
f 10339 10338 10407
f 4901 5439 5458
f 5595 12670 5280
f 8103 10867 11897
f 5253 9681 11042
f 13534 12969 13519
f 9968 9902 10045
f 4499 4500 2181
f 8968 11793 11540
f 7803 8252 10906
f 9572 9678 9577
f 4078 9093 14128
f 2406 6970 1927
f 8430 6860 7477
f 12431 7530 4185
f 10019 5465 14164
f 3544 10096 3107
f 2444 1302 1303
f 1892 11850 12144
f 8345 8257 8431
f 4705 5160 5277
f 5788 13686 14029
f 1188 1300 2782
f 5277 5160 4844
f 2637 3695 13495
f 10128 5537 10127
f 2472 9193 2445
f 4416 4840 4676
f 9319 9363 9473
f 8444 13832 13833
f 1509 7438 6073
f 8180 8088 7993
f 9693 9606 9604
f 9927 9843 10064
f 10307 5972 10306
f 7944 10979 11670
f 13717 6903 13715
f 9927 9769 9843
f 9166 9977 9831
f 11774 7091 11631
f 2807 3545 684
f 10843 13212 8113
f 4338 4303 4384
f 4478 2205 4569
f 12111 4188 11763
f 9600 30 9831
f 4396 4258 4342
f 4428 4430 4382
f 2615 1813 1430
f 4167 4215 4171
f 1950 1528 683
f 4154 4330 729
f 4478 4569 4573
f 4043 3931 4006
f 9437 6373 8531
f 3931 3966 4006
f 7086 3154 2940
f 2386 2163 10141
f 6450 6186 6537
f 3290 6598 3293
f 6546 6544 7570
f 4126 4041 4167
f 9513 9611 9701
f 14258 5014 12456
f 4260 4173 4218
f 3098 5590 4034
f 3898 3854 3894
f 10995 10914 11169
f 8352 13155 8267
f 10431 9634 10360
f 4707 4915 3843
f 3278 3250 6320
f 317 9182 10562
f 3828 4441 4706
f 11356 11689 11966
f 4249 4125 4163
f 4258 4396 4313
f 3902 3823 7471
f 6324 5221 5080
f 4437 8927 4400
f 47 87 115
f 10713 13528 13428
f 13420 13637 11174
f 13327 2198 4461
f 12643 12644 13903
f 5477 4688 4871
f 5012 7454 5047
f 3493 4547 4619
f 13518 13111 11995
f 10184 11501 9447
f 3971 3970 4050
f 12724 13710 14274
f 5872 12230 10710
f 8681 1129 10164
f 9544 2370 2112
f 3937 3971 4008
f 8294 3242 8237
f 5894 5203 5892
f 10865 9614 13942
f 12794 1470 12964
f 3172 3170 11381
f 9634 7945 12298
f 5600 4572 4541
f 11843 12159 14174
f 1262 1261 9423
f 489 6545 12373
f 5771 5750 6941
f 10127 10059 10057
f 12100 12550 4100
f 778 423 422
f 13424 13544 3301
f 9862 9863 9729
f 10915 10671 10872
f 8854 8721 8851
f 10150 10149 10278
f 4322 11019 4444
f 9435 9937 9860
f 11195 3708 6949
f 4448 4418 6950
f 4723 5160 5157
f 4416 2750 4928
f 1084 2692 4413
f 12119 11373 12071
f 745 11229 610
f 12488 464 12489
f 6256 5854 6137
f 10043 10040 10148
f 903 2440 1034
f 2505 2503 10916
f 13673 1829 13959
f 309 307 2311
f 5448 5447 4929
f 12768 1711 9833
f 9760 9604 9504
f 3370 3314 1704
f 11824 11758 11676
f 4366 1367 2488
f 13832 6674 4773
f 8187 8109 11475
f 10549 5449 4707
f 10470 5951 4870
f 377 435 437
f 4711 4657 4567
f 10166 5952 10170
f 7309 6170 6315
f 7552 5928 13679
f 10410 10407 10551
f 10110 10112 9961
f 10689 10183 9640
f 13866 10406 984
f 10019 5400 5465
f 5943 221 319
f 10187 9957 10032
f 10186 10185 10261
f 10274 10349 10198
f 7968 6524 13307
f 7157 9807 9811
f 10462 338 3167
f 10547 10549 938
f 7554 9402 7555
f 8154 7719 6342
f 12509 10496 10420
f 7599 6566 6721
f 8647 10094 9950
f 12998 12141 7368
f 9952 9884 9882
f 11831 11869 11870
f 4486 4428 4482
f 673 9673 9563
f 8604 7595 9597
f 11427 8103 11459
f 11921 11572 637
f 13059 8486 8494
f 4304 4249 4338
f 13456 13455 13460
f 4217 4215 4250
f 4542 4486 1236
f 4126 4167 4171
f 8757 6681 8121
f 4543 4605 2205
f 3734 5055 10365
f 8625 9682 9826
f 322 3853 1063
f 4212 4125 4249
f 4167 4041 4089
f 9511 12841 9364
f 9850 11688 11024
f 9837 9760 9919
f 11410 5070 6074
f 4089 4086 4125
f 4258 4253 4342
f 4644 4645 4608
f 5979 7368 12141
f 2258 736 888
f 4505 7348 3507
f 4460 4400 4457
f 4051 4008 4050
f 9927 10065 10066
f 318 320 13384
f 4549 12476 9107
f 5400 10019 4747
f 7318 7236 7235
f 5364 5361 518
f 9608 9508 9695
f 6245 6243 11932
f 5442 643 5418
f 10010 11383 5311
f 10432 6744 7936
f 5370 9151 4243
f 5320 2021 4550
f 1200 465 7135
f 14252 8472 11691
f 9695 9606 9693
f 3293 6578 3290
f 2452 1371 2455
f 5447 5448 4790
f 13569 12911 13101
f 5540 10954 9038
f 9834 12833 9835
f 4746 4918 4923
f 7544 8261 9444
f 5300 5152 5299
f 1082 4860 12685
f 11930 11993 1540
f 10573 1936 3126
f 4669 4838 4416
f 6335 8935 10005
f 9388 2144 4505
f 4854 5504 3660
f 2849 4929 4737
f 2099 4279 2182
f 12155 10083 10240
f 4736 4009 4034
f 7667 14071 715
f 9632 9634 12336
f 7942 5098 4349
f 10987 5255 4810
f 1585 3636 1384
f 4193 4774 4999
f 12153 8297 11627
f 4817 4848 5725
f 6617 6583 6726
f 2281 7265 2085
f 9263 9137 6399
f 10568 10518 14259
f 13528 12765 13428
f 1728 4394 7951
f 7223 7459 7558
f 4563 4596 10452
f 4655 4748 5324
f 4277 4065 9269
f 12501 12547 427
f 984 985 10101
f 10203 7770 10204
f 3922 3320 1339
f 744 11623 697
f 7752 6213 2035
f 4287 4238 4195
f 8162 8341 12185
f 13970 2555 11876
f 10079 10769 8840
f 8165 8162 11149
f 2432 7928 7641
f 161 322 9896
f 5878 5445 8023
f 4028 4393 4879
f 4210 4302 4303
f 4478 1597 4477
f 4449 4477 4419
f 4302 4379 4382
f 3956 3958 3954
f 12702 10276 6649
f 3256 3668 4882
f 10156 4868 595
f 3918 3847 3917
f 5036 2390 4868
f 5979 4727 7368
f 4548 4460 4547
f 6802 6928 4687
f 9729 9726 9862
f 6172 3501 1742
f 3482 3481 4883
f 4613 4579 4578
f 7075 4073 4525
f 3965 3964 4039
f 13363 9872 14012
f 11760 11348 12007
f 5721 5641 4969
f 1659 12435 6523
f 2108 1406 4907
f 3997 4086 3964
f 1969 1822 3784
f 8349 8237 8236
f 4089 4125 4212
f 11892 6979 6981
f 4172 4043 4126
f 4171 4215 4217
f 10027 9882 10176
f 11646 11121 11388
f 9104 5258 9461
f 12751 3165 12752
f 4530 2205 4478
f 4043 4006 4126
f 10470 4423 10539
f 10723 13961 9063
f 4644 4680 4684
f 4396 4457 4400
f 1508 11067 6760
f 10190 10265 10339
f 10103 10027 10181
f 4267 4177 4264
f 2716 4315 4343
f 9888 9811 9887
f 12853 5538 1922
f 4347 4269 4317
f 7902 7696 7900
f 3407 7113 3824
f 8676 510 2177
f 8464 10416 10346
f 8165 7968 13350
f 10339 10265 10338
f 13091 996 997
f 8988 6097 9376
f 2328 10913 10948
f 7686 7578 7890
f 3745 5134 3830
f 8374 5246 6086
f 12102 7157 672
f 2781 6994 5994
f 5136 5616 4102
f 10489 11427 12096
f 9568 11689 9563
f 9821 9899 9900
f 2348 11011 8502
f 13194 4894 9372
f 7882 13413 7954
f 10493 6553 10349
f 3248 3678 5313
f 4951 13625 5392
f 3853 9865 411
f 3108 4725 4723
f 3773 3823 6913
f 827 826 917
f 12342 12244 12620
f 1478 259 6473
f 2974 1147 1006
f 14140 6475 3160
f 5100 11399 5101
f 2444 1303 1228
f 9597 8504 8503
f 7663 8965 9267
f 10118 12509 10352
f 5118 5116 5559
f 9114 8867 8749
f 5237 5081 5021
f 3208 1890 14254
f 12475 5865 8510
f 6946 5627 5205
f 8981 9517 9346
f 12973 7637 6604
f 9697 9510 9608
f 11715 4168 4170
f 3613 3696 3614
f 9532 10168 9531
f 9035 8773 805
f 9364 12992 9031
f 9510 9436 9608
f 4152 282 1688
f 9765 9608 9695
f 1417 10137 10374
f 10286 8179 8108
f 8311 8873 10403
f 8705 8651 8579
f 1928 11740 6952
f 13667 13728 6904
f 4297 4293 4376
f 7936 6744 6719
f 742 8852 2622
f 7925 6719 7633
f 7406 3232 8252
f 8210 8126 2431
f 959 881 916
f 9479 8162 12185
f 3993 3914 3959
f 4530 4477 4472
f 2944 5638 12800
f 3371 3867 3251
f 4619 4456 4497
f 13819 1734 4714
f 5922 13125 5921
f 3995 3917 3994
f 3831 5366 10070
f 8755 1334 14065
f 4680 4643 4727
f 4303 4302 4382
f 7497 4497 6442
f 5488 10847 5611
f 1739 1565 8923
f 3860 10836 3672
f 4427 4428 4379
f 11695 7262 9838
f 11605 12660 13603
f 4612 8831 4561
f 7498 10946 10943
f 3471 6448 4917
f 2929 2812 2889
f 4542 4579 4495
f 6132 9705 5979
f 4253 4218 4217
f 4174 4129 4173
f 4043 4007 3931
f 4167 4089 4212
f 6055 6009 11258
f 1673 7791 5655
f 8190 13648 3577
f 11719 4181 11716
f 4314 4264 4219
f 5339 13716 5358
f 9979 8824 8825
f 13063 3766 3768
f 4764 4765 2894
f 3500 13061 6639
f 5206 4939 5056
f 5508 7815 10387
f 13826 1024 1023
f 3276 4227 3673
f 7479 10031 3781
f 10515 6020 10445
f 4353 3544 1547
f 630 14186 584
f 5101 4551 5100
f 7070 7155 7276
f 11305 8981 8980
f 10081 9856 11747
f 794 12725 12447
f 8817 2143 2405
f 3668 11722 4857
f 6159 4965 4228
f 4356 4308 12203
f 4888 4902 4927
f 7466 6699 8385
f 2218 6519 2244
f 3481 10531 3256
f 10320 6564 10530
f 12747 12928 12840
f 11367 11676 11943
f 8867 9114 10055
f 1654 5764 11034
f 4139 5455 5447
f 5195 5187 3435
f 5777 9124 9239
f 4838 5343 4840
f 12087 12021 12088
f 354 474 410
f 11602 9636 12078
f 8941 9161 8944
f 9202 3411 3984
f 12169 1987 12252
f 10827 2007 10452
f 2771 3011 2963
f 6463 6715 6608
f 4083 2532 11447
f 7680 7571 7786
f 13505 13020 13189
f 10586 5521 11273
f 2329 12640 4889
f 3577 13648 8251
f 11901 11904 12605
f 1702 1744 1897
f 4563 10452 4657
f 6291 6072 1509
f 13717 13715 6480
f 10103 9887 9952
f 6613 6560 6590
f 10185 10186 10032
f 9964 9962 10112
f 3994 3993 4079
f 4079 4118 3994
f 673 11290 672
f 11823 11121 11822
f 4156 4076 4106
f 7497 4619 4497
f 4379 1573 4301
f 12014 7158 11936
f 10486 10554 10412
f 4613 4648 4687
f 10493 4037 4409
f 4407 4042 8831
f 4218 4253 4258
f 3391 10794 7648
f 3067 3843 3177
f 1871 1870 12896
f 11994 14024 9572
f 6050 6928 6802
f 4218 4258 4260
f 9655 13429 8390
f 4303 4249 4210
f 312 353 10345
f 4250 4215 4304
f 4729 4037 8464
f 4177 4133 4264
f 9739 10783 5598
f 3902 6913 3823
f 11335 4205 12231
f 9337 8648 7463
f 3493 5637 9986
f 11452 10765 10773
f 1280 9107 6637
f 5400 11983 5465
f 1188 1187 1300
f 5149 5249 3781
f 1828 1963 3792
f 6531 9032 8243
f 6708 13915 18
f 4872 14265 4905
f 7615 8107 7456
f 10619 12170 13347
f 5569 5226 1512
f 10212 10122 10282
f 8755 14065 664
f 13368 12323 13283
f 12841 9248 9130
f 4935 4933 3552
f 5789 5787 5788
f 9364 9362 9436
f 9765 9695 9839
f 30 9166 9831
f 10281 7945 10431
f 10957 10958 10833
f 5597 14079 10526
f 4637 5604 4555
f 13700 5331 3078
f 9923 9765 9839
f 5747 7951 9846
f 9635 6933 10471
f 1880 2388 8026
f 521 730 6574
f 13625 3558 13642
f 8971 8849 8848
f 1804 518 5361
f 4803 4814 4074
f 5160 4723 4844
f 5970 6100 13900
f 5677 4877 5260
f 11930 4466 5471
f 1745 2515 1737
f 5458 4872 4901
f 8472 14252 8404
f 6488 2965 2967
f 13780 7975 6831
f 3990 3950 4024
f 2875 3491 8008
f 4383 3684 6448
f 5619 5620 9619
f 3250 3251 6320
f 2738 558 2734
f 10291 5566 10442
f 12994 13087 13088
f 9477 11329 9905
f 12362 11630 4859
f 12386 10704 10895
f 10265 10106 10187
f 9455 13149 13873
f 112 3000 13329
f 8765 5313 8532
f 5330 4056 4689
f 12902 4223 3846
f 2857 6830 2860
f 5085 5016 5015
f 7277 7159 7276
f 2432 9127 9137
f 2651 1736 3474
f 2514 2520 7975
f 3994 3917 3993
f 11330 10690 11337
f 3446 3453 6441
f 4604 10716 4603
f 6672 8715 8719
f 8507 4546 4615
f 10138 14197 7110
f 4643 4605 5742
f 3168 3172 6441
f 4727 4684 4680
f 4472 4477 4449
f 4645 4609 4574
f 4085 3995 3994
f 4687 7850 10049
f 10049 4613 4687
f 11847 9317 11451
f 2509 3633 13492
f 3391 7648 4615
f 12155 10086 10011
f 13344 2973 299
f 3143 5190 8105
f 4262 4174 4260
f 8713 3162 12305
f 3971 1649 3970
f 3366 9739 5598
f 8507 7648 10943
f 2563 4758 9426
f 4878 9589 11042
f 13930 7734 13711
f 4823 4873 5624
f 9177 8656 12252
f 5735 14257 3748
f 8618 1153 12182
f 12421 12311 12385
f 5726 4068 4216
f 5742 4605 9889
f 11592 11841 9875
f 10178 10177 10094
f 8648 3963 11786
f 14112 14092 1266
f 10328 10329 10172
f 9293 3392 9294
f 10375 8221 11070
f 12366 13130 3137
f 5249 5149 3747
f 5781 5808 5762
f 13820 9546 6040
f 5544 823 5545
f 2725 2133 336
f 11737 2934 13879
f 8017 7137 7063
f 5504 4696 5351
f 10176 10177 10178
f 9814 9958 9959
f 10269 10112 10110
f 11901 11347 11904
f 4986 5541 2421
f 11602 12078 11750
f 10813 4138 5088
f 2706 2732 11503
f 1376 13372 13645
f 8354 8237 8349
f 11103 10822 5559
f 10336 554 10338
f 4838 4669 4593
f 6396 6235 6384
f 6301 12466 12853
f 4667 5955 11197
f 3843 3844 3177
f 13131 5756 6036
f 4699 10547 938
f 7456 7457 918
f 6222 8265 6158
f 3524 8130 7059
f 4067 4184 4270
f 4564 4353 4597
f 4407 4409 4037
f 8211 10324 5082
f 4241 6010 4052
f 9813 9671 9891
f 4752 10496 4917
f 11702 11973 11506
f 4745 10441 5581
f 5467 6699 6893
f 7358 13292 12528
f 12558 12586 12607
f 2509 2280 4858
f 6480 6481 13717
f 1657 844 9497
f 2997 12353 9704
f 6134 12940 4372
f 8165 13350 8341
f 1114 1041 1143
f 4385 1608 4432
f 10422 10424 10205
f 10301 6074 5742
f 6903 9890 9889
f 7581 7579 7774
f 3278 3863 3250
f 4495 4452 4488
f 9555 9556 13092
f 9917 9831 9977
f 4453 4546 6442
f 12607 12586 12651
f 5578 7432 11135
f 8896 8632 8756
f 10131 10061 10129
f 1169 13382 1167
f 4578 4542 1236
f 5642 3988 3839
f 779 10057 10126
f 7945 9634 10431
f 4176 4051 4174
f 7324 3407 9442
f 9843 9842 10064
f 5979 9705 4684
f 9492 10373 10374
f 5361 1038 5360
f 4340 4250 4385
f 9165 9396 9294
f 3296 3297 5023
f 5770 7161 1343
f 4578 4648 4613
f 8264 11776 9930
f 840 729 518
f 1871 8467 1870
f 7446 5635 9476
f 11049 10710 10799
f 7516 7408 7514
f 11265 3937 4053
f 13400 1525 1752
f 2932 568 7032
f 9157 7530 1623
f 8461 8392 8460
f 1911 10580 6850
f 12608 12558 12607
f 4905 14265 7878
f 5784 7329 9002
f 13006 11283 13102
f 9852 3382 12402
f 10483 4494 6086
f 5188 1077 957
f 2318 2327 2319
f 9828 9825 5112
f 13334 13333 13406
f 5198 9006 6146
f 14019 10002 1364
f 8311 12573 5368
f 6665 7880 5871
f 4835 5522 5343
f 4403 10649 6333
f 4100 1208 7348
f 5038 1200 9145
f 6378 12474 8457
f 12586 12537 12536
f 13343 2453 2485
f 1938 1714 4772
f 10270 5182 5183
f 2009 11479 3017
f 13530 12402 3382
f 12255 12345 12257
f 2123 1176 12570
f 10141 4294 2386
f 4618 5052 5051
f 7950 13927 13926
f 2402 2267 2400
f 2872 4930 5008
f 6235 4446 6386
f 2473 14111 13118
f 8294 8296 3242
f 13515 10465 10361
f 6941 5750 5749
f 5654 5519 5371
f 7115 5718 7067
f 7110 14197 1578
f 11594 11616 12124
f 8214 7784 7106
f 4046 4702 11722
f 10475 10257 10474
f 4883 4056 3482
f 10257 10176 10178
f 3481 4882 5194
f 5034 10530 6564
f 10176 9882 10177
f 10334 10258 10475
f 10246 14 10015
f 1808 1747 5664
f 5325 5098 5324
f 12665 12608 12664
f 10816 7806 9380
f 12706 12676 12703
f 7317 12799 9815
f 6749 6632 6754
f 2311 11220 11273
f 10543 10475 10474
f 11348 11760 11758
f 11237 11241 2685
f 4251 5590 7649
f 9863 9864 9728
f 12501 12496 12545
f 4468 11103 5559
f 10688 2313 10921
f 5449 7649 4915
f 5128 1568 5066
f 9542 6590 6560
f 9076 1331 311
f 4034 3097 3098
f 7928 2432 6590
f 13469 7950 14230
f 9876 9950 9883
f 2748 3218 10005
f 10177 9882 9950
f 10261 554 10186
f 11227 2186 12918
f 10177 9950 10094
f 10185 10103 10181
f 3043 9506 9542
f 10185 10181 10261
f 10267 10190 10339
f 4457 4456 4547
f 4561 3680 3642
f 8619 13108 11022
f 12286 12237 12314
f 9821 9822 9679
f 4313 4260 4258
f 4684 4727 5979
f 3592 5642 4525
f 9707 5267 12053
f 9750 9747 9897
f 10186 554 10336
f 1343 3059 5770
f 4497 4456 4435
f 3844 3843 4286
f 7098 6632 6619
f 9773 963 9745
f 9966 9900 9964
f 12454 12453 12537
f 5472 4729 6713
f 9772 9597 12028
f 8745 8797 9549
f 7128 14028 7069
f 10411 10486 10412
f 13236 11197 10010
f 9201 9484 9486
f 12355 12317 12354
f 865 4442 11046
f 12260 12346 12282
f 11344 9378 4533
f 9362 9128 9434
f 9919 10057 9837
f 13181 18 6358
f 3450 3195 5502
f 4551 5541 4585
f 3678 10418 5208
f 4579 4613 10049
f 4396 4436 4457
f 249 11667 342
f 10796 12882 12170
f 6060 6090 6030
f 9436 9362 9508
f 7876 5125 7781
f 10515 6015 4716
f 14166 12937 5090
f 9873 9872 12015
f 8141 10375 10372
f 10424 12296 4761
f 5566 10129 10128
f 4035 2879 4036
f 752 286 248
f 1586 3159 1089
f 5966 6674 8444
f 3292 4732 3935
f 2818 10233 10197
f 8857 7870 5339
f 5785 5747 9846
f 9862 9860 12155
f 9080 10067 11134
f 5614 3874 3943
f 7689 7583 7798
f 7437 7355 3395
f 10492 4272 4962
f 3722 3525 3527
f 7057 13618 7356
f 3048 10933 11752
f 12588 7202 6916
f 3200 750 3404
f 3247 7745 3634
f 5455 4278 4735
f 12528 12529 2422
f 9761 6498 6482
f 10732 514 611
f 3295 3085 2876
f 14187 13913 11739
f 14091 757 14088
f 6426 5491 2191
f 5472 4044 4042
f 4689 4688 10535
f 12606 5944 12339
f 5068 5061 7217
f 9469 9540 12006
f 2377 1466 1843
f 5955 11145 11197
f 6725 3741 6184
f 9455 11062 12375
f 10857 4728 10861
f 3591 864 950
f 13002 12827 12915
f 11306 10964 12554
f 6058 6059 6023
f 6948 10069 6021
f 389 12517 13687
f 2130 13697 3871
f 5530 10492 5533
f 13913 14163 11739
f 4311 5502 3195
f 1725 4527 3949
f 1354 1275 1311
f 4666 3700 3777
f 10296 10374 10137
f 3892 7196 7351
f 4242 4160 4206
f 4543 13715 4605
f 10943 7497 8507
f 6738 6604 7551
f 4118 4085 3994
f 10628 1515 1408
f 12307 12282 12381
f 6991 6990 11632
f 4433 6442 4435
f 4573 4569 4644
f 7368 11410 12998
f 9984 10061 10131
f 12496 12428 12427
f 10803 11722 4702
f 1905 2568 2606
f 5158 4056 4883
f 3107 5940 8242
f 11859 12167 11313
f 4112 4783 4114
f 8965 5479 10590
f 3392 11894 9072
f 6802 6045 6050
f 11023 7156 11336
f 12168 11841 11484
f 2512 2298 1935
f 4655 5470 4748
f 2854 2812 2929
f 8168 6879 9407
f 11966 11694 11356
f 11760 11676 11758
f 10258 10176 10257
f 11824 11626 12003
f 14166 5032 4932
f 5920 11514 6078
f 10404 4611 8197
f 9895 9961 9897
f 4216 5092 5726
f 9949 10710 12230
f 10876 5547 2341
f 10412 10488 10414
f 5013 4241 4240
f 3813 7432 13930
f 3098 3097 5594
f 7593 10647 5188
f 11865 11621 8048
f 10488 4729 8464
f 10265 10336 10338
f 9563 11838 11831
f 12672 12655 12701
f 9961 9962 9897
f 673 9563 11831
f 6553 10493 4409
f 2716 4317 4222
f 7366 5923 14170
f 13587 13486 11846
f 1047 564 1048
f 175 114 7569
f 10045 9902 9966
f 9968 9822 9902
f 12943 12899 12917
f 5184 11040 5202
f 5234 2981 3181
f 11896 7439 11808
f 10045 9966 10115
f 4251 5218 5590
f 6111 6058 6110
f 5581 2584 4745
f 9597 7595 12028
f 2421 4902 4986
f 10346 10195 10414
f 10964 10822 9158
f 11447 13394 4083
f 6448 5591 5600
f 12071 11373 11264
f 4416 4676 2750
f 4932 13665 2025
f 2055 4324 2506
f 14253 12936 14251
f 9640 10183 8955
f 10983 3906 9706
f 11820 2295 13680
f 14101 13394 11447
f 1529 13880 5199
f 4748 5077 5037
f 11017 4440 4526
f 2341 5547 5262
f 10496 12509 10494
f 12021 11491 11881
f 8385 10585 7466
f 6368 488 3121
f 13719 12856 10073
f 7691 7883 7596
f 9763 9693 9837
f 12298 4761 12296
f 12669 4761 7945
f 8235 8321 8411
f 4521 13236 10010
f 37 11315 11132
f 9977 10209 10122
f 12368 465 9632
f 4015 5934 12296
f 4862 3296 1740
f 2896 2950 2637
f 6850 6651 1955
f 2652 10718 2996
f 6418 7633 7637
f 4448 6950 6659
f 4603 10716 6027
f 5360 1804 5361
f 6020 10446 10445
f 2664 2173 11396
f 9146 6213 7401
f 8995 13894 6708
f 5420 11122 4766
f 8616 9314 8730
f 12606 9844 9840
f 4644 4608 4573
f 10348 6418 6481
f 8081 7987 8173
f 2208 2131 2128
f 7928 9542 9506
f 6074 10301 6259
f 9383 6841 12160
f 4648 4578 4609
f 3071 5319 4381
f 12375 11063 491
f 3296 10847 9280
f 1734 13644 9849
f 11609 6686 833
f 3490 6814 3679
f 4578 4579 4542
f 8289 11118 6479
f 3930 3489 4286
f 4727 4643 5070
f 5092 7797 3666
f 506 4583 11687
f 6207 3075 7892
f 7825 3555 10573
f 8291 4744 4571
f 4482 4427 4479
f 5222 6203 6204
f 4495 4432 4452
f 7284 7361 7285
f 3672 3276 3673
f 4033 6479 3935
f 2872 424 2871
f 4295 8669 10406
f 13239 7545 3559
f 10779 10123 10124
f 537 487 580
f 13428 12765 13530
f 3882 4072 3298
f 12677 12596 12622
f 5486 6151 6152
f 7396 450 6810
f 81 12264 12418
f 4652 5297 4584
f 89 12855 56
f 1413 1390 1411
f 4773 3513 3512
f 10087 10088 9864
f 10533 10531 3482
f 10099 3252 9231
f 7738 6594 6935
f 5430 5705 5573
f 12677 12707 12678
f 14 10246 10325
f 8892 8793 8850
f 11184 6882 4549
f 13700 5398 5331
f 10325 10246 10393
f 2951 934 2572
f 7662 8965 7663
f 4871 4870 5477
f 12875 3600 3554
f 10404 554 10261
f 11484 12167 12168
f 12239 3366 9949
f 7649 3098 4915
f 9972 9088 9194
f 10323 10391 10467
f 2149 1903 11291
f 12442 12749 12471
f 5193 5012 5047
f 4873 4823 11035
f 4223 12902 7005
f 4216 12902 5092
f 5013 4240 10543
f 3846 7454 4420
f 9933 9118 753
f 4539 4706 4441
f 10032 9888 10185
f 10488 10554 6713
f 9887 10103 9888
f 9897 9962 9899
f 6641 11528 2513
f 5066 5084 4953
f 4397 4695 13520
f 9585 9625 9582
f 10349 6553 10494
f 4252 8197 13345
f 3781 5140 7479
f 10410 10411 10267
f 4407 8831 4409
f 10427 5614 5138
f 6488 6416 6890
f 6457 5377 5030
f 12754 13281 13325
f 6150 6149 6148
f 14024 9569 9572
f 12982 5216 2784
f 341 12682 12907
f 10554 3067 3177
f 10496 4752 14175
f 4042 3680 4561
f 12252 12221 12169
f 9320 9132 9273
f 13429 12705 4268
f 1673 8043 7066
f 5185 2058 5555
f 2226 7891 8027
f 9977 9166 10209
f 11154 637 11572
f 4918 4746 4920
f 13589 6989 12533
f 4654 14017 4653
f 8624 8504 11895
f 3471 6553 4383
f 30 9975 9166
f 14057 221 12802
f 4737 4929 5447
f 11548 9857 7814
f 4725 4468 4719
f 8929 6443 8328
f 2951 8652 934
f 9028 8766 9124
f 4676 4840 4843
f 4847 5293 5073
f 10708 10714 13813
f 9508 9434 9606
f 5081 11436 5021
f 12694 11724 12492
f 4282 4285 4593
f 6578 3293 3292
f 9842 9697 9765
f 4867 4544 7455
f 10281 12669 7945
f 8608 11651 2497
f 6482 6538 9761
f 8043 5655 143
f 4124 4128 4123
f 8567 7737 13343
f 14108 4937 13195
f 13251 12833 9834
f 1512 5284 2391
f 10897 2805 13382
f 11480 10476 452
f 1169 1167 1168
f 350 13759 7135
f 7528 7469 7470
f 1318 1393 5698
f 9889 13715 6903
f 909 1038 911
f 12998 14114 14047
f 265 224 3651
f 11134 10630 9080
f 1624 7530 4990
f 2527 2684 2530
f 3219 10762 6391
f 5742 6074 5070
f 146 174 175
f 4486 4574 1236
f 2346 2347 1183
f 10589 6144 7474
f 4456 4436 4435
f 3573 6813 7835
f 12948 11942 13790
f 1422 1393 1421
f 13746 5001 4692
f 2555 11303 6864
f 13141 13803 11497
f 10227 9619 12012
f 3395 7355 7507
f 13486 4929 2849
f 5026 10095 10763
f 3476 6658 2611
f 6455 5645 5504
f 7176 11547 12412
f 7323 6039 6905
f 5238 1125 769
f 6450 6537 6657
f 5027 9836 9001
f 7003 2876 4539
f 10412 10414 10269
f 4317 2716 4344
f 11019 10951 4443
f 5392 5088 4951
f 11747 2403 9702
f 13741 11081 13742
f 9300 6175 12049
f 2850 2848 2924
f 10531 3481 3482
f 1884 7857 3118
f 5429 14239 13346
f 10529 1353 5034
f 10736 10320 10243
f 2686 4259 11075
f 1465 12520 1250
f 5322 5323 5214
f 3503 3889 3888
f 10533 5330 10467
f 800 7857 1884
f 9523 10100 3361
f 11822 11023 11823
f 5809 10640 6184
f 5329 2493 5102
f 4864 11395 5482
f 9883 9882 9884
f 10549 4707 10551
f 2691 8357 2559
f 6603 4601 4600
f 10539 10474 10329
f 4223 4539 5328
f 7295 2518 171
f 10091 1475 10711
f 4282 4928 6794
f 8782 8663 13031
f 4883 3481 5194
f 10096 3544 4353
f 1016 12201 1157
f 5542 1644 2843
f 4254 7649 5449
f 11725 9252 14206
f 5019 5352 5355
f 10106 9957 10187
f 3877 9557 12908
f 9269 9451 491
f 10267 10110 10109
f 4481 4480 9063
f 10110 9961 10109
f 6553 3471 10494
f 10474 10257 10329
f 10407 10410 10339
f 10547 5449 10549
f 10951 13053 4443
f 1544 13423 13512
f 13374 14161 14155
f 4669 4928 4282
f 11815 12029 11982
f 5108 6658 3476
f 4219 4132 4176
f 9968 9753 9822
f 11028 11678 3021
f 4919 119 8813
f 13345 4240 4052
f 11477 11426 11327
f 3311 11873 4300
f 10477 10543 4611
f 9678 9750 9899
f 4838 4593 4835
f 5116 2750 5559
f 10349 10274 10416
f 4606 6459 3639
f 11813 4055 3938
f 9962 9961 10112
f 5602 6209 11754
f 12481 13635 5258
f 6524 332 7925
f 6399 6627 9264
f 6713 4044 5472
f 9976 9975 11552
f 9569 9747 9750
f 6856 6516 11913
f 13085 11612 12904
f 5635 7446 9575
f 7397 6770 7391
f 4930 10302 13950
f 4422 4301 4336
f 6831 10326 5018
f 10892 6402 10206
f 9606 9434 9433
f 13620 13814 13619
f 6449 6313 10510
f 13276 7058 13565
f 12249 10205 10424
f 12028 11361 11707
f 2653 2652 5659
f 2696 2368 51
f 9917 9760 9689
f 11069 1399 6761
f 8900 12084 6996
f 350 7135 465
f 2823 5863 14254
f 9280 10847 5488
f 12933 13165 13095
f 9632 465 4726
f 2595 4583 506
f 410 474 476
f 13513 11508 10618
f 3849 6020 3851
f 4467 4708 4774
f 6313 3163 3477
f 9920 11942 1651
f 9381 9581 4726
f 12806 3195 10992
f 7176 10080 11547
f 10129 5566 10291
f 9701 9845 9080
f 12573 12159 11843
f 10515 10444 6015
f 12992 9130 805
f 4905 4901 4872
f 3306 10164 7065
f 10156 10238 9856
f 3868 361 359
f 3079 4769 4876
f 5257 4700 8026
f 1071 7698 2536
f 6615 10310 8712
f 11422 13527 8541
f 8269 2006 7661
f 2173 4959 2174
f 11130 11131 11076
f 10266 10175 9874
f 3380 5007 4952
f 9229 170 1173
f 5344 5345 5323
f 4747 10019 132
f 9435 9786 10008
f 1553 2435 4721
f 8219 7661 8220
f 3256 10531 10530
f 12694 4292 12085
f 6622 10529 11039
f 5158 3928 5156
f 352 624 4858
f 11670 8273 6799
f 857 4768 8559
f 10243 10086 10736
f 3553 5108 11178
f 3889 5167 4586
f 12377 10146 6299
f 7296 2650 10377
f 3108 5157 4812
f 9952 8051 9884
f 7210 984 6527
f 12167 11824 12003
f 4871 4247 4420
f 2768 10844 11167
f 2226 8132 8030
f 8983 340 283
f 10080 9857 11547
f 10483 10484 11325
f 655 12927 715
f 7377 7378 7205
f 6942 5 5359
f 4871 4420 4424
f 9950 9882 9883
f 4467 4831 4320
f 7525 13713 11766
f 5328 5193 5047
f 5225 5124 5649
f 10329 10257 10178
f 5050 4272 13746
f 9019 8910 11614
f 5632 4358 4362
f 3085 2770 9451
f 613 13967 2106
f 5887 11707 11361
f 11822 8051 9807
f 9821 9678 9899
f 2443 1300 1302
f 3844 3489 3490
f 3641 7012 4391
f 14099 406 13133
f 11100 1541 9025
f 10261 10181 10334
f 4230 4768 4231
f 3177 3844 4590
f 6590 9137 6613
f 6628 6680 6627
f 9899 9750 9897
f 4287 4332 4293
f 5692 5296 4741
f 9231 9550 10099
f 2520 2514 4276
f 3677 5018 14047
f 9900 9962 9964
f 10438 4636 4557
f 14250 3403 9740
f 3680 4042 4044
f 9750 9678 9572
f 13522 926 1025
f 11694 11154 11572
f 10422 10204 10420
f 1254 3059 1343
f 10269 10110 10411
f 4226 5448 5458
f 1811 6608 6609
f 5591 6448 3684
f 10204 8572 10352
f 10338 554 4699
f 13944 13960 14013
f 4753 10585 1654
f 10714 5670 13052
f 849 12359 9000
f 5972 10307 8862
f 14174 10841 9087
f 8101 1530 3360
f 5530 880 4756
f 5220 5225 5672
f 8844 10502 10518
f 5305 6813 3568
f 7502 8209 5105
f 4228 11436 5081
f 5388 5649 5630
f 7935 3597 12404
f 4155 9631 2539
f 4227 3273 11687
f 11963 11947 12079
f 10360 9581 9381
f 5388 5630 5631
f 10494 3471 4917
f 12249 10424 4761
f 7501 7431 7692
f 6458 12637 8763
f 4011 7241 7640
f 5869 5566 4633
f 6319 7455 7135
f 5016 5085 5131
f 10359 429 366
f 4988 4899 5500
f 10508 6449 10510
f 1103 3728 3603
f 9151 3389 3387
f 2328 5249 3747
f 11942 9920 11134
f 5165 5520 4775
f 4244 5178 10270
f 2493 5329 11242
f 10369 6353 12745
f 13017 11489 8707
f 9122 9020 9019
f 5926 5899 6397
f 5336 5335 5582
f 10987 1301 2900
f 10122 10126 9978
f 2085 7307 1010
f 14266 9497 10807
f 8463 3384 3382
f 3170 3172 3168
f 13665 4932 5031
f 10349 10416 10493
f 10346 10196 10195
f 5050 11302 4272
f 10087 10011 10086
f 11439 5121 5384
f 13331 13611 13636
f 10530 5034 3256
f 256 260 259
f 2390 2599 13376
f 5603 3053 5342
f 4369 4367 4470
f 1583 5601 1818
f 5910 6786 3339
f 4139 4790 4793
f 569 610 611
f 3451 12013 3450
f 13345 4611 4240
f 5590 3098 7649
f 4413 4412 8113
f 10088 10323 10246
f 11881 11430 12021
f 11858 11659 11859
f 3928 5194 3081
f 8964 8893 8854
f 4883 3928 5158
f 10258 10334 10181
f 7878 5530 7877
f 4539 4223 7003
f 4882 3668 4857
f 5715 5156 5726
f 985 984 7210
f 4237 3295 7003
f 7599 9506 6738
f 12646 9326 5640
f 8238 8066 8158
f 7003 3295 2876
f 7551 7406 6738
f 6596 3251 3250
f 12329 11911 6772
f 10115 9966 10196
f 11236 11352 11230
f 9509 11765 6481
f 9315 13336 11329
f 10274 10115 10196
f 13430 13471 13511
f 6185 5993 5964
f 9671 7157 9811
f 4393 5347 4391
f 6402 844 1657
f 5439 5575 4820
f 5157 3108 4723
f 4286 3843 5594
f 12887 12938 12957
f 6729 6832 7042
f 5118 10746 6796
f 7225 11146 761
f 4065 4277 3644
f 13159 13348 7313
f 1334 1128 13177
f 10493 10416 4037
f 671 594 10724
f 4234 5218 5349
f 3177 4590 10554
f 9360 9262 9420
f 10327 2099 11496
f 10907 1722 8441
f 13105 2708 12801
f 4011 4911 4909
f 1287 803 2042
f 10494 12509 10349
f 4316 967 13580
f 6798 5040 6689
f 954 1629 1043
f 13402 4473 10587
f 7661 4509 8220
f 10409 825 11914
f 11615 5570 4960
f 13508 13505 13167
f 5515 11663 5498
f 14087 8732 2629
f 3951 3532 2558
f 4864 5498 5121
f 2155 11116 1579
f 13928 13990 13929
f 12824 13291 14131
f 4478 4477 4530
f 4133 4219 4264
f 3837 3780 13427
f 13520 8699 4397
f 6819 6610 6609
f 3438 5198 5405
f 5485 4864 5482
f 1334 10018 14065
f 6814 6460 3641
f 10608 4319 4312
f 12083 12603 13436
f 10007 10638 10828
f 3283 3077 8289
f 644 5950 646
f 1907 13587 4762
f 8895 8749 8616
f 7135 13759 6319
f 517 4330 4154
f 6204 7642 5486
f 4842 1627 10241
f 7440 11548 7814
f 4844 4843 1091
f 7895 7799 7963
f 12443 107 13317
f 13395 13463 13360
f 4986 4902 4987
f 4119 4281 4765
f 4903 4972 4446
f 5458 5448 4872
f 295 829 873
f 11302 5352 4962
f 4820 4708 5439
f 4635 4285 4554
f 4407 4729 5472
f 10714 2511 4193
f 13692 1880 9062
f 3544 3107 4311
f 4835 5572 5522
f 4066 5455 4139
f 7766 4912 13009
f 5874 2969 2037
f 10767 4526 4440
f 9727 9742 9751
f 12272 6378 6377
f 6362 6385 13029
f 4449 4418 4448
f 4449 4332 4418
f 12320 3037 11240
f 6485 8035 7397
f 4886 13908 4779
f 4687 4685 6802
f 5867 5871 7880
f 8128 8209 8087
f 11309 10764 12787
f 509 353 405
f 10348 6659 13307
f 9271 9222 4646
f 8258 9970 6262
f 11933 4629 4184
f 4584 10484 4652
f 10428 10429 10295
f 5320 5394 5318
f 5181 5856 4025
f 7424 7341 7420
f 6255 8265 6254
f 7568 8601 7675
f 12124 11616 8537
f 14018 13291 14124
f 3597 9104 8532
f 11036 5764 4104
f 9978 9919 9917
f 7678 7568 7675
f 10235 6782 12602
f 572 4000 478
f 10028 6150 6189
f 5105 8128 4759
f 9206 10560 596
f 11552 7595 9976
f 3006 13608 10653
f 8986 8879 8939
f 12422 4130 7441
f 2557 2558 12574
f 14217 7226 7039
f 11750 12078 12075
f 3540 13758 3472
f 3371 1400 1638
f 152 867 2562
f 3542 6163 3884
f 7251 7373 7375
f 4781 4730 5094
f 5443 4349 5444
f 11879 11880 12302
f 1948 2934 14109
f 2052 9844 12606
f 10427 4959 4885
f 14117 646 5950
f 5408 5280 12670
f 3147 8359 9663
f 3627 6808 13037
f 7675 8601 7674
f 4410 13066 2335
f 7162 7097 7254
f 5175 4857 8688
f 5632 5646 4897
f 11436 4228 4538
f 3298 6639 3882
f 8923 4602 1366
f 5971 6372 10760
f 77 145 10
f 13983 14074 7134
f 2293 10913 2169
f 6918 4848 6425
f 433 241 5977
f 13821 8117 6717
f 5742 9889 10301
f 4596 4563 4555
f 9777 10776 3072
f 6856 1624 4989
f 5174 6459 6461
f 4422 4377 4421
f 3050 12431 4185
f 10576 9777 6299
f 4445 4812 4767
f 12050 148 9429
f 384 9704 12353
f 1005 3150 4476
f 6658 4030 951
f 4655 5324 5098
f 14062 11582 14061
f 3406 3438 5405
f 11273 11220 10586
f 1833 6350 13208
f 10287 8105 5190
f 11390 10568 5521
f 2421 5541 4974
f 2517 40 1047
f 4566 13635 1659
f 1163 3712 3895
f 177 3652 11862
f 880 5530 7878
f 10234 9985 4538
f 1965 1364 2273
f 5614 5162 3874
f 9107 10303 6637
f 3406 5231 2336
f 5550 5003 5551
f 13879 2934 1947
f 13327 4461 7102
f 2886 5726 5156
f 9982 2233 4628
f 12823 6158 3507
f 6888 7850 6643
f 2719 2718 2754
f 3592 4073 4686
f 4859 11700 13115
f 12740 12716 13893
f 12099 14239 5429
f 11333 13520 8284
f 1477 4711 4568
f 11727 9565 14234
f 1829 13673 11046
f 9739 11135 9980
f 11310 13303 13896
f 12936 11630 10870
f 11238 4120 2821
f 4988 5500 11981
f 11412 4326 4414
f 3639 4386 4606
f 5440 13311 13312
f 139 148 9431
f 38 11 7404
f 5185 5162 10877
f 5205 5206 6946
f 2055 2506 2056
f 5133 5570 5587
f 8134 8031 8132
f 5184 4775 5520
f 12871 13018 10664
f 9840 6191 12606
f 4719 4676 4843
f 1544 1543 439
f 5602 468 6209
f 5498 11663 5121
f 8667 3161 1796
f 8508 8688 10803
f 4756 13458 10492
f 10127 779 10364
f 5620 12013 2899
f 10491 7913 8003
f 9973 5437 5329
f 5521 2329 11390
f 2092 2090 2425
f 11249 10048 12508
f 10861 1477 4713
f 6085 10069 6948
f 980 9277 1385
f 5958 5935 5981
f 4974 5541 4513
f 7777 13770 13771
f 5435 10861 5523
f 1477 5435 5387
f 9084 8977 9081
f 12637 6458 6325
f 9755 9744 13284
f 4376 4293 4419
f 13479 13480 13443
f 4448 4472 4449
f 11738 13689 12756
f 4439 4865 5379
f 2581 12752 3165
f 8593 8592 8672
f 4515 4270 4591
f 2789 13076 2883
f 5380 11474 11596
f 5318 2169 9400
f 7203 5159 6581
f 5503 5478 5441
f 5550 4960 5003
f 4226 4320 4831
f 12335 4629 6099
f 10013 6549 11581
f 13736 12052 13663
f 5138 5614 3943
f 4965 10234 4538
f 7601 12335 6100
f 12248 12372 9560
f 7215 2776 2604
f 5206 5133 5586
f 8132 2226 8129
f 5967 5494 6091
f 8220 8140 8219
f 4247 7797 4420
f 11204 825 1219
f 14117 439 1543
f 12457 12541 12416
f 13760 6833 1549
f 11448 5382 5321
f 13674 11203 3099
f 12499 8015 1789
f 13427 7548 3837
f 5069 3103 12181
f 1612 4580 1260
f 1873 13565 12015
f 11918 5016 5131
f 12549 12136 8878
f 9087 9277 8899
f 7572 7485 7680
f 8215 8213 4673
f 7520 12954 9624
f 4622 7241 7213
f 9676 1591 1738
f 2202 2201 2535
f 4819 2951 6746
f 1652 13004 2657
f 13541 11088 550
f 12937 12561 5090
f 13899 13079 13294
f 12357 6874 12360
f 2493 6883 5102
f 6148 6126 7040
f 11581 602 869
f 2268 10586 11220
f 4568 4713 1477
f 3621 3699 3622
f 6867 6675 6866
f 119 12633 929
f 5583 14285 8138
f 2667 2502 2670
f 10220 12028 11707
f 6247 3455 3380
f 13309 10804 5353
f 4817 5725 7605
f 8763 1015 6516
f 835 5954 9078
f 10720 5042 7802
f 8360 9912 9163
f 13422 13479 13438
f 4903 2421 4972
f 8363 10239 10986
f 7546 7658 7538
f 10894 10924 10886
f 11406 5136 5392
f 6992 7884 9221
f 5031 6382 5026
f 4476 414 13764
f 10224 8358 2747
f 8296 8298 8564
f 4015 10424 10422
f 1880 5202 11040
f 5534 12937 2025
f 5529 5970 5718
f 2174 13577 10695
f 5555 5681 5595
f 7943 7558 13434
f 136 1256 2442
f 4072 2886 2864
f 7685 7575 7790
f 7335 7162 7254
f 929 12828 13703
f 7424 7425 7261
f 11981 4863 14239
f 5271 5172 5306
f 5015 4953 5084
f 1492 1146 6650
f 4390 6295 4040
f 3752 14022 12774
f 10917 11679 9414
f 14039 2417 5723
f 11358 8476 8306
f 11050 11340 10009
f 3369 3363 13737
f 9985 3943 3874
f 11643 7988 6640
f 1787 2248 1936
f 8188 6339 3978
f 1147 2979 13334
f 5030 3618 3998
f 7310 6315 13997
f 11733 2331 11014
f 7106 13250 10718
f 8026 4700 5202
f 3342 2677 3367
f 6382 5523 4728
f 4762 8009 4348
f 10765 8287 10773
f 4103 4233 4101
f 11178 5108 4693
f 4555 5604 4596
f 13734 13733 13761
f 2199 4229 5223
f 11912 5081 5286
f 5026 5024 5031
f 10934 3722 12104
f 6824 10239 472
f 624 13656 5943
f 12554 11032 12549
f 5487 5470 4655
f 4971 5996 6384
f 9277 980 8899
f 4594 4967 6273
f 5368 4365 8311
f 3152 3945 3944
f 4071 2686 2692
f 5516 5625 5005
f 4786 21 10381
f 5454 4349 5325
f 3667 11474 5380
f 12771 12498 12490
f 5077 4980 5037
f 449 345 337
f 6323 9060 8563
f 6031 6030 6062
f 11386 7833 3178
f 7823 8518 2038
f 9225 12800 2709
f 9784 12316 10468
f 10921 2313 11363
f 6504 14223 5823
f 9075 8972 9074
f 10403 12573 8311
f 1217 12275 13242
f 8129 8090 8215
f 13305 13300 7739
f 13317 4755 12443
f 13403 14152 3053
f 8824 9829 533
f 13403 3053 6159
f 11406 2174 4959
f 1960 11791 10299
f 406 11421 13681
f 4737 5455 4735
f 4526 4831 4467
f 12937 4932 2025
f 10248 13876 11328
f 14235 5760 9565
f 5080 5221 11123
f 5822 7145 6939
f 5060 5653 4960
f 13209 1782 13952
f 13904 12375 13923
f 9650 9681 4059
f 7350 7177 7112
f 13093 12692 12109
f 10760 6372 12388
f 11552 9975 30
f 5227 3453 3746
f 5172 1568 5128
f 8012 5716 3359
f 4953 5015 4863
f 5062 5007 8678
f 5217 5126 5215
f 5066 5062 5128
f 11202 2193 12321
f 10169 5341 9591
f 1744 1626 2435
f 5481 5493 8913
f 6065 4703 5354
f 4242 4204 4336
f 5205 4897 4939
f 8485 8628 11524
f 1735 2201 2202
f 1921 14171 85
f 647 552 645
f 8141 10372 8097
f 5621 5625 5516
f 4976 5257 8026
f 12633 4919 11714
f 11157 11037 11156
f 7036 3175 11278
f 3506 3508 1978
f 8471 8470 8557
f 10767 4562 4791
f 11844 11842 5582
f 4597 4804 4800
f 5044 5572 4970
f 10399 10016 10721
f 1891 3761 3760
f 1547 4709 4597
f 11375 11523 11525
f 8287 10765 13923
f 2070 14027 14249
f 8354 8349 8520
f 8294 8237 8354
f 12766 12793 12817
f 11047 7115 14160
f 6377 6378 8457
f 5771 5837 5797
f 3543 3580 3622
f 1852 1853 12373
f 13271 6390 9025
f 390 8698 10968
f 9741 9724 9738
f 12569 12465 11405
f 2056 11439 5384
f 307 11032 11220
f 1359 426 1168
f 4959 10427 11406
f 6685 833 6421
f 11840 11843 14174
f 3233 3230 3265
f 5965 3585 3663
f 11181 4292 13011
f 6057 12160 10524
f 5659 2996 12892
f 3477 4731 4717
f 11357 13230 12205
f 5184 6688 4775
f 7156 12102 11336
f 6847 1567 1894
f 8027 7890 7962
f 5163 5164 5482
f 5444 5380 5381
f 6775 6872 6679
f 5136 5088 5392
f 11615 4828 10380
f 2544 2379 2378
f 4775 5398 5423
f 5007 3380 13542
f 2526 1909 10583
f 12716 11789 7352
f 2528 2535 2201
f 4863 5015 14239
f 8931 2013 8932
f 10664 12870 12871
f 10839 5746 2806
f 3546 10400 7524
f 14206 14208 12213
f 3547 2034 2351
f 5066 4953 4952
f 6152 5222 5486
f 3735 2862 2193
f 5217 5172 5128
f 7548 4982 1668
f 13938 13757 13756
f 4391 7012 4393
f 6589 1989 1689
f 5209 7017 3231
f 7465 7467 2792
f 5134 3745 3702
f 5967 5134 5494
f 7467 7529 7528
f 2890 5272 3079
f 2489 4674 6033
f 5660 5649 5651
f 3253 3252 5384
f 6182 5849 5891
f 1913 7479 5139
f 10099 9550 7911
f 11596 5381 5380
f 1723 5060 14110
f 13683 13738 2468
f 14215 10749 2715
f 8090 7962 8089
f 4513 5541 4551
f 4567 4568 4711
f 7040 6101 6146
f 11369 11370 11287
f 1139 2728 1212
f 3057 2728 1139
f 11234 11072 11237
f 2522 2856 2523
f 4674 5574 6033
f 14110 13504 4825
f 5380 5444 5466
f 6274 4967 7860
f 3270 2859 3269
f 12997 12822 12910
f 2379 10976 2046
f 12608 12607 12664
f 11175 10781 11180
f 848 2528 2530
f 7745 8207 8208
f 8524 8398 8468
f 3438 3406 5189
f 10614 10586 2268
f 9932 4026 8563
f 9152 5149 5146
f 11436 4538 5280
f 10437 11098 5676
f 5256 12560 2058
f 225 197 8416
f 12216 11795 12223
f 11898 8217 8215
f 11637 13897 11636
f 7384 10778 5275
f 4509 5424 5423
f 5424 4509 4502
f 13561 14185 4577
f 5200 11929 2344
f 5348 2306 5191
f 4651 4013 5569
f 10380 5673 10646
f 572 478 525
f 13884 13941 13886
f 13638 1902 7046
f 640 369 9652
f 12171 1150 9493
f 4391 3679 3641
f 6707 10752 14290
f 5452 6707 10626
f 3930 4744 6179
f 12701 12730 12703
f 5307 1002 5241
f 4525 3655 3665
f 8142 7130 8143
f 10711 10528 1737
f 12740 13905 9749
f 11907 4686 14205
f 14202 6387 12740
f 11105 11169 11104
f 2496 11239 9749
f 2417 9429 2240
f 5173 1568 5172
f 4740 4988 11981
f 5767 12557 2396
f 1288 8778 8498
f 1358 1428 1326
f 5642 3655 4525
f 9292 9293 9294
f 11458 11529 11604
f 3464 11231 11235
f 2335 4825 13504
f 11156 848 11155
f 4769 1270 4877
f 7674 7776 7782
f 3057 3266 2851
f 11295 11377 11456
f 1587 11091 1581
f 13420 11174 13730
f 3164 9641 2567
f 11395 5121 11439
f 6296 5248 3331
f 10358 10356 10473
f 9011 11920 8065
f 9676 2374 2041
f 5556 5316 5535
f 11775 11611 11864
f 6007 1347 6026
f 6086 4494 8374
f 12254 12449 12351
f 12100 7348 2144
f 12349 12254 12253
f 10579 13028 7204
f 10843 13988 10904
f 5819 165 8079
f 4904 7241 4909
f 12923 2439 12903
f 7040 9007 6148
f 10948 10913 2293
f 3640 17 13863
f 12698 12651 12661
f 9781 8274 9991
f 9603 9570 9584
f 8374 3747 5246
f 6118 5965 9768
f 926 892 925
f 6729 6731 6631
f 9589 10219 11042
f 8234 9641 12572
f 12847 2147 2065
f 4468 5559 2750
f 4765 4763 2894
f 4875 101 10189
f 1219 7232 11204
f 11290 12102 672
f 5035 5041 5312
f 11618 11701 13515
f 3254 7267 3478
f 13879 11453 11792
f 12665 12664 12726
f 3195 3450 1698
f 13062 10664 10684
f 8099 8007 1205
f 11876 10868 13785
f 8658 8545 8655
f 8113 1084 4413
f 4961 11401 5120
f 1961 2007 13572
f 9313 9299 9176
f 14153 14152 3426
f 5162 5185 3874
f 12617 12565 12589
f 12451 12486 12453
f 8969 1768 11755
f 12616 12437 4402
f 9103 289 8974
f 7077 7385 7138
f 5134 5967 5804
f 12267 12235 12208
f 11127 11286 11128
f 2530 11190 11155
f 7441 8781 12422
f 9981 13782 4463
f 6250 5442 3719
f 7395 14250 10500
f 4164 7591 7593
f 12035 12131 12243
f 2855 3464 3060
f 6902 12181 3103
f 11287 11231 11189
f 11295 11296 11190
f 11907 14205 5811
f 9749 11239 14202
f 3138 10230 3140
f 12897 6346 13529
f 9232 13485 9523
f 5341 10169 12963
f 10682 4531 13418
f 4383 8831 3684
f 14193 985 7840
f 12457 12562 12541
f 2535 2372 2202
f 7675 7674 7782
f 2378 1620 2544
f 11382 11157 11299
f 5247 6092 5804
f 3618 1757 4403
f 9824 2598 9868
f 1081 5989 5229
f 8352 8266 8094
f 5324 5097 5325
f 12421 12385 12459
f 10965 6393 7381
f 2173 10695 5163
f 3438 8916 5198
f 12427 12425 12494
f 13128 13958 13034
f 4362 2339 5646
f 5191 3438 5189
f 14213 8571 9350
f 6026 1347 6047
f 9143 9142 13872
f 9493 1150 9216
f 2339 4362 5348
f 7036 4271 4710
f 4641 13329 3000
f 11115 11925 11126
f 7661 2006 4502
f 5102 4464 185
f 911 2305 909
f 13168 12768 9804
f 3246 3280 3282
f 10856 1338 1227
f 2648 4136 7146
f 8713 6683 2338
f 11018 1947 1948
f 11432 11399 5195
f 5031 5024 13665
f 10093 5308 11928
f 5342 10813 4102
f 73 70 142
f 11898 10272 4856
f 13412 10491 8003
f 5246 5243 6086
f 11607 11329 9477
f 5878 4273 5445
f 5588 5225 5220
f 12317 12269 12241
f 11167 10844 10904
f 11490 14210 11526
f 5672 5649 5660
f 12990 1734 13819
f 5172 5217 5306
f 1568 5084 5066
f 12613 12652 12614
f 8616 9016 8895
f 14205 2098 5811
f 3789 3790 8736
f 5376 531 13688
f 6453 5420 3005
f 8678 5007 13542
f 6912 1906 1738
f 5321 5302 11448
f 3396 3428 3429
f 6652 2698 12105
f 5723 2417 1884
f 1768 8969 11443
f 5627 2322 2323
f 9006 5198 8916
f 6980 6280 6141
f 7316 5696 11932
f 7625 7733 4906
f 11471 9441 11473
f 5348 5189 13066
f 12895 12807 12723
f 3584 4358 5610
f 14017 9589 5571
f 11759 11757 11849
f 3274 2684 3270
f 5798 8691 3476
f 7479 1913 6157
f 2684 2859 3270
f 11295 11293 11377
f 4960 5567 11615
f 2851 2678 2728
f 2528 2201 2200
f 4825 14109 14110
f 12148 8749 8895
f 3060 2858 2856
f 12209 12178 12208
f 13123 13827 1279
f 9214 7600 14135
f 11757 11756 11848
f 5280 4538 9985
f 13066 2339 5348
f 9580 12548 9642
f 11949 4345 10911
f 5697 4513 4464
f 2306 8918 5191
f 2542 1620 2378
f 5291 5304 5687
f 11532 11300 11382
f 8918 6217 8916
f 1710 7205 5083
f 12596 12567 12622
f 7040 6146 9007
f 13929 13931 13910
f 2322 5586 5259
f 13176 13536 13439
f 3747 8374 2328
f 14045 14046 5394
f 14222 14221 14282
f 5919 14139 14176
f 12814 12864 12815
f 5272 5264 3079
f 7549 4851 619
f 3112 501 4290
f 2890 4876 1145
f 6953 7018 4674
f 964 7832 6703
f 3872 14089 4914
f 13154 6444 6914
f 3946 4627 5794
f 13814 13620 12426
f 11789 4032 3398
f 3136 3303 5546
f 891 883 12154
f 5321 5344 5322
f 5553 4425 5908
f 11660 11748 14261
f 13793 13795 13760
f 13775 14130 14154
f 4952 5500 4899
f 5124 5630 5649
f 6081 6443 8929
f 6789 7402 7712
f 14063 11499 6430
f 12000 5304 5303
f 995 13253 1668
f 14045 5675 2318
f 1511 1510 7129
f 6089 6047 6087
f 5528 5166 6092
f 5303 5394 12000
f 5247 2318 5675
f 5176 5333 5178
f 5166 3830 5134
f 11731 12180 13106
f 4372 8620 7726
f 2595 9104 9461
f 5247 5675 6092
f 2666 10628 12467
f 4889 5438 11390
f 8778 8704 1680
f 10747 10676 10622
f 6383 6362 6359
f 5181 4025 4380
f 2069 2068 2224
f 3064 5235 3026
f 4246 2775 3661
f 12364 2779 4734
f 6983 7184 7118
f 7412 12037 12135
f 8268 8132 8217
f 1317 1316 1355
f 8838 6221 2495
f 11292 3269 11235
f 2092 2425 1859
f 11851 11759 11849
f 5522 5572 5044
f 4861 5610 5632
f 11443 11588 9576
f 2120 1342 2624
f 8895 12147 12148
f 10020 1020 11445
f 7370 11800 10757
f 5310 6128 6153
f 11946 694 11764
f 3274 11293 11295
f 2169 915 2293
f 13655 9046 13047
f 5586 6946 5206
f 1270 5284 5683
f 7542 7543 12823
f 3762 301 303
f 3270 3269 11292
f 11190 2530 3274
f 3745 3830 5396
f 11531 11604 11680
f 2340 5696 10876
f 5882 6730 6332
f 11529 11458 11296
f 12757 3600 13495
f 11285 8309 13419
f 13322 6219 2358
f 5435 1477 10861
f 3079 5264 4651
f 2416 2298 2407
f 12818 12869 12819
f 12526 12250 12343
f 12140 12349 12253
f 13962 11151 13532
f 6399 9127 9308
f 11377 11375 11454
f 6535 6435 6530
f 6391 6381 11905
f 4649 5965 9152
f 14194 5294 14286
f 5547 5226 5262
f 5219 108 8101
f 9471 10315 14051
f 5386 5418 643
f 11776 8264 4032
f 9037 4307 13457
f 5219 8101 5129
f 13211 14035 13987
f 7061 11202 12365
f 5460 5441 5478
f 13906 13928 13907
f 3519 3910 3911
f 5241 3005 5307
f 7842 13013 12180
f 2538 6850 10580
f 9154 8986 9043
f 14245 10848 12289
f 6221 8317 7751
f 8175 12535 10976
f 2453 13343 7737
f 12714 2224 2068
f 6110 10068 6103
f 9514 67 4830
f 3904 3980 3981
f 4805 5528 6092
f 2813 2733 2769
f 4381 5319 1638
f 11229 3249 11797
f 10598 7144 7222
f 13718 8748 11826
f 8127 3811 14135
f 6118 6128 3585
f 8564 3242 8296
f 5697 5996 4971
f 6584 6534 6701
f 11957 3007 2364
f 14261 11617 11660
f 6115 6118 6089
f 3581 3662 2639
f 5381 11453 5444
f 13653 5789 9348
f 8184 7997 8183
f 3865 3939 3979
f 2500 9025 1541
f 6189 6190 10028
f 2997 2401 3221
f 1726 9794 1563
f 12054 11894 12114
f 9400 2021 5320
f 3974 8116 10578
f 10005 8222 6335
f 5804 5166 5134
f 5291 5683 5284
f 7106 10718 8214
f 2076 2420 2533
f 11454 11375 11525
f 2210 2208 2507
f 9936 10500 14250
f 5497 8660 7202
f 13941 13944 13886
f 5018 3677 3050
f 8716 3006 3811
f 3719 5442 5480
f 13192 14010 13234
f 3730 3727 3815
f 4606 4386 5611
f 13710 12365 14274
f 6391 9930 6387
f 11231 3266 11189
f 2684 2525 2859
f 6346 6381 14202
f 11296 11295 11456
f 11861 11770 11769
f 2528 2200 2527
f 9108 5636 7325
f 3734 2663 5055
f 6163 1530 3005
f 2859 3060 3269
f 8990 7227 7148
f 11792 5381 11596
f 11531 11532 11382
f 5675 14045 5303
f 3593 5956 5553
f 11300 2040 11157
f 4463 1125 5238
f 601 69 70
f 13504 2337 4410
f 2898 11300 11301
f 11455 11018 5187
f 13114 13361 13396
f 5050 4692 1001
f 11461 11532 11682
f 13421 12879 13134
f 12349 12531 12254
f 12943 8571 12944
f 2710 2383 10686
f 12983 1926 2216
f 6746 9256 13332
f 10679 5830 3310
f 1952 9015 13462
f 4617 6693 12297
f 4047 9195 8983
f 12759 11744 11470
f 13639 7834 4667
f 9588 4588 7058
f 7474 8839 14224
f 6030 6090 6062
f 4997 4994 4888
f 4071 2688 2686
f 13403 6159 11912
f 5473 3282 3312
f 10766 12880 14049
f 13266 13223 14096
f 10173 3926 1730
f 11339 13124 10434
f 11949 2744 9214
f 14202 11239 6346
f 5307 5219 5271
f 13546 13167 13262
f 5172 5271 5173
f 8859 14201 14244
f 4766 11122 8189
f 3005 1530 108
f 6152 6151 5879
f 13276 13565 1873
f 7228 12583 12777
f 11642 14137 11256
f 3055 3011 3101
f 13253 995 9972
f 12340 1993 12409
f 11648 11736 10643
f 4404 1471 4083
f 7060 3125 13276
f 5501 5463 12561
f 10936 10887 10822
f 5619 11031 1698
f 5854 10070 3705
f 9193 3322 2725
f 5335 5336 13487
f 4269 4179 4222
f 5329 185 9973
f 2913 8479 2223
f 2653 2018 2293
f 13567 5228 1418
f 14271 14215 14269
f 14271 7226 14217
f 7184 7048 7117
f 5331 6688 4700
f 1501 2808 10993
f 625 3336 3275
f 4324 2055 10877
f 6582 6197 4018
f 13935 10735 13607
f 509 10345 353
f 9936 6840 6536
f 4859 13115 8840
f 5219 5173 5271
f 5346 5345 5386
f 11292 11375 11293
f 401 399 466
f 13599 1873 13279
f 3361 3360 6165
f 11454 11525 11600
f 3346 3152 2942
f 11672 11523 11521
f 6453 6250 6902
f 6453 3005 5241
f 11764 694 11600
f 11672 11521 11759
f 3138 3140 2953
f 415 12618 12438
f 11946 11764 12131
f 11525 11523 11674
f 3546 3884 4766
f 12884 13170 13827
f 1698 10992 3195
f 8217 8132 8129
f 8269 8268 4856
f 2855 2851 3266
f 3148 3217 3149
f 4331 13090 12996
f 2530 2528 2527
f 4885 2664 4324
f 4550 11325 4584
f 11531 11458 11604
f 7849 9450 7733
f 11773 5130 11863
f 11372 11370 696
f 7001 3234 7076
f 5171 3076 5305
f 1491 2540 2374
f 550 5945 13541
f 4410 2335 13504
f 12040 11863 11861
f 2566 3587 3578
f 4502 4509 7661
f 5735 5736 6275
f 1156 1157 12175
f 4652 5296 5297
f 8228 11130 10985
f 11537 11386 11610
f 5100 4585 4630
f 4365 4637 4594
f 11298 11251 10654
f 11737 1723 2934
f 13398 6568 3070
f 11708 14069 11888
f 5170 9749 13905
f 1881 1908 11634
f 13507 13509 7586
f 2338 2587 9824
f 3398 10707 12112
f 13931 13929 13990
f 6250 5389 5442
f 12195 12169 12221
f 5759 6066 13225
f 10078 8378 9524
f 3920 6040 14275
f 8008 4068 2875
f 8750 503 5275
f 12296 12333 12298
f 8599 6657 6121
f 11776 11789 12716
f 12963 2833 5341
f 10500 9936 6535
f 10880 1098 9163
f 3765 1238 297
f 9843 9769 9698
f 5646 4939 4897
f 11663 5515 11007
f 6920 6921 472
f 987 1997 2156
f 7798 7891 8030
f 1312 13817 1313
f 11872 11871 11535
f 13033 2489 12363
f 14017 10219 9589
f 5310 6153 10029
f 5778 3221 1981
f 12000 5394 5320
f 10484 13671 4652
f 5697 4464 5102
f 13011 4292 12674
f 5312 4730 5035
f 6127 6149 6150
f 5871 6018 6665
f 7496 3403 14250
f 12181 6250 3719
f 3302 5478 5503
f 4740 11981 9990
f 13330 8489 7718
f 13877 743 1675
f 12195 1402 12169
f 13794 9808 11580
f 5097 4781 5094
f 9177 12252 9175
f 4802 6086 5243
f 6688 5398 4775
f 12260 12226 12303
f 1586 2092 8727
f 14166 4730 5032
f 14253 11700 12936
f 13504 14110 5058
f 12057 11460 8726
f 4704 4746 4923
f 3985 4923 4918
f 6808 10001 13411
f 5887 9830 10932
f 706 6995 4328
f 11098 14101 11447
f 11015 11020 8123
f 8552 11666 8969
f 12193 10786 13914
f 498 13097 9910
f 11851 11672 11759
f 8813 13280 13241
f 1286 5936 14177
f 12560 12937 5534
f 6348 2647 13628
f 1962 1204 1569
f 11645 11543 11951
f 12035 11857 11946
f 8213 8215 8090
f 4663 4665 4352
f 11849 11757 11848
f 6604 7637 7551
f 9846 483 5785
f 5405 5198 11243
f 11604 11677 11767
f 11201 8387 8391
f 2904 13721 5554
f 13460 13455 13816
f 6453 5389 6250
f 11773 11863 11864
f 11374 11372 11521
f 9036 9035 9034
f 9508 9362 9434
f 5306 1002 5271
f 12631 12555 1918
f 11613 3895 14056
f 11775 11864 12044
f 643 5442 5389
f 11037 848 11156
f 13630 13600 13632
f 7229 7149 7227
f 152 2562 4780
f 12526 12816 12623
f 3604 8175 2545
f 10044 6354 6293
f 10375 13968 10372
f 2539 3584 4155
f 11806 11320 11595
f 5658 13976 14227
f 3663 9152 5965
f 1913 5139 7480
f 7015 7085 7152
f 4563 4657 4664
f 11550 11977 11868
f 1357 2008 14061
f 11879 6114 11880
f 5489 5461 6895
f 8588 8829 11855
f 5809 6184 6703
f 6185 6435 6536
f 363 4000 10435
f 14092 13041 5265
f 11841 9871 9875
f 5441 5416 6166
f 8436 11830 6431
f 3718 9757 3903
f 2630 2631 6264
f 3618 4403 10556
f 5422 2320 5512
f 13572 11840 11752
f 2360 2590 1616
f 11951 11543 11947
f 8027 8129 2226
f 10820 6333 10245
f 10484 4653 13671
f 9951 9915 7707
f 5032 6382 5031
f 5687 5297 5291
f 8639 6063 532
f 6153 6150 10029
f 11627 10744 11426
f 11332 4690 5087
f 7867 9908 7446
f 2030 13580 13694
f 6915 12588 6916
f 9329 9328 14013
f 8388 12152 7810
f 3154 3346 2942
f 3884 6163 10536
f 10846 10789 10786
f 6915 10300 12588
f 12296 10424 4015
f 7888 7790 7684
f 3747 5282 5246
f 4675 11571 1053
f 5405 5437 3406
f 10181 10027 10258
f 8823 8589 11318
f 2320 5498 5512
f 5030 3998 5257
f 10807 9497 4925
f 14193 2503 10101
f 3802 3709 1653
f 6022 6001 10068
f 4747 11408 4754
f 10548 9815 2242
f 3527 8281 3722
f 13954 240 13098
f 3629 1680 8920
f 5383 1524 5418
f 13889 2627 12276
f 5441 6166 5503
f 3644 4706 2876
f 1089 3159 8713
f 5003 5020 5551
f 5528 3873 5166
f 11600 11525 11674
f 5260 5692 4778
f 11042 10219 5253
f 8134 8268 8219
f 9310 9609 7961
f 11369 10020 9576
f 9331 9334 9335
f 5090 5094 14166
f 11769 11948 12037
f 11445 1171 11518
f 8024 8128 8087
f 1380 1341 1450
f 12025 12026 8552
f 1966 4094 1815
f 6301 2216 1926
f 11529 11296 11456
f 5130 11684 11770
f 2695 2713 11601
f 5257 5356 5030
f 11604 11529 11677
f 11803 11428 2494
f 11250 11301 11385
f 7910 9246 7959
f 8691 4692 4693
f 1932 9329 10697
f 11770 11684 11682
f 3136 7863 9108
f 12838 12837 12886
f 3895 4087 1163
f 13456 9330 13455
f 6536 6435 6535
f 11077 11075 11074
f 5625 2665 5656
f 5058 14110 5060
f 11861 11863 5130
f 9026 8911 9020
f 7909 7716 7908
f 5623 5624 4873
f 12250 12526 58
f 8095 8091 8134
f 7416 7415 7568
f 2378 2209 2542
f 4841 8869 7342
f 7779 7682 7584
f 13396 13474 13216
f 1747 1179 1746
f 11209 11174 13725
f 4577 14000 11640
f 3911 9781 2152
f 838 9987 7859
f 643 5346 5386
f 5093 2953 3140
f 10868 11876 10869
f 13321 178 1003
f 1664 5786 5785
f 9006 6217 6190
f 5553 12906 3524
f 2391 5284 1270
f 2150 12228 2565
f 5672 5225 5649
f 14182 10994 3654
f 11007 5005 5667
f 3076 7892 3075
f 14245 12478 10848
f 5563 4878 1052
f 2336 5231 1615
f 6127 6087 6112
f 13684 13339 13337
f 5796 8248 11673
f 10319 8631 5395
f 13528 10713 4553
f 8093 8185 8351
f 3394 14048 5950
f 6920 6819 7021
f 12259 12258 12492
f 5884 10716 6691
f 13281 2383 2710
f 2431 8126 2604
f 12889 10891 9943
f 4811 10987 2900
f 11903 10309 3117
f 13640 13778 10350
f 6478 7633 6418
f 7586 10670 13507
f 1105 8630 6712
f 7418 7255 7335
f 13149 11115 13873
f 3491 3082 3294
f 7776 7777 5651
f 10380 10646 5587
f 2461 9467 86
f 5571 9589 5563
f 7678 7571 7568
f 8940 13049 13339
f 5632 5610 4358
f 13416 11545 13415
f 11933 4443 6099
f 6060 6026 6047
f 8406 7131 3420
f 3657 11247 11914
f 8713 2338 9824
f 4348 4756 1907
f 9985 10234 3943
f 10877 5162 4324
f 5555 3874 5185
f 13912 13860 13911
f 14274 9591 12724
f 5498 2320 5515
f 9985 5595 5280
f 5463 5325 5096
f 5950 14048 348
f 8485 7669 8308
f 12609 12223 12326
f 8932 10111 7088
f 993 13253 9954
f 11929 2340 2344
f 5443 5187 7942
f 5397 5651 7777
f 8969 11845 8552
f 878 9461 1095
f 10646 5259 5586
f 11851 11849 11940
f 1768 1172 11755
f 5673 5259 10646
f 11443 10020 11518
f 8875 5026 10763
f 9078 9555 835
f 3026 1210 3064
f 11377 11293 11375
f 6386 4446 4972
f 12337 12434 12615
f 4362 2306 5348
f 5100 4551 4585
f 14227 3253 5667
f 12131 11764 12032
f 4673 8213 7502
f 12723 12434 12516
f 11613 11537 11611
f 5695 5098 7942
f 11610 11386 11608
f 11767 11677 11857
f 438 9015 1952
f 7485 7335 7416
f 3712 2045 14056
f 11737 5658 5653
f 12986 12809 12807
f 9013 184 700
f 3432 10252 879
f 4768 3242 8564
f 12046 6360 8951
f 5718 5109 5747
f 1913 6130 6129
f 8034 5033 7659
f 6235 10908 4446
f 939 10901 11069
f 2389 14264 14268
f 5584 5563 1052
f 870 3767 8149
f 5406 5310 5403
f 1665 483 9499
f 5609 5610 5124
f 13037 10722 11317
f 4910 5039 5038
f 9430 9504 5777
f 6934 7042 7249
f 7893 7689 7798
f 5117 7237 7318
f 600 2734 1957
f 10393 10467 10535
f 684 1814 13752
f 5426 5288 5568
f 10731 10793 3468
f 5535 6064 5556
f 5692 1270 5296
f 12292 12115 12191
f 10861 4713 10857
f 11591 1287 20
f 11707 5887 10761
f 7777 7776 7674
f 5258 9104 7935
f 10487 7528 4906
f 5692 4877 1270
f 13261 13358 13433
f 309 3021 11678
f 11829 13558 11984
f 5037 4781 5097
f 1863 14227 13976
f 3435 5187 11018
f 6257 6280 6328
f 13560 13627 13562
f 4925 1844 11232
f 13879 1947 11455
f 11225 1027 12405
f 3932 7625 7845
f 7571 7416 7568
f 2341 2340 10876
f 499 496 593
f 13718 10801 13459
f 9377 7860 6235
f 9393 6865 9391
f 7555 6646 6927
f 374 7612 1700
f 3153 3151 11723
f 1163 4087 12046
f 6133 9327 8318
f 13607 13609 10662
f 10008 9937 9435
f 12107 13602 2641
f 8332 3783 8902
f 12639 1151 3987
f 7136 6999 7074
f 7143 10344 11158
f 7999 9553 8785
f 1749 6784 1536
f 256 257 2083
f 12308 12675 10553
f 5948 5949 7764
f 10814 9163 1098
f 2609 8154 6342
f 2687 1371 2682
f 10602 6879 9861
f 5113 5114 7807
f 12463 6140 9395
f 7323 9439 8719
f 2186 12900 12918
f 9944 9946 11025
f 12513 2371 12330
f 8227 8056 8055
f 6307 1372 6446
f 1936 8022 1787
f 8640 7956 11335
f 612 570 8529
f 11756 11666 8552
f 2634 2592 9032
f 4839 4678 5147
f 7146 400 5169
f 8963 8851 8892
f 11523 11374 11521
f 8503 12860 8604
f 4148 4149 874
f 5946 7761 6237
f 12337 12129 12240
f 12127 12030 11940
f 13300 7731 7739
f 7759 7767 7670
f 9401 13157 4634
f 5299 5152 5150
f 11271 8829 12011
f 1235 7564 6898
f 13164 13511 1220
f 5741 5762 5724
f 12337 12615 12616
f 5737 5713 5709
f 11669 9963 9441
f 12240 12127 12238
f 7933 6834 7930
f 11767 11857 11948
f 6139 13865 6135
f 13183 13430 13352
f 14097 13165 12933
f 7861 8053 7780
f 5130 11770 11861
f 12135 12134 12342
f 12449 12531 12628
f 6785 7253 7240
f 12822 12628 12910
f 8574 8922 8360
f 3529 8781 7326
f 8205 8201 5714
f 9055 13738 1694
f 11613 11611 11775
f 8093 7909 7908
f 7412 12135 12343
f 2376 1423 2377
f 3978 4425 8188
f 7930 6494 8370
f 9545 8925 9548
f 12867 2432 7641
f 8380 6874 6521
f 8499 8795 9448
f 2015 2935 10719
f 9551 8339 9549
f 3354 12150 7143
f 8433 10949 8285
f 14251 2561 6051
f 11307 11165 5900
f 13313 13223 13266
f 10905 7367 7557
f 13259 13615 13816
f 12186 11832 9498
f 9878 1295 9879
f 4334 11338 2745
f 5784 8642 9398
f 12722 12950 13375
f 9200 3957 3955
f 3582 12126 12270
f 12656 9336 11441
f 6471 8276 8853
f 6099 4629 11933
f 12358 7810 7090
f 10889 7665 11140
f 11430 12108 12119
f 1492 12442 1344
f 6270 7989 7643
f 7651 8565 7989
f 12224 13564 1470
f 9181 4248 10596
f 7989 6270 7651
f 10848 11890 12187
f 13626 5787 277
f 13397 13830 10003
f 11888 14094 10929
f 13818 4966 4967
f 13435 13432 4213
f 1385 7904 562
f 9858 6556 8915
f 12395 12396 12325
f 2351 2350 6263
f 11252 8200 8264
f 8441 10113 8417
f 5040 6798 6799
f 10670 11129 11987
f 11724 12694 12085
f 6097 6439 12805
f 9365 9511 9611
f 12637 1015 8763
f 8176 7953 9352
f 9796 9771 1556
f 3327 3518 6618
f 3833 501 3112
f 6799 7944 11670
f 2060 7635 2220
f 5344 5383 5386
f 7862 9067 9354
f 10915 10872 7317
f 941 799 679
f 10830 7720 10371
f 8282 11477 13446
f 6321 9491 3343
f 4592 12183 12076
f 7056 1027 11225
f 7521 8792 8906
f 6316 6124 5832
f 4571 901 8291
f 8717 9301 6376
f 10450 2007 1961
f 8837 8836 8957
f 5464 9544 1934
f 5817 5841 5886
f 12186 12187 12080
f 5901 5857 5953
f 11404 13048 11580
f 980 11440 8899
f 12759 12569 12854
f 2828 2827 3029
f 4972 2421 4974
f 7238 7451 7809
f 1857 11244 3227
f 13467 4632 7839
f 2149 13136 1066
f 5749 5728 5720
f 7768 7670 7767
f 1499 1571 1533
f 5810 5808 5847
f 5903 5886 5883
f 5046 4997 4888
f 12238 12127 12125
f 13466 13425 13352
f 11761 11851 12030
f 7629 7311 7724
f 5762 5763 5724
f 12123 12026 12025
f 8157 8199 6403
f 10710 11049 5872
f 9598 5849 12407
f 11299 11155 11190
f 12129 12030 12127
f 4978 4660 4659
f 12129 12032 12030
f 7373 7249 7478
f 5849 6182 12407
f 5626 1774 13277
f 13651 13445 13444
f 8679 8998 8863
f 13445 13651 13652
f 1705 1011 1010
f 6075 7483 6611
f 11770 11680 11769
f 5814 6908 8368
f 6481 6418 9509
f 9050 9223 8373
f 5169 11253 5168
f 4747 2203 5400
f 12247 5212 15
f 13090 4331 13188
f 6223 6170 7309
f 9276 6133 13812
f 12343 12250 7412
f 8800 6834 4143
f 12250 12138 7412
f 8769 9948 9415
f 3907 3946 3880
f 9298 4485 9213
f 7544 9444 8739
f 3552 4693 4692
f 12914 631 5669
f 398 460 462
f 4103 3532 3951
f 530 11699 13803
f 14222 14284 2219
f 5295 12540 12288
f 6666 6440 9201
f 4827 4492 12306
f 9886 8226 8106
f 3100 2960 9661
f 3785 2034 2933
f 3525 8781 3529
f 12955 13172 12965
f 6360 4919 9797
f 8218 12193 13914
f 12093 12090 11959
f 8652 3659 7452
f 13021 526 8292
f 13131 7404 6982
f 5785 5786 5747
f 4127 8365 5832
f 8251 1867 1595
f 10455 10451 10523
f 13316 8205 13315
f 10223 12598 5475
f 2104 2552 2150
f 11407 4395 14179
f 5855 4371 5744
f 4412 10900 8113
f 5815 8492 9911
f 4444 4075 4814
f 13132 10673 9233
f 7211 5895 6587
f 13966 13962 13532
f 10214 392 3883
f 10315 9471 10218
f 6392 6415 7224
f 3660 310 4854
f 14270 11060 11110
f 9575 6769 5635
f 11548 11547 9857
f 5402 10478 1692
f 6421 6569 6685
f 8386 7761 1248
f 7477 9495 8430
f 486 2869 10698
f 1509 6073 7944
f 2815 11030 8318
f 8121 6405 11915
f 9163 9912 9398
f 13466 13352 13430
f 10514 10513 10552
f 11149 6513 11148
f 8386 1126 7761
f 12975 7312 13138
f 5816 5772 5797
f 361 3868 10351
f 9904 1071 7617
f 5841 5800 5838
f 7926 9782 8680
f 10098 10842 5549
f 8084 11919 10433
f 8701 9982 8772
f 8201 13316 8018
f 3833 1708 8663
f 5751 5772 5816
f 10387 14262 5508
f 4678 4679 9022
f 961 1050 13387
f 13316 7873 8018
f 5781 5762 5741
f 7500 14062 11591
f 5797 5750 5771
f 13268 13438 13440
f 4541 5628 5600
f 5738 5713 5737
f 10070 4950 3831
f 13845 13501 13601
f 2393 8038 8805
f 13307 6659 6950
f 8853 12742 12743
f 2367 2525 2527
f 4413 2692 2686
f 7398 12649 12522
f 1393 1392 1421
f 9120 1794 1554
f 13846 1025 1061
f 12123 12125 12026
f 6284 6125 5997
f 6570 8315 9311
f 13708 13804 6071
f 12032 11853 12030
f 12516 12240 12238
f 12123 12236 12125
f 11370 11372 11287
f 9915 9946 7521
f 12238 12125 12236
f 6469 13398 83
f 3029 3439 3030
f 1255 1222 1292
f 9091 8741 5947
f 7315 6243 7233
f 131 11116 8002
f 12242 12243 12131
f 12242 12131 12032
f 12244 12243 12438
f 12434 12240 12516
f 12811 214 12987
f 12376 12303 12345
f 11613 9903 3315
f 9889 9890 10301
f 8312 7445 9532
f 8961 9935 9548
f 11684 11608 11682
f 1702 1626 1744
f 12140 12041 12040
f 11864 11863 12041
f 7865 1160 2080
f 58 12347 12250
f 8798 8280 8799
f 6588 7758 9311
f 6521 12357 8161
f 10286 634 9638
f 14056 2045 2711
f 12140 12040 12138
f 12347 12138 12250
f 12628 12737 12910
f 6936 6667 7919
f 13338 8110 12587
f 13324 14016 13241
f 1283 13994 11355
f 1256 10679 2556
f 610 561 653
f 469 3567 1664
f 8907 8906 8450
f 8735 9261 9218
f 13712 5876 6419
f 1393 11078 1392
f 6798 7944 6799
f 11703 10774 539
f 8045 7906 8770
f 13045 12868 11975
f 8768 13353 6633
f 5873 4375 6027
f 10970 8299 11728
f 193 2095 137
f 9402 6646 7555
f 13917 6135 13865
f 5592 7059 9397
f 12237 12211 12235
f 6923 6661 6077
f 12839 12786 12838
f 3749 1653 3675
f 13949 10408 6056
f 13398 7192 83
f 12594 12545 12593
f 3986 3879 10482
f 8551 10357 8456
f 10617 11649 10643
f 12418 263 81
f 3801 3617 3615
f 8279 5017 5801
f 1906 6912 2202
f 3914 3845 3887
f 8559 6249 8050
f 988 852 681
f 6429 11915 6307
f 10653 13579 3725
f 9091 6303 12946
f 7438 1509 6072
f 11259 12118 12020
f 10620 1257 12120
f 3831 4950 5250
f 13708 8833 13659
f 12451 12409 12527
f 3444 3514 3483
f 8084 10433 8083
f 4127 8368 6908
f 12182 1153 891
f 903 1969 1963
f 6273 4967 4966
f 9809 9418 10433
f 649 12193 12192
f 4600 8677 6603
f 10846 649 10845
f 7860 9377 6274
f 7767 1248 7764
f 5701 5731 9782
f 6021 5996 6883
f 3651 8416 142
f 12324 12093 12094
f 8201 10235 12602
f 13544 13543 3301
f 13424 13389 13352
f 10259 7670 12091
f 371 10796 11874
f 695 741 817
f 5772 5728 5750
f 5821 5890 5916
f 5741 5713 5738
f 5781 5738 5807
f 7856 7743 6922
f 7742 7856 8288
f 13425 13466 13227
f 9464 6369 9465
f 5763 5810 5812
f 12147 1156 12175
f 4677 11765 9509
f 5866 5847 5818
f 8560 2596 9932
f 2074 2073 2110
f 7698 8083 9878
f 7852 8805 8038
f 12175 12232 12147
f 7641 6721 12867
f 5947 6196 9091
f 10544 10505 10542
f 12684 10738 11327
f 6283 6282 9131
f 11521 696 11759
f 6868 9311 9515
f 12522 7712 7398
f 9479 7388 8162
f 12698 10228 12782
f 7981 7526 9378
f 9576 11370 11369
f 2558 8021 1467
f 11369 1625 10020
f 10194 10143 10004
f 11845 8969 11755
f 13391 5144 11322
f 1398 2828 3030
f 9086 8459 8908
f 12330 2371 12331
f 4399 5973 6123
f 12516 12238 12334
f 8196 12408 11392
f 12242 4402 12437
f 12979 5579 5850
f 12812 12618 12811
f 7953 8176 6373
f 9456 9879 9357
f 7936 332 6784
f 7199 7314 8012
f 1233 819 1083
f 12037 11948 12134
f 13274 13447 4364
f 10259 12091 5201
f 9496 6823 6842
f 11610 11684 11773
f 12253 12044 12041
f 11684 5130 11773
f 12984 12895 13077
f 5765 13296 12426
f 4331 12996 12910
f 1467 1425 12574
f 6331 2577 2557
f 11233 1914 12458
f 9422 9475 9424
f 6893 5468 5467
f 11598 1126 8650
f 5533 4822 6528
f 12953 12955 12824
f 275 231 7700
f 13226 14107 5744
f 9818 9819 7822
f 11029 227 10167
f 3879 6779 4208
f 12543 12589 12544
f 6478 10348 13307
f 6657 7570 6544
f 4087 3895 11775
f 8397 8259 11830
f 11894 12055 9072
f 8981 4434 8980
f 4908 3677 14114
f 5080 4266 6324
f 2312 1348 2579
f 9186 3793 8481
f 12750 5927 5924
f 3357 3280 3337
f 11606 6239 11598
f 23 8987 9717
f 6873 6689 6513
f 8758 9452 8118
f 6741 8650 1126
f 5749 5720 12638
f 2266 7809 6306
f 12779 8326 12907
f 9496 10035 9454
f 9502 6552 8323
f 4405 2688 4587
f 8485 8480 8628
f 11123 10828 11213
f 2504 71 330
f 13949 1954 12483
f 12672 12703 12676
f 5801 12185 8341
f 5487 4585 4986
f 8053 7672 9389
f 8320 9358 13086
f 12208 12206 12285
f 12496 12427 12494
f 13174 1246 8603
f 10309 11903 13225
f 2647 6348 1578
f 11984 13410 14113
f 11598 8650 11606
f 13898 11642 11256
f 1825 355 303
f 8329 5596 8562
f 11599 11364 6957
f 9389 8325 7671
f 8895 9016 1156
f 8135 7780 8877
f 12640 4445 4889
f 9809 5720 5700
f 4966 13818 6941
f 9377 6396 5953
f 8364 12407 13584
f 5706 5703 5734
f 9852 12405 4021
f 2640 11515 2641
f 8046 6947 13963
f 10068 10069 6085
f 13315 13425 10039
f 5866 5864 5888
f 12004 13609 12005
f 5807 5738 5753
f 5803 5752 5779
f 5866 5909 5890
f 5849 5821 5891
f 12498 13067 13062
f 5413 4690 3354
f 10704 12386 14134
f 11092 520 11181
f 5890 5821 5847
f 12459 12541 12543
f 13125 12015 13565
f 12666 428 12728
f 12376 12454 12379
f 12313 14270 11112
f 14283 424 12714
f 10596 13237 9359
f 8637 8762 8638
f 7652 7838 4749
f 6254 6275 5736
f 6800 6677 6797
f 8240 8327 5596
f 8660 5497 12103
f 3883 392 6042
f 10160 4446 10908
f 4639 13983 12020
f 12082 9753 9682
f 10300 6915 7028
f 332 11148 6784
f 12354 12317 12286
f 4257 12264 81
f 7820 6447 3704
f 9539 6583 9459
f 8640 12231 5004
f 11519 11588 11593
f 8971 3416 1813
f 12026 11848 11756
f 12416 12541 12459
f 269 13082 13126
f 13703 13324 13280
f 12493 12421 12459
f 14224 8946 14036
f 12430 12334 12236
f 9017 289 9112
f 6605 7304 8839
f 4764 10882 7740
f 5700 9418 9809
f 9728 9864 9792
f 6001 5998 10069
f 11524 7669 8485
f 10602 450 9495
f 12134 12244 12342
f 11608 11386 11385
f 1592 2444 1596
f 13570 11422 9302
f 8226 6842 6823
f 8679 9325 9907
f 2146 956 1070
f 7628 7852 8497
f 12994 4331 12736
f 10030 7868 6516
f 11714 12256 12352
f 3381 4715 2906
f 11610 11608 11684
f 11769 11680 11767
f 6583 6617 8428
f 7821 6580 6892
f 11993 11034 11036
f 2967 2965 8712
f 12653 12667 12700
f 11915 6405 6307
f 9290 8747 8770
f 7220 3604 2711
f 4919 12633 119
f 11310 11637 13981
f 6583 8430 9459
f 10357 12103 8456
f 1363 12274 13628
f 4394 7026 14179
f 1197 1315 1637
f 8524 8596 8722
f 2820 2781 2746
f 2297 2137 2136
f 8333 9001 9836
f 11542 4841 7342
f 7774 7677 7581
f 575 10770 621
f 9512 7398 9861
f 14170 13199 7366
f 2800 14011 5436
f 12369 5924 5652
f 2137 1443 1441
f 5862 4280 14043
f 7253 6369 8124
f 13549 13433 13358
f 8425 13712 8426
f 8378 6587 9524
f 5014 11303 13970
f 6779 6338 5114
f 6496 6852 9002
f 13268 13463 13508
f 9307 7974 3594
f 8675 8463 4220
f 8710 11874 11003
f 3076 5591 7892
f 8893 621 10558
f 4419 1597 4376
f 2976 8262 7812
f 9444 6211 8739
f 10680 11160 10319
f 6124 6922 5973
f 7429 5717 489
f 1496 2197 13864
f 11736 11734 11735
f 11644 11099 11597
f 3972 1839 7673
f 9462 7334 8786
f 4581 479 6452
f 10942 836 8302
f 206 284 208
f 12821 13666 3752
f 5701 7926 5700
f 5937 1606 9126
f 11590 9326 4779
f 5730 5772 5751
f 13825 13614 10735
f 5749 12034 6941
f 14097 710 13262
f 551 9696 5713
f 13663 11971 13736
f 1956 1600 8478
f 5810 5762 5808
f 5959 5958 6006
f 7979 8032 9464
f 10223 3345 14139
f 12093 12092 12094
f 10699 3176 2801
f 9464 9465 8231
f 7539 7196 7199
f 5812 5821 5849
f 4178 6739 11208
f 7017 3058 9406
f 8771 8646 8645
f 3063 1733 10557
f 10870 11630 14049
f 13495 3890 12757
f 6803 6859 13824
f 9459 10648 9539
f 3770 3538 14138
f 12973 9509 7637
f 12775 11270 12971
f 10299 11791 10297
f 7453 10981 10979
f 9946 9951 2966
f 4450 8988 9376
f 7338 13477 9580
f 6454 6490 9183
f 3879 3986 3907
f 12844 11836 12842
f 11544 12122 12075
f 8905 6851 8903
f 2282 10490 22
f 6655 7868 6613
f 10741 10593 12310
f 365 11805 8580
f 2517 6545 43
f 6692 12610 2371
f 11011 6300 11536
f 3581 3622 3662
f 4070 6826 4627
f 6439 6894 9058
f 5099 5233 1083
f 8552 12026 11756
f 9914 8531 8122
f 2077 10390 4534
f 11757 11593 11756
f 13439 13646 13539
f 1171 11445 1222
f 1172 1171 1255
f 9399 3378 6221
f 7191 6990 7126
f 13938 7139 13936
f 13085 13083 13182
f 8899 3048 9087
f 12816 11612 11505
f 6887 7396 8049
f 6697 6498 6709
f 3070 6568 7308
f 12515 12516 12334
f 12238 12236 12334
f 12812 12811 12987
f 12129 12127 12240
f 8015 9054 7923
f 12626 12736 12737
f 10520 14195 3605
f 3502 3475 3431
f 12979 6131 1356
f 8903 6851 6588
f 12734 12736 12626
f 6852 6497 8642
f 13088 13274 4364
f 13938 14031 13939
f 13860 13841 13859
f 12739 12449 12628
f 2045 2710 2711
f 5626 4364 1774
f 11632 42 9221
f 2544 7357 2901
f 3551 12485 3307
f 14056 2711 9903
f 11480 10060 6374
f 10322 5666 11673
f 13355 9494 8170
f 13241 14131 14018
f 106 10361 8577
f 7744 8086 6364
f 9001 5028 5027
f 6633 6267 6766
f 7727 602 7523
f 11126 6324 11278
f 3909 14256 2063
f 10034 12220 5518
f 3973 920 8382
f 2030 13694 12933
f 8327 8240 8067
f 8779 9816 8785
f 9859 6367 9816
f 1185 5028 4450
f 5784 9398 5813
f 1481 1899 5518
f 6659 10348 9121
f 9914 1119 6394
f 830 1115 6411
f 7267 9267 8965
f 7707 8907 8915
f 13630 13552 13627
f 8136 13233 8138
f 13528 13916 13042
f 8001 8149 8065
f 8436 9413 6139
f 2063 10589 7547
f 1531 251 1476
f 4837 9448 8794
f 3372 3344 3370
f 331 9615 366
f 13073 2154 2309
f 7702 5508 8843
f 392 10214 390
f 9449 9351 9452
f 11150 11879 13311
f 10091 2591 1475
f 6084 1325 8118
f 6484 5814 7905
f 8802 8801 8803
f 13985 10623 12831
f 11390 2329 4889
f 13558 10929 11984
f 12034 5749 12638
f 11373 11365 11023
f 5772 5750 5797
f 5709 5734 5737
f 4044 3490 3680
f 9696 551 12602
f 4143 4399 8800
f 8962 6684 10097
f 5861 5803 5817
f 5958 5903 5935
f 14251 12936 12846
f 5781 5818 5808
f 5888 5960 5909
f 5847 5808 5818
f 1575 9794 1574
f 5915 5961 5916
f 13696 5763 9598
f 2249 12350 1268
f 6630 6344 12840
f 7364 1017 8498
f 12683 8276 12659
f 7612 7862 9354
f 4815 6057 8946
f 13998 13774 10146
f 2706 11728 11662
f 2826 2829 2783
f 10038 10162 10105
f 2563 2274 2303
f 12546 6956 12747
f 6724 8903 6868
f 4866 5450 5446
f 6211 9491 7939
f 13623 13397 10785
f 4421 4377 1597
f 8080 6571 8082
f 1618 565 11343
f 8996 9820 9819
f 9402 6858 6935
f 2557 3951 2558
f 8224 6849 6812
f 2627 2534 2533
f 6164 6160 9522
f 6689 6291 6798
f 4157 321 3595
f 5182 10270 7193
f 1187 1188 1040
f 8865 9853 9855
f 7946 14022 6706
f 11317 118 12609
f 12537 12453 12536
f 2502 2171 2670
f 9113 8609 883
f 12360 13353 12357
f 6452 10537 1862
f 13995 13994 1283
f 12025 11845 7956
f 585 14104 14103
f 1222 1216 1253
f 13273 13359 13447
f 8277 7975 13780
f 2146 1308 900
f 7139 83 11556
f 6859 6860 8428
f 13402 10587 14285
f 13676 5945 13174
f 10558 572 616
f 13828 13933 7378
f 11790 9226 9122
f 13444 13445 13182
f 13080 13328 13604
f 7487 7263 7258
f 12430 2371 12610
f 794 725 792
f 14090 7864 2243
f 9485 9113 891
f 9132 9234 9075
f 12419 3430 3397
f 12243 12242 12437
f 12493 12425 12421
f 3962 6080 6228
f 12366 6949 6161
f 11041 985 7210
f 1651 5364 9920
f 7243 9465 7252
f 8047 9379 6451
f 11537 11613 3315
f 12041 11863 12040
f 2456 2682 2691
f 14115 14121 13369
f 12816 12621 11612
f 7392 12575 7081
f 13462 9169 13324
f 14115 13369 3305
f 13088 13087 12991
f 6934 6731 6729
f 12395 12505 12396
f 12328 5148 5150
f 9553 8961 8785
f 7742 8288 8292
f 12044 11864 12041
f 864 417 1527
f 103 3145 10548
f 4429 4454 14283
f 13840 13418 8870
f 12771 13067 12498
f 204 9095 231
f 12650 8160 12271
f 8201 551 5714
f 12070 10982 12069
f 10468 12316 3132
f 4627 6826 5794
f 254 187 218
f 1198 819 958
f 9307 8452 7974
f 6739 4178 11819
f 12919 13285 13372
f 6674 13832 8444
f 9291 7933 9354
f 10405 12627 2566
f 12566 12565 12593
f 10968 11479 2009
f 13854 10248 11985
f 5301 4927 4903
f 5713 5741 551
f 4127 4399 4143
f 14182 6864 11303
f 11650 8873 12034
f 5834 5837 5771
f 10433 11919 12638
f 11625 10726 13803
f 1401 10318 10316
f 10068 6085 6103
f 10769 10079 10078
f 11658 10650 11656
f 5895 5897 5894
f 4616 4624 8684
f 5909 5866 5888
f 11110 11058 13749
f 5960 5959 6007
f 13999 13995 1283
f 5890 5847 5866
f 5812 9598 5763
f 826 881 959
f 5891 5821 5916
f 12294 12405 12402
f 13941 13995 13960
f 6145 6025 4749
f 12747 6956 12748
f 14012 12095 13727
f 13584 3125 7060
f 12090 12411 11959
f 5907 5095 5326
f 8776 6821 10401
f 11301 1491 2898
f 14210 11490 11006
f 6503 6714 9458
f 314 12681 12207
f 13062 13067 13047
f 2412 2127 2631
f 13062 10684 11962
f 14102 14192 13043
f 7990 8255 8177
f 4952 4899 3380
f 2614 1652 6855
f 6588 6436 7758
f 7713 8367 8276
f 6868 6726 6724
f 7859 2644 12584
f 1932 10983 9329
f 3955 4949 13122
f 7623 7624 7421
f 13834 10944 9267
f 9539 6724 6726
f 9816 8779 9859
f 6607 6797 6677
f 8978 8930 9041
f 1612 14162 2054
f 6611 7483 8383
f 11120 11493 12283
f 5027 5028 5029
f 8747 4516 8759
f 7193 7037 10562
f 6044 11723 3281
f 6003 3626 4764
f 4575 11801 13507
f 7738 6616 6594
f 5719 9890 6903
f 8664 13574 12491
f 282 268 4151
f 9485 1153 1019
f 9357 9879 6612
f 9519 9468 9220
f 1491 11301 11250
f 2311 2313 3021
f 9841 8707 8120
f 1664 2518 469
f 12089 9680 11320
f 11610 11611 11537
f 4625 6733 7293
f 13945 14218 1005
f 3368 3940 2912
f 11680 11682 11532
f 12104 3140 10934
f 13777 12205 314
f 12590 11835 12010
f 13069 12825 13341
f 7371 8966 7198
f 11940 12125 12127
f 8295 1179 8385
f 12899 12845 12917
f 9879 1295 6612
f 12181 6902 6250
f 3708 7062 112
f 3312 4617 5473
f 12881 12271 12473
f 14119 12110 11906
f 3972 7673 7861
f 9761 12867 7391
f 7240 6075 6785
f 13088 12991 13274
f 7326 7441 7325
f 12731 12621 12620
f 8509 6451 8122
f 2451 9299 2136
f 9522 6298 6164
f 2205 4605 4643
f 6935 6858 8769
f 10677 10466 12773
f 5626 13090 13188
f 14124 12746 13407
f 10312 10311 6698
f 6807 4081 7212
f 12994 13088 13188
f 13944 3875 13917
f 13282 14115 8483
f 4447 7369 6905
f 8483 8951 6360
f 10066 6171 13790
f 1583 1661 4623
f 862 948 1037
f 8314 8315 6736
f 12293 1363 7009
f 5709 9696 7979
f 12807 12809 12615
f 12843 13498 13510
f 10317 10083 10238
f 5714 551 5724
f 1839 8157 7856
f 4475 1772 13547
f 12919 440 1369
f 3961 3957 5103
f 2675 2676 2430
f 6148 6149 6126
f 10433 12638 9809
f 5652 2365 12369
f 4585 5541 4986
f 9809 12638 5720
f 5880 5858 5877
f 5652 5927 6212
f 5841 5838 5883
f 13291 14018 14131
f 3315 7357 7833
f 5713 9696 5709
f 5779 5800 5817
f 7979 9696 8032
f 12477 11391 11710
f 5816 5797 5858
f 11303 14258 14182
f 6147 1176 4082
f 815 740 763
f 10578 8116 8115
f 6026 5982 6007
f 7600 12690 905
f 6707 4140 11213
f 9119 13706 13714
f 3262 10434 4514
f 6532 13772 10873
f 13848 12279 14105
f 5915 5890 5909
f 5981 5980 6024
f 12674 12675 13011
f 11322 5144 13927
f 3028 2827 3024
f 6581 10309 10838
f 5903 5883 5935
f 3354 7143 10974
f 12877 13238 12696
f 5938 5891 5916
f 9588 12407 6182
f 13592 13627 13552
f 12273 13682 14055
f 8618 12269 12246
f 12756 12851 12850
f 13704 11996 11997
f 13227 1221 1539
f 8029 942 11045
f 1314 13817 5907
f 6932 6865 9393
f 14009 11839 1335
f 1828 1976 3404
f 6399 6401 6627
f 11873 4305 4300
f 13116 1451 669
f 3437 3401 4145
f 6749 6677 6800
f 3345 11251 14139
f 12652 12666 12699
f 11004 5011 11003
f 6849 7763 6835
f 13920 12704 4833
f 7493 7580 7686
f 8800 6123 6392
f 14183 7586 10553
f 13509 13507 11896
f 12863 13043 14192
f 3212 2460 2729
f 10970 5106 8181
f 7344 8902 8421
f 13974 517 4154
f 4427 4422 4479
f 13995 13999 13960
f 11808 11810 11909
f 7761 11598 6237
f 3430 3431 3397
f 9943 10891 6504
f 1688 235 239
f 10911 10324 8211
f 7551 6719 3232
f 6216 6344 6486
f 9403 6816 6607
f 3645 12150 1235
f 8334 9360 4198
f 14262 10387 9252
f 11915 6429 9914
f 5366 13026 3705
f 1438 1297 5372
f 7956 8640 8967
f 9176 2451 6848
f 1356 6422 13349
f 954 1043 913
f 6058 6022 10068
f 13874 13234 13619
f 12987 13083 12812
f 7772 6013 12619
f 4987 5487 4986
f 9448 9446 8499
f 11906 9854 14119
f 6904 7081 11534
f 7851 8194 7899
f 12304 13545 2566
f 1172 1225 1178
f 12816 12440 12621
f 12812 12731 12618
f 7704 6534 6684
f 12731 12812 12904
f 7770 8503 8504
f 9695 9508 9606
f 6767 9067 7862
f 1325 6758 8118
f 1439 11124 9960
f 10624 13009 4325
f 6396 5975 5976
f 13087 12734 11505
f 12621 12440 12620
f 12039 12029 12089
f 5046 10159 4997
f 13818 4967 6274
f 3519 11970 9848
f 12809 415 12616
f 6046 6024 6059
f 13117 13208 13211
f 5753 5738 5737
f 5903 5904 5861
f 13430 13511 13466
f 908 2807 14070
f 11608 11461 11682
f 12343 12342 12440
f 13368 13193 13191
f 1724 10841 10842
f 8369 13584 7060
f 3432 14260 11725
f 14010 13192 13279
f 13285 13096 13283
f 13553 13543 13696
f 13599 13560 1873
f 1708 12095 7938
f 4288 6017 11718
f 5862 14043 5942
f 1424 6105 1333
f 13900 7067 5970
f 2394 8805 6241
f 10884 11900 10788
f 1481 5519 1899
f 7372 5049 2500
f 9402 6594 6646
f 3963 6293 11786
f 6892 6572 8905
f 8154 9983 8323
f 5046 4888 5048
f 13282 14121 14115
f 13418 4531 8870
f 6677 6656 6607
f 6922 7743 4490
f 9529 6769 6793
f 3137 8666 8665
f 11309 12778 10764
f 8204 8202 7116
f 9456 7698 9879
f 8378 10078 1642
f 7930 8800 6392
f 7820 8919 9437
f 12679 7843 11093
f 8294 8354 8398
f 7927 6697 8071
f 12585 11698 12587
f 6816 7475 6835
f 11349 4514 11945
f 657 7224 2081
f 273 361 7700
f 8384 676 10453
f 13127 13437 13442
f 12325 12400 12332
f 12246 12269 12287
f 3999 3440 3807
f 7561 4290 5765
f 13596 4642 14032
f 6657 6544 6450
f 9994 4294 8283
f 13163 12781 12959
f 13637 13420 13043
f 5416 6530 6435
f 4287 5802 4418
f 6698 10311 8071
f 12495 12170 12882
f 13214 13632 13210
f 5848 6567 5708
f 231 9095 273
f 11628 11550 11450
f 6306 1944 6531
f 821 913 916
f 12693 12689 12692
f 720 13548 710
f 6272 8016 6503
f 5963 5921 5898
f 175 202 180
f 11330 12164 10690
f 607 6846 6650
f 8530 8597 8598
f 7269 3036 4507
f 8795 5947 8794
f 9039 12679 12595
f 1817 6507 1815
f 8929 9944 6081
f 7862 374 264
f 9951 6371 2809
f 1412 1352 1351
f 12752 12483 12751
f 8156 7970 7969
f 10852 10856 11579
f 5071 7120 4375
f 4208 3783 4275
f 11270 12519 3073
f 2393 8805 2394
f 7380 7379 7584
f 6507 13519 914
f 12463 6138 6084
f 7719 6554 6411
f 13615 13616 1851
f 9691 9670 9668
f 2011 9844 2052
f 9460 6834 7933
f 4127 4143 8368
f 8868 7812 8262
f 678 8883 5457
f 5929 5901 5957
f 10079 1643 1642
f 5880 5877 5929
f 6274 9377 5834
f 6782 6783 9384
f 5930 5880 5929
f 5734 5779 5752
f 9647 10627 10656
f 5981 5935 5980
f 12623 58 12526
f 8124 6369 9384
f 7311 7104 7192
f 5883 5880 5930
f 14119 9854 14120
f 5904 5903 5958
f 13354 4165 13649
f 12134 12135 12037
f 2512 2271 2262
f 13676 364 13541
f 5982 5960 6007
f 5803 5779 5817
f 13660 2076 2533
f 8369 7060 13592
f 13696 12654 5763
f 6893 8310 9805
f 12244 12134 12035
f 5849 9598 5812
f 1221 13227 13164
f 11680 11604 11767
f 12654 13543 13544
f 486 10321 2869
f 91 10192 124
f 12994 12734 13087
f 1490 14006 14007
f 13645 13372 6900
f 9872 9873 7330
f 12097 7542 1208
f 13599 13600 13560
f 8121 6681 6405
f 5941 5963 5898
f 4331 12910 12736
f 6095 1141 1180
f 12437 12616 415
f 5962 5987 6031
f 4290 501 5780
f 9861 7398 7402
f 10364 779 10510
f 1376 2102 438
f 7252 7245 7243
f 9169 14016 13324
f 1538 11811 5536
f 4229 9591 14203
f 6877 6927 6736
f 4908 12431 3677
f 7746 6907 7763
f 8293 8314 6646
f 5636 9476 5635
f 4802 4654 4653
f 12620 12438 12618
f 8278 4309 8277
f 8922 9901 8921
f 9437 8531 8533
f 1899 5519 3433
f 8035 6485 8252
f 2624 2623 2120
f 1691 2062 6563
f 7376 7579 7581
f 6373 9437 8919
f 12913 12860 12669
f 4417 9700 9699
f 10003 13830 11817
f 13450 13550 13365
f 7668 7658 7664
f 6037 6070 6093
f 13994 13911 14021
f 4990 7530 12431
f 3988 9980 11135
f 10457 8204 3974
f 8497 9446 7628
f 11700 4859 11630
f 10666 10642 10705
f 8259 6431 11830
f 12585 11181 13012
f 8483 9797 13282
f 2597 6466 12098
f 13346 14239 5015
f 7562 12800 2548
f 574 8899 11440
f 5282 3663 5245
f 6205 6441 3172
f 13910 13911 13860
f 2364 2363 2104
f 720 6500 13185
f 5008 10454 5095
f 6464 6200 6546
f 10524 5495 5326
f 6465 5113 10371
f 4108 5615 6615
f 10725 13224 13861
f 6626 11925 11546
f 3194 3169 3166
f 6345 7257 6371
f 2667 13588 2315
f 13320 13521 13629
f 13409 2815 13086
f 10510 10363 10508
f 3103 3910 11122
f 13744 13740 13777
f 10213 13643 12132
f 13237 13240 6495
f 13641 12397 12266
f 5492 13158 13465
f 9454 9167 9261
f 8902 3783 5875
f 12475 8558 2989
f 11809 5413 11101
f 5782 7482 9375
f 10773 11962 11452
f 3842 9546 13793
f 8630 8631 11160
f 2393 8906 8792
f 11690 14240 13238
f 4698 14219 12262
f 6797 6607 6839
f 6239 1440 6237
f 6337 9894 10984
f 10471 8379 12192
f 799 798 949
f 11236 11307 5900
f 8906 2393 8450
f 4630 5098 5695
f 4667 7834 2863
f 5929 5877 5901
f 5935 5883 5930
f 6110 6058 10068
f 12152 12153 5295
f 5935 5930 5980
f 8143 8857 12533
f 6110 6149 6111
f 5915 5909 5960
f 12654 5724 5763
f 13137 13552 13389
f 13137 13389 3301
f 8667 1796 7246
f 6030 5986 6029
f 2988 336 2133
f 11940 11848 12125
f 7978 1899 3433
f 13273 13085 13182
f 12401 12371 12931
f 9872 13363 12015
f 7330 8371 7938
f 7508 7701 13658
f 3652 13782 3936
f 6095 1180 3160
f 6424 6687 10498
f 12430 12610 12515
f 8186 6095 3160
f 12615 12434 12723
f 4108 4815 8946
f 3291 5374 4714
f 13786 13788 12932
f 13354 13178 13265
f 10584 1313 1314
f 12811 12986 214
f 11764 11853 12032
f 10976 2545 8175
f 7391 12867 6721
f 12904 12621 12731
f 7936 7925 332
f 3571 3649 3574
f 12138 12040 7412
f 12628 12531 12737
f 5995 199 5702
f 12739 12352 12449
f 12620 12244 12438
f 1105 368 8069
f 10850 10612 10849
f 12623 11505 12734
f 14177 6154 13829
f 12463 6084 9535
f 12991 13087 11612
f 7683 7450 3326
f 13741 9399 6433
f 7707 6371 9951
f 12987 13270 13182
f 8744 7344 6417
f 7434 7589 7435
f 36 9505 2453
f 13100 1237 344
f 13912 13995 13941
f 8 12048 12051
f 14018 8813 13241
f 12709 6815 14226
f 14263 8956 14208
f 8454 3690 5052
f 5147 5148 4839
f 12448 8470 8404
f 8675 3384 8463
f 6729 6631 6630
f 9733 654 1415
f 6615 5615 10311
f 7256 7147 7376
f 12641 12462 12546
f 10254 14066 9310
f 5453 12649 12464
f 7974 6357 3594
f 10431 10360 10282
f 9565 10225 14235
f 14057 12802 1991
f 11046 12504 1829
f 10553 13557 12308
f 11778 5228 13567
f 6110 6126 6149
f 6656 6677 6752
f 10652 6472 11298
f 11703 13416 14241
f 11758 11859 11659
f 5453 12507 12599
f 11456 11377 11527
f 562 980 1385
f 893 13856 191
f 6566 6485 7397
f 9323 9210 8358
f 8696 13278 9925
f 6134 7726 5716
f 10881 5011 11004
f 9549 8339 8745
f 5730 5751 5731
f 629 13593 6514
f 13470 12216 13469
f 12760 13132 13286
f 3549 6054 2127
f 12660 8393 8466
f 13023 12578 13641
f 2495 6911 8838
f 9238 9602 9430
f 11385 11461 11608
f 6665 2646 2299
f 4375 7120 4213
f 6241 1440 1325
f 8020 6803 13824
f 11174 13637 13725
f 11140 13997 6762
f 7644 10756 12920
f 13508 13478 13268
f 13738 2497 1694
f 5930 5929 5978
f 13318 6062 6090
f 5741 5738 5781
f 1555 8405 9783
f 3500 6639 4401
f 5980 5930 5978
f 13573 7414 7616
f 11709 14113 13410
f 5903 5861 5886
f 3567 5529 5786
f 6312 3627 6577
f 5916 5890 5915
f 5807 5818 5781
f 14023 390 2354
f 14285 14218 14216
f 9422 9321 9320
f 5753 5752 5803
f 6046 6059 6112
f 5982 5915 5960
f 11797 611 11229
f 11421 406 7889
f 6024 6023 6059
f 4148 4144 13732
f 5983 5982 6029
f 5983 6029 5986
f 5938 5916 5961
f 9388 7053 7247
f 12095 1708 962
f 11925 11115 13149
f 4354 4520 4665
f 5407 5680 5820
f 11153 8298 8401
f 4915 3098 5594
f 11661 13195 13156
f 3205 1141 9847
f 4862 3297 3296
f 3872 14000 4592
f 7772 6661 5922
f 13696 8364 13553
f 9536 9537 12976
f 11223 2823 2460
f 3982 4602 14095
f 4649 9152 5337
f 7357 3178 7833
f 6982 11 4670
f 9000 12468 849
f 1178 1225 1812
f 7312 7195 7427
f 14218 10587 1006
f 5848 1259 6002
f 12253 12041 12140
f 6538 12867 9761
f 14100 4937 14108
f 12977 13310 12999
f 319 13323 5943
f 11816 13524 11819
f 12138 12347 12140
f 13742 11796 11798
f 6388 6727 11082
f 6303 9091 6196
f 2439 12923 2912
f 9275 9359 9358
f 12987 214 13270
f 2550 1816 5115
f 9615 331 9626
f 13074 1356 13349
f 11105 11274 11272
f 13620 962 12426
f 4799 6917 9082
f 12904 11612 12621
f 10680 181 11160
f 11861 12037 7412
f 6005 8771 805
f 3036 7216 11503
f 6717 9259 8100
f 12811 12618 415
f 14124 13407 14121
f 12616 12615 12809
f 12351 12045 12254
f 11769 11767 11948
f 11612 13085 12991
f 4557 4636 4466
f 12738 12798 12742
f 8317 10949 11085
f 11451 4328 12215
f 12343 12440 12526
f 13876 743 13877
f 4370 1835 13815
f 8262 8866 8868
f 13270 13356 13444
f 12308 13557 11696
f 12352 12534 11714
f 6752 6754 8419
f 12182 12241 8618
f 860 1072 861
f 9892 3184 6395
f 2678 2345 2728
f 2159 860 2158
f 11589 11783 12086
f 5718 5786 5529
f 3027 2939 2938
f 8325 9389 6908
f 5949 9446 9448
f 9399 6221 7751
f 13784 11965 10858
f 8421 6465 2809
f 8195 7899 12934
f 7545 8563 9060
f 9217 8458 372
f 5201 6870 10259
f 7340 3033 4924
f 6726 6583 9539
f 6126 6103 7040
f 12808 12810 10228
f 5857 5837 5834
f 5957 5976 5998
f 8778 1288 8704
f 3585 5965 6118
f 5886 5861 5817
f 10911 2744 11949
f 4649 5556 13318
f 365 8580 1342
f 8887 13751 11259
f 11209 11108 11109
f 232 12356 7450
f 12410 12301 12409
f 7377 7205 1710
f 12783 12782 12837
f 5805 5753 5803
f 5987 5961 5986
f 6129 6157 1913
f 14010 13363 14012
f 12955 12965 12746
f 8364 13584 8369
f 11001 12907 8326
f 8369 13592 13137
f 9954 752 993
f 13714 11108 12361
f 7829 7831 13377
f 2834 3289 1219
f 12675 12674 12310
f 12327 12224 5648
f 1257 11269 13805
f 9504 9689 9760
f 4459 13244 9155
f 5228 12662 12663
f 7330 6923 8371
f 6642 13063 5234
f 9449 8759 4516
f 8070 8071 5615
f 11703 11545 13416
f 8472 11662 11856
f 9389 8365 6908
f 9598 12407 8364
f 13828 13713 7839
f 13717 6481 11765
f 2642 5640 2831
f 7804 8035 7803
f 7134 14074 12115
f 11384 8063 6964
f 7120 11781 4213
f 12825 12953 12824
f 8360 10814 8574
f 10879 13623 10789
f 8421 8902 5875
f 10941 10886 10878
f 12280 12279 13922
f 6758 6239 11606
f 3175 4273 5878
f 6571 7654 8082
f 13459 8748 13718
f 10100 12564 3361
f 9005 9417 8736
f 2644 8181 5106
f 8597 8731 10108
f 12735 12706 12703
f 1885 12010 11835
f 10610 12280 2100
f 3131 1746 8295
f 13242 8936 1217
f 10886 11971 13663
f 1372 6767 264
f 5409 3973 4209
f 1368 13698 4920
f 4404 13394 5378
f 12219 11586 12010
f 6720 13603 12491
f 9704 6663 9651
f 9460 8770 7906
f 7522 7095 7414
f 6392 6494 7930
f 2700 13979 50
f 5710 14279 6004
f 12487 12379 12454
f 8119 8118 6758
f 662 1160 3776
f 12977 13159 12975
f 5850 5710 6004
f 7195 11906 12110
f 9425 12149 12178
f 8121 9379 8757
f 7546 7544 7309
f 13939 13855 13757
f 10187 10336 10265
f 10162 10038 10037
f 5800 5732 5751
f 14251 6051 1833
f 12726 12664 12698
f 2466 4734 2779
f 12895 12894 13077
f 9870 9867 9871
f 8124 9384 6783
f 5832 8365 6316
f 8272 9700 8273
f 13188 4331 12994
f 12500 3690 3688
f 9082 3212 2729
f 891 9113 883
f 12734 12626 12623
f 9342 11128 9126
f 11273 11279 2311
f 12351 12449 12352
f 5978 5929 5957
f 5953 5857 5834
f 6127 6115 6087
f 12741 12534 12739
f 6001 5957 5998
f 5886 5841 5883
f 12919 13096 13285
f 4922 13645 12553
f 5980 5978 6023
f 6059 6058 6111
f 5883 5838 5880
f 6023 6022 6058
f 13391 13411 13390
f 896 8622 8751
f 5755 3903 9757
f 12617 12589 12614
f 5805 5803 5861
f 10078 5743 10769
f 3240 7294 14269
f 2582 11172 11171
f 2222 12139 11720
f 5888 5864 5904
f 5960 5888 5959
f 6031 5987 5986
f 5987 5939 5938
f 13295 13200 13381
f 5622 5567 5550
f 7621 7464 7729
f 6884 7392 12553
f 11597 11631 11644
f 5476 13798 11349
f 4848 6918 4880
f 1931 12502 136
f 9416 7738 9415
f 7480 6130 1913
f 10144 9427 6864
f 10899 13338 13340
f 12676 12706 12677
f 5389 5346 643
f 7919 6809 6936
f 1918 13175 11551
f 3324 1323 13987
f 5526 5503 6166
f 3625 1951 2231
f 3583 2454 2309
f 13212 2770 3294
f 6804 7475 6861
f 11245 1577 1911
f 9552 376 534
f 4157 3595 7632
f 6497 6322 3343
f 8176 9352 8047
f 11661 6995 490
f 7347 12479 14078
f 2960 2961 510
f 6297 7976 7934
f 3582 12395 12325
f 539 10774 10639
f 12205 10800 314
f 4854 3925 4696
f 12148 12147 12204
f 12553 13986 4922
f 5650 12370 9801
f 5962 6068 6035
f 11423 5302 5213
f 2179 1697 4511
f 5171 3568 876
f 12284 12348 12309
f 6680 6326 6458
f 5215 5269 5217
f 2397 11268 11686
f 11259 12020 8887
f 1993 11045 942
f 7545 9060 7846
f 8259 8206 2324
f 9039 8936 7844
f 7867 5993 6705
f 8881 8751 8621
f 8016 6757 7953
f 9170 3092 9885
f 6433 6388 13741
f 11546 8376 11437
f 13736 12673 341
f 6928 6643 7850
f 9720 5008 6038
f 11546 11545 6626
f 1688 237 235
f 12942 9350 12943
f 8874 9200 9199
f 11860 3886 5334
f 4412 4413 11075
f 12712 13243 12074
f 2240 1298 800
f 13776 7134 12115
f 8083 1071 8084
f 12966 13921 12219
f 13884 13862 13912
f 11804 8809 4575
f 10083 9937 10008
f 12522 12649 5453
f 1240 946 798
f 1560 1519 1855
f 12671 12578 10873
f 5648 1470 1468
f 13420 13730 13521
f 4571 4744 4570
f 8497 8042 8499
f 12789 14196 11902
f 12985 2007 10827
f 3021 309 2311
f 563 8195 6539
f 13240 6315 6495
f 6444 13154 3407
f 4361 4197 4360
f 12773 8790 2397
f 4202 3996 4200
f 13138 12977 12975
f 7312 12975 11906
f 5957 5901 5976
f 13754 7139 13756
f 13539 13756 13757
f 1639 6505 9478
f 11740 1928 13057
f 7167 6000 189
f 5850 6004 6131
f 4567 4657 10450
f 9194 9954 9972
f 6883 2493 6948
f 12097 14140 1180
f 12895 12721 12894
f 5387 5435 10159
f 12986 12807 12984
f 13359 13445 13762
f 5864 5861 5904
f 6129 1141 6095
f 1695 8729 1784
f 13176 13173 13536
f 12040 11861 7412
f 6089 6118 9768
f 13188 13088 5626
f 13178 13077 13176
f 12991 13273 13274
f 13656 13321 13319
f 12455 12487 12539
f 12997 12910 12996
f 13077 13075 13176
f 12347 12530 12349
f 13077 12894 13075
f 5428 6400 5419
f 1746 3131 1100
f 436 756 13092
f 13318 6064 6062
f 12416 12382 12457
f 6064 6068 6031
f 6812 7875 8224
f 1550 1614 1576
f 13372 440 12919
f 13283 13096 13193
f 8738 8616 8749
f 7702 12553 7392
f 574 3048 8899
f 1811 6609 6610
f 1150 12174 1016
f 4640 4931 4369
f 12544 12493 12543
f 11014 2331 6195
f 10048 11249 12122
f 6429 7632 6357
f 8670 12284 12232
f 4954 7274 1852
f 7248 12508 10048
f 7248 7478 7249
f 2398 2262 4532
f 6894 3412 3184
f 10793 10792 3468
f 9256 932 8506
f 8970 3416 8971
f 9853 9462 9458
f 2773 7842 12851
f 8539 8410 8538
f 3467 5897 11497
f 8280 9886 8063
f 5059 3915 10458
f 10331 6233 6226
f 5475 10944 3345
f 3530 3529 3944
f 6803 6861 6859
f 10204 10205 10203
f 12175 12229 8670
f 8785 9816 8000
f 8650 6484 11606
f 6433 9399 7751
f 7481 10998 12945
f 8118 9452 6084
f 12043 7659 1159
f 2682 2456 2690
f 2119 1569 1959
f 9626 8630 11160
f 7668 7665 5994
f 7026 1728 5469
f 11191 2485 13972
f 8908 6905 6039
f 524 614 616
f 14179 7026 11407
f 13988 8286 8287
f 871 952 910
f 10406 6527 984
f 6020 10526 14079
f 4682 10895 10668
f 4657 4711 4664
f 13984 13196 8389
f 5976 5953 6396
f 4567 8844 4568
f 125 93 159
f 6060 6089 6090
f 12704 13920 13320
f 7077 7001 7076
f 4663 4984 4665
f 3311 3538 685
f 4630 4585 5487
f 13244 4459 4455
f 13142 13244 4455
f 6112 6059 6111
f 12404 12439 7935
f 6385 6362 13177
f 6692 12513 5152
f 9120 9353 9023
f 12435 3008 6523
f 9144 10225 2560
f 4059 4155 9650
f 9681 9650 4878
f 3586 5588 1052
f 6093 6095 8186
f 6030 6029 6060
f 10800 339 314
f 11639 8331 8562
f 12074 13243 13690
f 9312 11961 11962
f 6007 5959 6006
f 10745 10913 2328
f 2632 10570 14005
f 6035 5939 5962
f 1217 8936 12595
f 3181 2776 7215
f 6157 6129 6156
f 7855 13765 6162
f 5765 8626 6188
f 12039 12133 11953
f 12729 12762 12788
f 12303 12346 12260
f 3856 11419 7140
f 8557 13201 8471
f 1708 3833 3112
f 11874 3774 5210
f 693 14104 5517
f 2293 2018 10948
f 1175 2123 12570
f 8646 8267 13155
f 5089 11198 10161
f 9326 2079 4321
f 3948 7427 7629
f 10454 4930 13950
f 4678 4839 4679
f 11556 7195 12110
f 6698 6571 10312
f 3948 12668 7630
f 5546 5503 5526
f 9511 9364 9510
f 5850 6131 12979
f 9086 9518 13955
f 1165 13613 2168
f 5877 5837 5857
f 7626 7423 7422
f 8690 6686 6422
f 8127 11533 8784
f 12009 6568 13398
f 13366 5240 9409
f 5579 12979 5711
f 5579 5711 12719
f 12758 12728 12785
f 9170 9885 9836
f 3497 7855 13768
f 12986 12984 13180
f 2548 12800 9157
f 13090 13190 12996
f 12910 12737 12736
f 12351 12352 12256
f 5215 5214 5323
f 7133 5104 14146
f 2140 1667 1979
f 2789 2944 7562
f 7323 7369 7327
f 12703 12730 12735
f 6416 6488 6490
f 7133 13667 5104
f 14042 12804 11413
f 4418 4332 4287
f 12625 12597 12658
f 9014 13462 9015
f 13002 12828 12827
f 13703 13280 929
f 9797 8483 6360
f 7451 12091 1944
f 4020 4076 3989
f 12707 12677 12706
f 13157 12780 526
f 13193 12997 13191
f 7713 6470 7712
f 14161 13373 13684
f 13168 9851 5122
f 8501 11723 3151
f 8650 6741 8325
f 7809 2266 2536
f 6098 2826 11030
f 2210 2211 2134
f 8421 2809 7257
f 9393 2767 6930
f 6124 5973 5832
f 6832 6729 13008
f 6212 5654 1365
f 9110 1220 13160
f 8048 7771 11554
f 6865 5754 8170
f 8440 6498 9761
f 6841 5495 10524
f 6389 13086 9358
f 10706 5729 7231
f 12661 13675 10228
f 5201 7238 6870
f 12661 14230 13926
f 7846 3559 7545
f 6085 6948 2493
f 12788 12815 12793
f 10562 397 5180
f 5959 5904 5958
f 7640 7241 4622
f 6026 6060 6029
f 8563 7545 8560
f 6060 6047 6089
f 2324 6793 2646
f 13822 13796 13838
f 6118 6115 6128
f 6157 5316 10031
f 3205 3653 7543
f 5310 3585 6128
f 9958 9814 9813
f 844 6402 12158
f 5139 5089 10161
f 13314 12470 13499
f 13501 13030 13601
f 6828 13031 6923
f 12678 12625 12658
f 3512 6246 4773
f 13935 13607 14064
f 3783 5114 5875
f 8903 6887 8905
f 5421 2521 13559
f 10843 10900 13988
f 8174 9457 9855
f 12738 12711 12708
f 12971 12878 12775
f 10371 7720 6465
f 6571 8080 10312
f 8915 8450 8570
f 6241 1325 6138
f 12935 6438 3992
f 9252 11725 14260
f 7446 7948 9575
f 8746 8848 1261
f 11074 10940 10991
f 13432 13516 13431
f 10368 10385 7995
f 10906 8252 3232
f 6717 8117 7329
f 6429 6307 7632
f 13704 11207 2928
f 11210 11109 11995
f 6012 4595 3866
f 8469 12898 7098
f 9376 5690 4450
f 2469 9255 10555
f 10417 5353 5354
f 12637 12646 5640
f 472 6921 6824
f 11961 10641 12498
f 12779 339 10800
f 6489 6631 6731
f 753 10920 1942
f 8787 6272 6503
f 13459 10801 13705
f 6139 11830 8436
f 8070 6401 7927
f 10654 10652 11298
f 14257 2996 6690
f 9994 4116 9931
f 13801 13763 13799
f 8022 1425 1467
f 55 11620 13563
f 3153 11723 6044
f 6464 6547 6208
f 7917 9521 9553
f 8331 8420 8244
f 12188 13773 10930
f 3284 3077 3283
f 8998 6417 9215
f 8912 9174 10418
f 6345 8915 6556
f 1536 11148 6513
f 10587 14218 14285
f 9410 9408 8791
f 6905 7369 7323
f 4837 7769 4832
f 324 8580 597
f 10890 6956 12546
f 8690 6422 1356
f 6629 4969 9684
f 2259 617 787
f 12816 11505 12623
f 12506 12597 12507
f 13349 6424 13536
f 1150 1016 9112
f 13075 5711 13074
f 7630 7725 13202
f 9854 11906 7313
f 1006 1147 3150
f 8040 8497 7852
f 12260 12282 12229
f 13182 13270 13444
f 8768 9948 8769
f 13359 13273 13182
f 2331 11733 2395
f 6871 8053 7671
f 6309 6314 6170
f 13000 12741 12822
f 13406 3150 1147
f 13180 13178 13354
f 3026 5235 4743
f 13178 13176 13265
f 13450 1774 1773
f 795 12447 3045
f 12995 13020 13395
f 14146 1772 13406
f 13661 1772 14146
f 565 1618 9228
f 10756 7644 2019
f 12270 12322 3582
f 9957 9891 10032
f 9354 7933 8370
f 4576 13153 11498
f 12256 12045 12351
f 2974 1006 10587
f 5639 10582 4533
f 6552 9502 6376
f 8379 12448 12978
f 6021 10069 5998
f 10219 4654 5403
f 1052 4878 9650
f 13036 6558 6586
f 11039 10317 10386
f 10218 11563 11476
f 14192 12696 13205
f 6023 6024 5980
f 14071 7667 492
f 6029 5982 6026
f 6156 5316 6157
f 5337 10031 5316
f 6062 6064 6031
f 13318 9768 4649
f 9063 693 10723
f 11296 11299 11190
f 6115 6153 6128
f 4777 4658 10191
f 7429 2587 5717
f 5147 5432 5433
f 2459 10860 13591
f 5282 3747 5149
f 6337 3870 9894
f 1960 5664 9388
f 1747 7650 7053
f 3529 3530 3525
f 9494 7554 8170
f 7712 6470 6789
f 13476 13308 10659
f 4695 4694 9990
f 8108 6642 10286
f 7007 8698 2289
f 3768 13146 2981
f 11979 11886 11779
f 9010 7438 6072
f 6671 6666 9201
f 12692 14240 14241
f 14241 10774 11703
f 6019 12804 14042
f 1156 9016 9017
f 6298 7917 6343
f 13833 9376 6097
f 3908 4492 10383
f 10420 14175 10422
f 10700 3003 5661
f 3564 3517 3563
f 13025 12292 11111
f 11798 9901 3378
f 12797 12772 12820
f 6309 6389 6314
f 10660 14064 13607
f 11530 14101 6261
f 1985 12484 13162
f 8928 10035 8798
f 11986 11868 11988
f 1665 9499 6625
f 7526 4533 9378
f 7243 6612 6379
f 4560 4950 10070
f 10104 6605 6628
f 9729 9646 9726
f 4208 4198 10482
f 10250 7931 7796
f 7821 8049 6787
f 10446 10294 10445
f 13205 12689 12693
f 14059 138 12472
f 6244 8725 8821
f 12074 9046 13655
f 2212 8356 11746
f 1636 425 8884
f 2044 2378 2379
f 7672 6316 8365
f 8803 13833 12805
f 8459 9086 13955
f 3272 6229 13145
f 6704 11927 5071
f 10713 4603 4553
f 3069 2977 3027
f 12765 12008 13530
f 5524 8671 11989
f 10880 9398 8642
f 8463 3382 9852
f 13158 5492 5061
f 1829 12882 2307
f 1922 5538 10976
f 11298 6472 14176
f 7215 8126 8388
f 12769 10873 13772
f 8365 9389 7672
f 3121 488 351
f 5049 8707 7557
f 10604 13336 9315
f 1790 1788 1912
f 3514 3444 3479
f 454 8216 455
f 7861 8135 3972
f 13095 14096 2030
f 13159 12977 12999
f 11269 11711 11710
f 11978 13913 13235
f 3673 4232 7848
f 2815 6098 11030
f 8334 4275 8332
f 9853 8865 8863
f 3301 13553 13137
f 6926 11384 6936
f 12800 9225 9157
f 4124 2912 4128
f 442 3238 1498
f 6680 9264 6627
f 13425 13315 13424
f 11911 6624 6877
f 14285 5583 13402
f 5282 5149 9152
f 1356 6131 8690
f 10452 2007 10450
f 2336 13066 5189
f 13539 13649 4165
f 5387 4711 1477
f 7531 3070 7423
f 13368 13370 12323
f 7140 11463 6337
f 14033 13940 13939
f 8007 8193 8137
f 8399 8529 8401
f 11099 11681 11904
f 13855 13649 13757
f 4987 5470 5487
f 5986 5961 5983
f 13359 13182 13445
f 4741 4652 5571
f 12534 12352 12739
f 13505 13508 13463
f 185 4464 5101
f 13547 414 4475
f 14260 13099 14262
f 5405 11243 11242
f 4290 5780 4288
f 13943 14034 13945
f 5805 5861 5864
f 2974 2979 1147
f 13125 13565 4588
f 9873 12015 5922
f 2653 5427 2018
f 2306 4358 2539
f 2464 2668 3310
f 3044 3002 3042
f 3585 5310 5406
f 5719 11765 4677
f 12883 12930 12469
f 14261 13726 13720
f 8841 3186 14169
f 5535 5316 6156
f 12686 12792 12791
f 3774 11874 10796
f 9781 9355 8274
f 11472 315 9059
f 171 2650 7296
f 3656 12634 11419
f 10991 13150 11008
f 7781 1214 7682
f 5764 1654 1769
f 6841 3473 11344
f 2045 3305 13281
f 11376 7463 14084
f 6900 13283 12323
f 25 1743 2588
f 12198 12171 12195
f 13269 3184 9892
f 7477 7475 6816
f 7927 8071 8070
f 11602 11750 11387
f 11318 8589 11563
f 6506 7937 7988
f 9418 8083 10433
f 9553 9521 9105
f 8728 3095 6205
f 6907 7746 7744
f 6246 6248 5690
f 1158 9487 1520
f 13295 6832 13200
f 12192 9635 10471
f 2483 9989 11343
f 3182 8149 7755
f 5531 11031 10871
f 11804 7452 8809
f 9524 5743 10078
f 13733 13707 3068
f 14258 10996 14182
f 14255 14035 13208
f 4316 1327 1411
f 12879 12929 13134
f 6709 7654 6571
f 13027 13951 8960
f 480 502 13653
f 6227 6268 6160
f 8301 8187 11475
f 3860 7741 14134
f 5502 8242 11200
f 5201 7451 7238
f 5813 7329 5784
f 865 3254 4442
f 7812 6194 2976
f 14205 4686 4073
f 9281 10837 163
f 3372 3370 1676
f 13506 13472 5799
f 7579 7375 7577
f 19 8143 7130
f 13794 11576 11578
f 6922 4458 5973
f 8073 7837 11323
f 8292 526 12780
f 6415 6123 4458
f 4577 12183 4592
f 13122 4949 9401
f 12715 9386 13812
f 9279 9278 13812
f 2891 2854 2930
f 5476 11571 4675
f 11129 10670 10593
f 13452 12949 13151
f 4213 11781 13435
f 10786 12193 649
f 13845 13601 13482
f 2642 1623 11913
f 10709 6491 5991
f 12005 12861 12004
f 3093 2998 3041
f 11567 2736 1053
f 12295 11515 11225
f 2641 12295 12107
f 14123 12277 3465
f 2959 2888 2926
f 11997 13516 11998
f 13011 12675 12308
f 13496 11798 3362
f 13805 2928 1257
f 14132 14143 8665
f 3512 3513 3437
f 11917 11338 4334
f 283 1331 4047
f 2307 13959 1829
f 5556 6064 13318
f 5866 5844 5864
f 8530 8470 8379
f 11210 13730 11174
f 5975 5998 5976
f 6023 5978 6022
f 5253 5403 10029
f 12038 659 12128
f 5961 5915 5983
f 5431 5249 10948
f 5181 6351 3863
f 11809 11810 11808
f 14046 5425 5318
f 6101 6085 2493
f 11927 6704 5585
f 4040 6295 4824
f 7631 2109 13256
f 13462 9014 9169
f 5810 5821 5812
f 11896 13605 13509
f 7201 6192 12934
f 9694 9674 9692
f 13737 7039 3369
f 12199 6075 6611
f 12077 10836 12386
f 5337 9152 5146
f 11781 7120 7217
f 10031 7479 6157
f 6328 6330 6257
f 14085 10638 12157
f 11781 7217 12704
f 8265 6255 6137
f 1176 2123 2122
f 6220 11198 6253
f 6609 6715 5224
f 12685 9445 9916
f 13839 10975 6532
f 12570 3131 1175
f 7915 7913 8099
f 7311 7629 7427
f 922 6514 1184
f 1356 13074 12979
f 624 5943 13323
f 8348 8260 7847
f 582 244 269
f 8753 8812 8627
f 7918 12668 2252
f 11891 11855 11950
f 8214 5064 8223
f 10312 10310 10311
f 10012 104 1190
f 12723 12807 12615
f 13075 13074 13173
f 13367 13191 13190
f 13762 13764 13654
f 8199 8157 3972
f 7133 14146 13333
f 12915 12632 12741
f 13447 13274 13273
f 13491 13519 12968
f 6554 9307 6411
f 9699 8104 6932
f 8496 5395 6899
f 11145 10010 11197
f 6103 6101 7040
f 7212 6641 179
f 4961 4631 9344
f 11316 10192 12370
f 896 8751 9425
f 4823 11967 11035
f 12921 12849 2186
f 10584 1086 1313
f 10899 10846 13338
f 9105 9935 8961
f 13296 6188 278
f 3378 9399 13742
f 13229 11660 14069
f 12310 11004 10741
f 13673 11251 13834
f 2140 3837 7548
f 6019 4020 10383
f 10331 10791 13670
f 9535 9452 9351
f 11996 12952 11997
f 227 10116 10167
f 5887 11361 9830
f 10776 3073 3072
f 11975 12313 11974
f 1601 982 1599
f 4490 4458 6922
f 452 10476 8131
f 13378 13379 8784
f 14159 9189 8841
f 1918 11551 12081
f 9759 963 9774
f 13208 13117 14253
f 6736 6570 6542
f 7989 5263 2672
f 13561 13898 11219
f 6741 1126 8386
f 2765 2852 2766
f 9478 6505 13788
f 7865 6415 4458
f 3746 3446 3926
f 9496 9454 9502
f 667 508 2778
f 8642 3341 10880
f 13304 11138 11136
f 13710 3983 6049
f 11351 11193 14232
f 5029 5792 3946
f 12934 7899 8194
f 11499 11486 14231
f 6937 7509 10794
f 9517 11305 13687
f 11800 8628 4190
f 9498 11829 14113
f 2767 9393 7803
f 6379 6612 1295
f 5703 8229 9782
f 5779 5732 5800
f 11173 5928 7552
f 13872 9142 11217
f 5700 7926 9877
f 14082 14083 11693
f 5838 5800 5816
f 34 1173 167
f 12936 10870 12846
f 6384 5975 6396
f 7345 7171 7264
f 10028 6215 5253
f 5192 3406 5437
f 5304 12000 5687
f 1052 5588 5584
f 6883 5996 5697
f 11496 13426 13249
f 5714 13544 8205
f 7240 7483 6075
f 13138 3948 7630
f 13220 13304 13983
f 6576 6892 6580
f 8334 8332 8745
f 8245 8166 8244
f 3395 5363 4030
f 4156 4106 5017
f 2601 112 13329
f 12924 2276 13005
f 13567 1418 13571
f 6275 6253 11199
f 3160 12619 8186
f 13565 7058 4588
f 3653 6222 12823
f 9498 11832 11829
f 13043 13918 14102
f 2293 915 2653
f 10352 10420 10204
f 12189 11969 11825
f 13042 11997 12952
f 7633 6719 7551
f 6832 13103 13200
f 5800 5751 5816
f 13824 9415 9948
f 12791 5294 12686
f 5966 9316 6674
f 13967 13954 2106
f 13920 13918 13521
f 10759 14078 14157
f 6474 12188 9119
f 8272 8273 14001
f 3879 3880 6779
f 9522 6160 9519
f 6465 5875 5113
f 3672 10836 12930
f 7807 5114 6338
f 2165 13864 2197
f 7988 7937 7819
f 13256 2113 13257
f 6236 3812 12036
f 11424 11935 11866
f 11669 11471 11276
f 4025 5317 4380
f 10873 12578 13023
f 11389 2699 8495
f 12781 12790 12871
f 5754 8104 8161
f 8222 10005 7784
f 5717 44 489
f 13821 6506 7916
f 12329 6624 11911
f 8315 9515 9311
f 2979 2973 13344
f 11060 12313 10798
f 3702 5494 5134
f 4622 12223 11795
f 13574 1087 14151
f 453 4334 6290
f 12205 13230 10800
f 782 2097 10771
f 6935 9415 7738
f 6347 13740 13751
f 9926 9855 9457
f 6237 1440 9928
f 2114 13045 11975
f 13056 13417 13932
f 12276 2574 3032
f 8728 11138 6723
f 6829 3656 13745
f 6434 6503 8016
f 7192 7531 7311
f 5793 13871 13483
f 9507 7967 2959
f 9311 7758 6570
f 12710 7724 7531
f 4715 11350 4462
f 9454 6376 9502
f 2081 7224 2080
f 10833 10772 10835
f 3704 8174 7820
f 7873 13316 13021
f 1068 1070 4335
f 1839 7856 1838
f 14146 5104 13661
f 13000 12822 12997
f 2422 12529 2122
f 12301 8656 12340
f 9456 2536 7698
f 614 5599 616
f 9033 11054 11102
f 8531 6373 8509
f 386 4289 3190
f 12903 13666 12821
f 7539 3550 10989
f 424 14283 2871
f 141 3676 195
f 2083 661 3776
f 473 1543 1544
f 13023 13839 6532
f 7698 1071 8083
f 4837 4832 5949
f 13272 13351 13474
f 1695 3159 1586
f 4339 10581 1585
f 2965 3473 8712
f 7772 5921 6013
f 11131 10862 11071
f 5615 8071 10311
f 2826 2783 11030
f 11004 12310 10881
f 6384 6235 6386
f 13985 11263 10623
f 8177 8255 8257
f 11549 13410 14094
f 11243 6101 2493
f 5291 5297 5683
f 996 13816 13977
f 6941 12034 4966
f 1100 11463 7650
f 11816 11206 13523
f 9512 8168 12650
f 9582 9753 9585
f 7802 10707 10720
f 1158 4169 5275
f 9327 9276 9181
f 7453 10979 6073
f 1710 5083 10460
f 4266 901 4571
f 3343 6322 6321
f 7705 7706 7610
f 8433 8285 7668
f 7480 5139 10161
f 5962 5939 5987
f 6318 3051 1183
f 13571 11318 11319
f 3974 8204 8116
f 11419 12156 7140
f 1100 12570 7444
f 2288 2303 1882
f 12878 14273 13247
f 13222 13312 8102
f 8509 8122 8531
f 9218 9457 8174
f 12778 11309 11622
f 9453 5851 10777
f 13752 244 684
f 7919 6632 6749
f 13694 5244 2794
f 9434 4742 9433
f 14001 8273 11670
f 9535 9351 6757
f 11748 11660 13229
f 7806 9420 9468
f 13441 13048 11617
f 13388 13261 13060
f 9202 3409 3411
f 5676 11098 8310
f 8004 7831 9938
f 14213 14269 14215
f 6451 8509 8047
f 5445 4273 4207
f 10573 3126 3307
f 8329 8164 8163
f 9826 8624 8625
f 6405 9067 6767
f 13417 12218 13932
f 13030 10617 10643
f 11919 8084 5549
f 13235 658 13502
f 9328 9042 9044
f 8280 8226 9886
f 2216 2383 12983
f 5623 1375 3878
f 9010 9892 3092
f 6449 5038 5039
f 8649 8442 6005
f 12080 12187 10620
f 11405 7347 12569
f 6435 6185 5964
f 5344 5321 5383
f 10860 12880 10851
f 6537 6536 6840
f 13233 13272 5583
f 9315 11329 11304
f 6490 6454 6436
f 1455 2707 9184
f 3728 11137 9628
f 13310 12995 12999
f 7547 10302 2063
f 6795 9454 10035
f 12738 12683 12711
f 2472 12600 4589
f 1257 11890 11269
f 3027 2938 6194
f 10688 573 5668
f 4749 6025 7652
f 13916 13431 13516
f 6420 2286 2462
f 10315 11476 11697
f 4318 245 6361
f 10975 14078 10759
f 8243 8403 6531
f 2536 2266 7617
f 12479 11405 12188
f 13347 12398 3883
f 9039 7844 7843
f 13805 11269 10660
f 8997 9176 3793
f 2953 5093 5069
f 8735 3704 6447
f 1248 7761 5946
f 11391 12477 13689
f 12868 12866 12374
f 13920 13254 13918
f 3376 8791 6701
f 11434 10684 13018
f 8517 5969 12300
f 7867 5824 5993
f 7447 7448 12166
f 11434 8375 10765
f 8838 6911 7973
f 5441 1524 5416
f 4903 4927 4902
f 6813 4283 3568
f 4553 4540 13916
f 12769 13772 12863
f 8275 13739 10305
f 9549 8797 8998
f 14157 11056 10759
f 13556 13772 13107
f 3490 3679 3680
f 9411 9441 10120
f 12669 10281 12913
f 8434 4099 6194
f 732 12993 13626
f 10611 9046 10610
f 11197 13640 4667
f 6007 6006 1347
f 13936 14119 14031
f 10478 8784 11533
f 6922 6124 1838
f 6696 13086 6389
f 3116 6762 2669
f 11085 12946 6303
f 573 3048 574
f 9279 9235 9278
f 3070 7192 13398
f 13265 13439 4165
f 8239 8241 2820
f 9091 12946 12945
f 12904 12812 13083
f 6083 11796 11081
f 13812 9278 9276
f 13762 13445 13652
f 12832 5662 1646
f 7201 5795 8403
f 9706 9042 10983
f 13356 13270 13180
f 4545 4867 4033
f 5780 501 5350
f 521 729 730
f 6375 3115 2727
f 3006 8716 4783
f 6255 6254 5736
f 6182 5891 5893
f 2953 3719 5480
f 13252 5091 8438
f 10938 12631 11543
f 7116 6455 8115
f 13832 9376 13833
f 8745 8744 8797
f 328 1927 1958
f 7453 10337 10981
f 6799 4916 5040
f 10854 10853 12197
f 134 11924 11021
f 5794 3947 3946
f 11405 12465 13773
f 12831 13702 12854
f 6272 8787 6925
f 13657 1759 13734
f 13693 13867 10218
f 3662 3009 2639
f 8643 10949 8317
f 14121 13282 14124
f 13833 8803 8444
f 9836 10337 7453
f 9911 12688 5815
f 7987 7896 7986
f 5445 4277 8023
f 11799 9577 9625
f 7940 7755 7723
f 12692 13093 12693
f 11876 11965 10869
f 7744 7746 8086
f 7398 7712 7402
f 9908 7948 7446
f 4576 11514 5918
f 14068 13464 11549
f 12044 4087 11775
f 9908 7867 6705
f 10731 3467 10726
f 5344 5323 5322
f 6248 6246 8152
f 14003 11734 14082
f 10041 9088 9972
f 833 6878 11609
f 6223 8263 6309
f 6557 6619 6632
f 6663 9704 384
f 11893 8485 8308
f 10722 13411 11322
f 4674 7018 6954
f 6573 2577 10458
f 10675 14232 11193
f 11658 13571 11319
f 996 9012 13259
f 12080 11170 11832
f 12851 12662 2773
f 13455 9330 13526
f 3350 2439 4124
f 6629 7946 4969
f 9528 9570 9530
f 11642 11640 11641
f 9415 6935 8769
f 3184 6432 6894
f 13262 13167 14097
f 816 851 861
f 4143 6834 6445
f 6084 6138 1325
f 4670 6117 6982
f 13705 11108 13459
f 12188 12189 9119
f 8288 6403 7873
f 8195 12934 6192
f 6501 6580 7821
f 10801 11207 13704
f 12180 12850 12851
f 9928 7852 7628
f 14073 13304 11136
f 7443 7133 2380
f 12115 12292 13025
f 5525 10085 4389
f 12389 10792 14184
f 6521 8272 14001
f 6075 7407 6785
f 2127 2412 2404
f 3746 10173 11494
f 12470 12760 13499
f 5733 3468 10792
f 11790 11451 9226
f 13314 11649 13228
f 10428 10514 10429
f 6731 6732 6489
f 13471 13217 13160
f 4446 10160 4903
f 3175 11275 11278
f 6215 10028 6190
f 11938 11450 11867
f 13240 6762 13997
f 12497 3103 5069
f 7641 7928 7599
f 869 7456 918
f 14196 12789 14194
f 5824 5964 5993
f 6544 6366 6450
f 4216 7005 12902
f 13158 12469 13465
f 5931 5933 8720
f 4025 5856 4023
f 3907 3880 3879
f 4082 2122 12529
f 1855 1518 1561
f 12411 10741 11004
f 12157 12224 11009
f 600 8985 2734
f 5065 7985 3072
f 6710 6624 12329
f 6136 4207 4273
f 1824 2361 3495
f 8795 8499 8894
f 11112 11974 12313
f 8119 8901 8758
f 13564 12224 3187
f 7544 7546 7553
f 7244 10905 13381
f 12959 10611 13163
f 9031 4995 9128
f 14144 1022 1029
f 6395 3413 8333
f 10727 11625 12183
f 5875 6465 8421
f 9400 5320 5318
f 5341 2833 14203
f 2752 6515 13737
f 5745 7588 7509
f 872 2744 8211
f 13796 13795 13838
f 6328 6280 13586
f 3656 3657 13745
f 8308 8250 11893
f 14012 13727 14010
f 11560 11388 11366
f 11906 7195 7312
f 12410 12376 12345
f 13180 214 12986
f 11609 6878 7984
f 13439 13265 13176
f 7724 1205 7629
f 7994 10602 9405
f 9272 6826 4070
f 12329 6770 7804
f 13161 123 13310
f 13762 13652 13857
f 9468 9420 9262
f 14264 14208 8956
f 13447 13359 13654
f 11726 11721 13391
f 9935 9907 9325
f 5399 3369 7226
f 8785 8000 7999
f 6343 7917 7999
f 14126 3736 13765
f 5792 1185 6885
f 9502 6823 9496
f 10539 4423 5484
f 11083 10712 11192
f 7917 6298 9522
f 5053 5082 4834
f 4016 2811 5462
f 3660 5504 5645
f 10136 9999 10053
f 3927 7033 6955
f 6542 8082 7654
f 11411 8286 13988
f 3297 2596 5023
f 9926 8330 9545
f 9121 6480 4472
f 9316 13496 3513
f 11711 11269 11890
f 6665 2299 7880
f 13228 10617 13128
f 12051 11033 8
f 11217 7533 13872
f 861 1072 3399
f 12462 12369 9801
f 610 569 561
f 6314 9358 9359
f 8868 7647 7812
f 7853 1704 2410
f 5174 7652 4750
f 9443 9491 9444
f 11277 11275 5878
f 12375 13904 9455
f 7939 9491 6321
f 11313 11858 11859
f 6497 3341 8642
f 3172 11381 6205
f 9327 8320 8318
f 984 10893 13866
f 12052 13736 341
f 13984 8389 7810
f 12527 942 7640
f 5908 715 12927
f 5701 5720 5728
f 12588 3945 5497
f 89 88 153
f 2213 13051 11924
f 10300 7028 4310
f 9712 6980 3748
f 5881 1027 7056
f 11883 9032 2592
f 9199 9401 4634
f 14016 14136 13341
f 6503 9458 8787
f 9066 6283 10520
f 12973 9541 4677
f 10158 4704 5828
f 3984 3411 3607
f 13651 13444 13356
f 10000 10567 10772
f 7906 6445 9460
f 8852 9182 5889
f 13779 5091 13449
f 10641 11961 10009
f 2476 8791 9536
f 13557 13621 10879
f 13485 11638 12143
f 7667 9050 615
f 13229 3852 11748
f 9357 6612 6791
f 12470 13228 13034
f 9019 11614 11741
f 7175 1663 993
f 7889 10599 14199
f 13896 13897 11310
f 10925 11968 13035
f 12292 9233 10673
f 11782 13655 13064
f 4451 10041 10179
f 14267 13064 13067
f 4224 4137 4179
f 9782 5731 5703
f 10997 11050 10009
f 13415 11545 11437
f 10422 14175 4015
f 4069 4068 2886
f 6241 9395 2394
f 4832 7768 7767
f 9665 14213 9350
f 10792 8886 5733
f 6237 11598 6239
f 7226 7294 5399
f 8744 8332 8902
f 10137 13991 7108
f 10487 5481 7469
f 3399 1072 941
f 13794 11578 14054
f 9143 1449 11633
f 2453 7737 36
f 12668 7629 2252
f 730 4489 4469
f 2328 8374 10745
f 1978 6693 3104
f 7024 7023 2467
f 13958 13128 13501
f 12212 10522 10392
f 13001 9802 12370
f 13601 13030 12947
f 7605 9890 4817
f 14261 11748 11834
f 1758 12393 1930
f 4884 4881 4989
f 2737 13014 1053
f 1064 566 2943
f 3476 4693 5108
f 12464 12507 5453
f 1922 10976 12535
f 32 3209 3271
f 12659 12625 12711
f 1906 2372 2537
f 11507 10620 12120
f 4019 4070 3986
f 7670 7768 12091
f 11467 10439 13846
f 6297 8802 9259
f 9013 9015 2102
f 1770 2585 1771
f 13355 8170 5754
f 41 2453 39
f 6645 6624 6710
f 5732 5703 5731
f 10762 8264 9930
f 10785 10003 13914
f 1759 9305 13733
f 13790 10067 10066
f 8955 8890 5865
f 8262 13409 6696
f 8433 7668 5994
f 1177 6539 7603
f 12020 12118 4639
f 6696 8263 8866
f 10811 3708 112
f 9744 9745 14156
f 6498 8440 6597
f 2386 14093 2163
f 12160 6057 4815
f 6633 9948 8768
f 429 10787 576
f 7358 2424 13292
f 8368 6445 7905
f 421 7787 9806
f 4743 6733 5252
f 6800 7919 6749
f 5817 5800 5841
f 7915 1205 7724
f 13173 13074 13349
f 13173 13176 13075
f 2511 7550 2510
f 83 7192 7104
f 12240 12434 12337
f 14033 14120 14216
f 4402 12337 12616
f 1774 13450 13277
f 8554 2931 3572
f 7313 12975 13159
f 5104 13667 14214
f 12646 6325 4886
f 14163 11978 13825
f 9682 8625 12082
f 7830 6045 9703
f 2380 8697 14268
f 4828 5567 4759
f 9858 8915 8570
f 6351 3250 3863
f 2966 10830 5006
f 10039 13021 13315
f 12602 551 8201
f 10677 8714 1087
f 8368 7905 5814
f 9395 6138 12463
f 978 471 5744
f 4550 5687 12000
f 13777 12207 13744
f 7467 7385 2792
f 11691 11856 13245
f 8313 12018 12011
f 7720 2809 6465
f 10873 12769 12671
f 10930 10929 13558
f 679 2284 3193
f 5634 5633 12196
f 4622 4601 12326
f 10798 12313 12374
f 8339 9360 8334
f 72 10142 330
f 7751 8317 11085
f 2898 2040 11300
f 9352 9449 4516
f 14275 5902 3920
f 14097 12933 2794
f 13972 2517 43
f 6526 5761 4894
f 12423 8473 12420
f 14083 11734 4914
f 6904 13811 7081
f 14023 2354 2353
f 12737 12530 12626
f 8617 6053 6397
f 10855 7239 3629
f 2159 268 2433
f 11082 13741 6388
f 6727 6388 6196
f 10161 9967 7480
f 6070 6068 5535
f 12263 13243 12261
f 13585 13898 11636
f 5294 13163 14286
f 1517 1675 804
f 11174 11209 11210
f 10439 471 6176
f 14258 4552 10996
f 10631 2927 10332
f 6767 1372 6307
f 8152 7807 6885
f 5690 13832 4773
f 11549 9059 11709
f 9395 6241 6138
f 1554 9501 9353
f 655 1415 654
f 5968 11967 4823
f 9808 14054 1322
f 6812 6861 8344
f 2494 2999 13662
f 1660 1662 4370
f 3645 6897 10344
f 11219 10727 14185
f 9859 8779 8760
f 14199 11782 4291
f 11111 12292 10673
f 4488 4430 4486
f 6861 6812 6804
f 6409 8717 8735
f 8099 7913 10491
f 11969 12189 13558
f 12479 7347 11405
f 13206 14073 13303
f 13342 8050 11409
f 3749 3675 3707
f 12783 12726 12782
f 10749 13408 13947
f 10448 10392 10522
f 3143 5913 5917
f 9392 5459 7338
f 11670 10979 8159
f 4598 2407 2405
f 8344 8020 6777
f 11699 11979 12076
f 11649 13314 11647
f 8277 4309 9257
f 1022 14144 1010
f 12076 11625 11699
f 844 14141 4925
f 11735 11744 12947
f 8392 12013 12142
f 2061 5554 8062
f 4265 9715 6460
f 75 68 10142
f 8092 8124 6783
f 8850 8720 5933
f 9519 6160 9468
f 13725 12361 11209
f 4886 6326 6142
f 4853 5580 6136
f 13264 1570 4298
f 9386 9279 13812
f 11476 5025 13996
f 10230 3138 3303
f 13131 6252 6910
f 1209 4487 14048
f 6477 7116 8202
f 8742 9286 2116
f 11440 1182 802
f 9301 6552 6376
f 6126 6110 6103
f 8199 3972 8092
f 9775 9849 4105
f 10218 9471 13693
f 1411 14096 13223
f 7015 14127 7014
f 7889 12318 11112
f 1177 980 562
f 4452 4384 4488
f 13844 13668 13845
f 1220 8874 1221
f 341 12907 11001
f 6542 6877 6736
f 5258 7935 12481
f 7924 7520 7046
f 12790 7234 13018
f 13249 12218 13184
f 8205 13544 13424
f 5154 10508 9381
f 9537 8791 3376
f 9928 1440 7852
f 12288 7090 5295
f 8014 6783 6782
f 6556 7344 6345
f 14214 11534 13550
f 8862 10307 14246
f 13701 11636 11256
f 6776 1506 8796
f 6696 6389 6309
f 12671 12769 12770
f 3413 6395 3412
f 12828 13002 1369
f 7553 8261 7544
f 10757 808 1862
f 5762 5810 5763
f 12289 8823 14245
f 11998 11991 13704
f 4623 2501 36
f 7375 7145 5822
f 11821 14163 13825
f 2187 12461 11509
f 5317 4220 6032
f 2732 6601 13203
f 1620 3178 7357
f 12311 12285 12309
f 13732 9409 722
f 10972 7854 109
f 14195 10520 13040
f 13756 7139 13938
f 655 14071 1415
f 13874 13443 13480
f 1415 14071 497
f 11298 14139 11251
f 12811 415 12809
f 10070 5854 4560
f 6302 6330 6359
f 3605 9974 9274
f 664 14058 9480
f 9547 2185 9480
f 13224 10725 9300
f 7547 7474 14036
f 10262 7660 3885
f 11907 6346 12897
f 425 1636 3109
f 9955 3456 4080
f 3272 3273 3276
f 10782 8724 8893
f 1750 2767 10931
f 9848 11970 3983
f 5726 5092 5715
f 3362 3401 3437
f 1153 8618 12184
f 10906 10931 2767
f 13596 629 4642
f 13172 12955 12953
f 10464 10530 10531
f 14290 10754 10704
f 816 4157 6446
f 12982 2784 1481
f 8799 11384 6367
f 6135 9659 8397
f 9380 7655 6267
f 3811 8127 8716
f 4962 4272 11302
f 9267 10944 7663
f 2054 4580 1612
f 8469 12270 12126
f 12332 12271 12881
f 13412 8442 8443
f 11219 14185 13561
f 607 500 747
f 2257 2156 5233
f 1217 1218 3010
f 10690 12164 10902
f 1806 1017 14198
f 6787 6789 6501
f 6703 3741 964
f 6712 368 1105
f 4715 3381 11350
f 828 3961 4142
f 7868 4880 6560
f 4244 5176 5178
f 1090 999 2570
f 12028 10220 9772
f 6810 450 9861
f 831 1287 2076
f 12398 12495 12482
f 9009 8516 10903
f 8610 9474 9113
f 1413 8842 4323
f 12814 12813 12893
f 8805 1440 6241
f 13784 11500 10869
f 6246 3512 5278
f 3907 3986 4627
f 6505 13452 13151
f 6097 12805 13833
f 9836 7453 9170
f 9221 42 469
f 310 3170 3168
f 13870 10945 3049
f 237 282 4151
f 11472 11403 14051
f 13588 2667 2529
f 12569 12831 12854
f 6445 6834 9460
f 6871 7671 8383
f 5155 14242 13679
f 12076 14089 4592
f 5724 12654 5714
f 264 2158 1372
f 10638 539 10639
f 14078 13985 7347
f 5002 576 5207
f 988 799 949
f 8584 1036 8709
f 11339 3262 14038
f 6266 6925 6140
f 12261 10599 14098
f 10825 8567 46
f 2977 2939 3027
f 4765 1870 4763
f 2634 4837 2592
f 14157 6474 11056
f 11890 10848 11711
f 13896 11381 14207
f 7842 5476 4675
f 11606 6484 8119
f 13464 14068 9643
f 12354 12286 12392
f 9526 2242 14014
f 9914 6394 8533
f 896 12209 12211
f 11285 1826 10054
f 2553 1789 8015
f 13935 11391 11821
f 5387 4664 4711
f 9374 9483 6694
f 12892 2996 14257
f 6767 6307 6405
f 4994 5077 5470
f 4069 5868 2875
f 6141 6256 6255
f 8680 6379 1295
f 9233 13890 13132
f 6177 12715 6133
f 9585 12161 12163
f 6482 6498 6697
f 8036 8210 8125
f 6255 5736 6141
f 5179 6234 5250
f 9723 9642 12548
f 75 4117 1
f 3593 3524 4724
f 7116 6477 6455
f 9274 9974 7071
f 12184 1019 1153
f 6807 13044 4081
f 9407 6879 7994
f 10917 4281 4119
f 11170 11507 11826
f 2089 256 2084
f 11739 11732 14187
f 13025 11110 13749
f 11708 13773 12465
f 13210 13217 13471
f 9032 6531 2634
f 4419 4477 1597
f 11324 12490 10641
f 489 12373 7429
f 9046 12870 13047
f 12877 13254 12794
f 2338 6683 5717
f 9416 6859 8428
f 11826 11825 11969
f 5966 8801 7934
f 11056 13714 12361
f 7566 4834 11478
f 12966 12967 12971
f 8098 14248 3443
f 12563 12543 12541
f 12763 12729 12788
f 11138 8728 11136
f 13958 10925 13034
f 12199 7670 10259
f 8137 8193 8445
f 6223 6309 6170
f 10943 10946 7497
f 10191 10056 10136
f 7853 7643 2672
f 4914 14089 11779
f 2815 8320 13086
f 8798 6842 8280
f 5733 8886 310
f 14191 13453 4527
f 6164 8224 7875
f 9108 7863 9476
f 7906 8901 7905
f 11148 332 6889
f 6289 6569 6421
f 8174 3704 9218
f 4832 7764 5949
f 13939 13757 13938
f 14033 14031 14120
f 3021 10688 11028
f 802 6533 801
f 413 1774 4364
f 12235 12314 12237
f 3041 2954 2995
f 9948 6633 6766
f 1750 4417 2767
f 12951 6737 6843
f 6874 5782 12360
f 5640 1015 12637
f 8448 5759 13225
f 9384 9464 8032
f 12900 12944 12918
f 8543 1507 8467
f 89 154 12855
f 3187 11690 13564
f 3738 6547 6464
f 7720 10830 2966
f 10804 1923 2315
f 10620 11890 1257
f 7090 7810 12152
f 8065 11564 9011
f 6741 8383 7671
f 11507 11170 12080
f 12710 13551 7915
f 12314 12235 12267
f 6192 2820 2746
f 9912 5813 9398
f 7360 2650 6625
f 10959 4431 5536
f 9454 6795 9167
f 8306 8246 11358
f 5948 9446 5949
f 7555 7775 7554
f 12767 12706 12735
f 12215 6995 3877
f 2137 2297 2613
f 10816 9375 4019
f 11413 12804 4827
f 8100 7937 6717
f 5364 518 521
f 3356 3518 9054
f 6777 8020 6766
f 10855 11481 7239
f 8717 6409 8452
f 2473 6191 846
f 5743 9524 5490
f 7328 12805 9058
f 9535 6757 6266
f 10247 7592 7591
f 7247 11463 7140
f 9499 483 291
f 9373 9322 9321
f 293 829 295
f 9248 9034 9130
f 234 661 239
f 679 799 988
f 6257 6258 4560
f 12046 12045 12256
f 11712 11526 6483
f 10423 13887 14220
f 11393 8676 2177
f 2281 6056 10408
f 10851 11877 13591
f 12785 12783 12838
f 11193 11351 557
f 7436 8663 8782
f 11278 6324 7036
f 1877 699 13112
f 3500 4401 8688
f 12614 12563 12613
f 11291 11294 3019
f 14055 8938 320
f 7206 8517 7127
f 3279 5065 3072
f 10662 12004 13612
f 6302 6336 6282
f 612 8527 614
f 5158 5156 5715
f 11452 11962 10684
f 11778 13798 2773
f 2342 14148 10733
f 6593 5902 9630
f 12967 12972 14273
f 1415 804 9733
f 1244 472 10239
f 10878 4595 10941
f 12593 12655 12672
f 10961 1885 4279
f 4266 4271 7036
f 12877 12794 12964
f 11437 7234 13415
f 6532 10975 13107
f 11584 11586 13774
f 4284 1988 6906
f 11060 14270 12313
f 12756 12850 11738
f 563 7904 7899
f 6268 9380 7806
f 1003 178 311
f 6619 1019 7098
f 8881 9186 8867
f 9155 7843 4624
f 7763 6907 6797
f 10589 2063 14256
f 2683 11635 2689
f 1688 282 237
f 5490 8202 8204
f 6792 7320 2564
f 5490 4088 5743
f 14233 2560 2561
f 13117 11700 14253
f 11630 12362 14049
f 9918 9139 9144
f 8786 6925 8787
f 11700 11630 12936
f 1323 8840 13115
f 3176 14002 13999
f 5006 3401 11025
f 7448 12764 2324
f 12772 12707 12767
f 8925 8928 14204
f 11706 11705 10692
f 8339 9220 9262
f 3326 12356 2932
f 2034 3785 2361
f 13221 720 13185
f 10454 10501 5095
f 6726 6868 9515
f 11795 12216 10784
f 7780 7240 8877
f 9059 13464 11472
f 8328 8042 8040
f 7905 8901 6484
f 7116 8115 8116
f 14187 13595 13913
f 5476 7842 2773
f 8088 7996 7903
f 6902 5420 6453
f 12205 13777 6347
f 12711 12678 12708
f 8239 7201 8243
f 13061 3500 1264
f 11782 14199 12712
f 13033 7087 6953
f 12309 12385 12311
f 5365 6221 3378
f 12261 12712 14199
f 640 9652 11146
f 13030 13501 13128
f 3788 9474 8610
f 8040 8042 8497
f 9842 9984 10064
f 13897 11637 11310
f 11256 14137 13701
f 1240 4152 247
f 7671 8053 9389
f 12568 12547 12596
f 13921 12966 12971
f 13821 7916 8861
f 7811 7714 13573
f 6849 6835 6804
f 11269 14064 10660
f 227 2658 13503
f 2480 3411 2481
f 8863 9215 9853
f 7657 6162 2751
f 635 4796 1580
f 14217 7430 10750
f 8199 8014 6403
f 3094 3183 3207
f 8428 6860 8430
f 12246 12270 8469
f 12287 12355 12322
f 13012 12308 11696
f 6757 9351 7953
f 6590 2432 9137
f 2173 2174 10695
f 13943 4476 13764
f 5898 5896 5941
f 3484 3372 3445
f 8799 6367 9859
f 2185 654 9733
f 8599 6232 3758
f 13473 12999 13216
f 3309 3507 3624
f 3831 1375 5560
f 13877 13287 13876
f 5250 1375 3831
f 4100 6825 14140
f 5179 5250 6281
f 1845 14155 14161
f 1334 13177 6383
f 10357 10449 8657
f 10209 10282 10122
f 13581 9063 4480
f 10573 3307 7825
f 4259 2688 4405
f 9142 11553 11403
f 13633 13230 10798
f 3187 12157 10639
f 11576 13720 13870
f 10986 1916 8363
f 6452 808 6510
f 2162 9905 11329
f 9378 2965 7981
f 6752 6749 6754
f 11541 11539 11314
f 5452 4140 6707
f 12517 10162 13687
f 7839 1540 13933
f 5714 12654 13544
f 12597 12568 12658
f 8961 9553 9105
f 6870 7407 10259
f 3768 13022 13146
f 8793 8720 8850
f 10697 9329 14002
f 5190 8102 11879
f 12815 12788 12814
f 6417 7334 9215
f 4458 6123 5973
f 14021 13911 13931
f 9861 7402 6810
f 7931 7832 12888
f 4667 13640 13639
f 12281 2870 3249
f 5848 5708 5846
f 3126 1936 2067
f 9920 9965 10630
f 12890 10550 10606
f 12852 12821 12820
f 3930 3097 4014
f 5950 644 3394
f 3387 3190 9151
f 9458 9462 8787
f 3021 2313 10688
f 12126 12473 12898
f 5918 5920 13540
f 10773 8286 9312
f 7933 9291 9290
f 1928 11485 13058
f 6650 12406 9100
f 3838 3840 3800
f 5348 5191 5189
f 7920 10050 3123
f 10592 1409 11073
f 4454 2871 14283
f 3443 2677 5263
f 9186 8481 8738
f 12774 14022 12743
f 10611 10610 2100
f 3947 5794 10337
f 7252 6369 7253
f 8713 12305 6683
f 13306 1281 1284
f 9464 9384 6369
f 3594 6357 3595
f 11124 1473 1576
f 6445 8368 4143
f 6925 9858 6140
f 10610 9046 12074
f 11259 12227 12118
f 2976 6098 13409
f 4291 14267 2114
f 11775 3895 11613
f 4291 11974 12318
f 3341 6497 3343
f 10599 12261 14199
f 7234 11437 8375
f 7912 7973 6911
f 11119 11282 10532
f 11902 13205 12693
f 634 10286 545
f 10759 11056 11057
f 7126 6990 7063
f 1976 2137 1441
f 824 1120 321
f 11687 6320 11788
f 10035 9496 6842
f 11693 11834 14082
f 11709 13996 14113
f 13903 13902 13901
f 7567 13326 6214
f 14196 12578 12671
f 6447 6409 8735
f 4465 13340 11698
f 7557 7367 5049
f 9913 7976 9912
f 4625 10829 10222
f 9316 8921 9901
f 8456 12764 8551
f 6530 5416 5382
f 10623 13702 12831
f 11888 13773 11708
f 12683 12659 12711
f 12080 10620 11507
f 4749 5543 7119
f 8785 8961 8788
f 8267 13412 8266
f 13476 13220 4639
f 7546 7310 7658
f 11573 4514 11349
f 9643 80 13464
f 13345 4426 4252
f 2843 1644 9450
f 11400 11318 11563
f 7370 11524 11800
f 6525 4760 5644
f 6077 12619 6475
f 4604 4603 3383
f 12424 6998 12084
f 9131 13029 13024
f 6690 6743 5608
f 1916 10460 8363
f 6695 6233 6512
f 12235 12209 12208
f 3071 6032 4021
f 8712 10310 2967
f 6629 6559 8853
f 1487 13566 11158
f 7533 1322 8587
f 3723 10468 4860
f 10814 1098 7912
f 6744 10432 10931
f 14267 12771 2114
f 8373 9223 3978
f 6560 6613 7868
f 10668 10895 10754
f 6336 6362 13029
f 4430 4428 4486
f 1124 1029 1022
f 7961 8723 12905
f 11998 13516 13432
f 7910 7187 7050
f 14098 11968 12263
f 5858 5837 5877
f 6647 7948 9908
f 314 12207 13777
f 6345 6371 7707
f 6687 6686 12009
f 3792 1963 2027
f 3189 5954 835
f 4116 8021 3532
f 6873 6291 6689
f 5782 6267 12360
f 7537 14277 7728
f 7303 7208 7301
f 2419 1787 3460
f 12981 13342 5469
f 8363 10121 1244
f 9378 3473 2965
f 9861 6879 9512
f 676 678 10777
f 13666 5643 3752
f 10357 8657 8660
f 6925 6266 6272
f 8680 1295 9877
f 1705 1010 7307
f 9847 3653 3205
f 12777 12583 12446
f 12333 12367 12336
f 13193 13096 13000
f 10626 6707 14290
f 9198 3608 3789
f 6870 7245 7407
f 6221 5365 2495
f 12620 12618 12731
f 12380 11541 11314
f 11003 12411 11004
f 5988 6113 6404
f 7329 9259 6717
f 158 91 124
f 8758 8901 8045
f 8770 9460 9290
f 12066 10902 10658
f 8118 8119 8758
f 6537 6185 6536
f 1617 4283 4232
f 1931 136 2442
f 5383 5321 5382
f 5873 5884 6704
f 4147 1531 1476
f 12179 4300 4305
f 7865 4490 13624
f 11796 3362 11798
f 9170 7438 3092
f 10880 3341 10919
f 9444 8261 9443
f 8262 2976 13409
f 8747 8759 8770
f 8685 12222 8752
f 2697 9342 1606
f 13621 13623 10879
f 2610 13915 6708
f 6795 8925 8330
f 9261 8735 8717
f 3958 3808 3805
f 8812 1026 8975
f 4417 1750 4916
f 504 391 457
f 13963 6947 14004
f 749 2249 12408
f 8798 8799 8760
f 2515 10091 10711
f 9770 12583 3474
f 9495 9459 8430
f 6227 6164 7875
f 10697 5607 5606
f 13454 12873 13068
f 2775 3620 3661
f 6520 4347 3832
f 9839 9763 9922
f 10142 72 75
f 7391 6721 7397
f 11308 2705 11339
f 8210 8036 8297
f 6521 6874 12357
f 8903 6724 6887
f 11873 11724 13140
f 5979 12141 6132
f 8299 10970 8179
f 9733 13209 2185
f 1759 1758 9305
f 9223 715 5908
f 11880 2617 12302
f 5461 5561 6895
f 8125 11194 10744
f 311 2280 14168
f 5492 13465 12327
f 14098 14099 12472
f 7086 9529 3154
f 1781 813 12268
f 8622 883 8609
f 13689 12663 12756
f 3774 10796 12170
f 2045 3712 1161
f 12008 12106 12394
f 5393 8631 8629
f 8781 3525 10229
f 12567 12501 12545
f 2100 13163 10611
f 8367 7713 12522
f 6762 13237 2669
f 12384 12413 11569
f 3197 3196 3255
f 11736 3872 4914
f 6559 6580 6471
f 5871 1834 5899
f 4233 4103 3951
f 5467 790 2123
f 7033 5042 6955
f 7953 6373 8919
f 11486 11499 14063
f 1047 1048 2517
f 5735 3748 6980
f 3197 3120 3196
f 3779 1822 1969
f 14261 13720 13441
f 1700 4151 374
f 13235 13595 658
f 8680 9877 7926
f 8216 6933 9635
f 11732 11739 12850
f 729 840 4154
f 407 5239 13384
f 11771 12777 11992
f 7866 1160 7865
f 2747 8359 7010
f 6908 5814 8325
f 5025 11476 11563
f 9456 9357 7238
f 2357 1538 9564
f 10795 2581 7924
f 1991 12802 1845
f 9379 8121 6451
f 11740 13057 2936
f 8810 1026 8872
f 8032 12602 6782
f 8080 7758 6454
f 12307 12284 8670
f 13411 10722 6808
f 4450 9001 8988
f 7651 6322 6497
f 12196 5633 5054
f 7439 11896 11801
f 9312 8286 10997
f 10761 7292 8019
f 9212 1646 13555
f 2159 2158 267
f 264 374 267
f 2085 7265 7307
f 3881 3749 12306
f 12649 9512 12650
f 9348 707 9083
f 4032 11789 11776
f 13804 13802 6071
f 1549 12137 13760
f 13107 13772 6532
f 8452 6394 7974
f 13858 13820 13856
f 1508 1861 2446
f 2082 8924 6518
f 1838 7673 1839
f 6566 7397 6721
f 12787 2 10600
f 1040 1233 1187
f 13768 7657 4378
f 6426 2191 2189
f 12578 14196 12397
f 5821 5810 5847
f 11578 11487 13695
f 11502 11499 14231
f 11647 11640 14000
f 1342 8580 8999
f 8422 8420 7091
f 10901 1786 1719
f 7225 7349 7459
f 2122 4082 1176
f 8528 8398 8524
f 14212 5759 5760
f 12875 14236 3458
f 6053 9413 5926
f 3126 3333 3551
f 1929 12709 8694
f 7551 3232 7406
f 6162 3736 2751
f 7155 6945 7270
f 3140 10230 10934
f 7804 6710 12329
f 9494 6858 7554
f 3882 4071 4072
f 8735 9218 3704
f 6769 9529 7086
f 7654 6709 6597
f 2964 8671 12576
f 2418 11989 3058
f 12177 10658 14138
f 12134 11948 12035
f 12271 12332 12650
f 11917 11908 11817
f 10001 658 13411
f 12401 12931 12697
f 3909 2063 4454
f 4889 4720 5438
f 9272 8159 6826
f 12330 5004 12513
f 615 13953 13924
f 5409 5456 3973
f 8000 6364 8086
f 13145 6229 12883
f 10141 11341 4429
f 13601 13702 13482
f 6772 6770 12329
f 13380 13414 13134
f 3641 6460 9715
f 7633 6478 7925
f 7653 9482 1674
f 6825 4100 12550
f 5858 5797 5837
f 13734 13763 13735
f 8551 10449 10357
f 8554 3572 4722
f 2136 1976 2451
f 7647 7939 8372
f 12586 13470 13469
f 9352 4516 8047
f 9659 13917 3875
f 8998 9215 8863
f 7755 8149 8001
f 13643 8682 12132
f 11655 10239 6824
f 2063 10302 4454
f 1392 11078 1317
f 7864 14090 7429
f 10748 422 3732
f 10090 3724 1174
f 9042 7447 9044
f 12078 11621 11865
f 13488 13993 51
f 4845 55 79
f 12201 12174 12226
f 1070 1068 1308
f 3776 3955 2084
f 12104 9355 3755
f 12498 13062 11961
f 3807 3806 4203
f 3893 5230 3889
f 7803 8035 8252
f 14224 7304 4108
f 5703 5706 8229
f 9168 9521 9519
f 7988 11643 6506
f 12686 14194 12789
f 8380 9272 7482
f 250 4318 246
f 12940 6134 4121
f 6124 6316 1838
f 289 8730 8974
f 6487 6877 6542
f 8125 8210 1136
f 9220 9168 9519
f 12035 12243 12244
f 14157 14078 12479
f 1456 1237 1282
f 12375 11167 13923
f 10895 12077 12386
f 10371 5278 10830
f 14267 11782 13064
f 10015 14 12974
f 4333 4297 4376
f 7527 7301 7383
f 8538 8410 12648
f 6416 6851 6572
f 4881 5725 4848
f 13845 13668 13669
f 10844 13212 10843
f 8710 11003 5011
f 6245 7318 7235
f 11378 6079 11376
f 1016 12174 12201
f 12128 659 12001
f 6474 14157 12479
f 13632 13261 13210
f 12378 10521 11818
f 2657 2651 2656
f 6864 9427 2555
f 6787 6810 6789
f 8102 13312 13311
f 2260 8995 15
f 6918 9542 6560
f 6666 6557 6667
f 8670 12232 12175
f 6782 10235 8014
f 14073 14074 13304
f 10179 11638 10625
f 9199 13122 9401
f 6000 176 4522
f 6498 6597 6709
f 8226 9983 8106
f 9393 6930 6932
f 9352 9351 9449
f 2731 2766 2803
f 5767 2087 6944
f 11606 8119 6758
f 11879 11150 6114
f 12945 11883 8741
f 2122 790 2121
f 9359 9275 10596
f 7934 8801 6297
f 7924 2581 7520
f 10107 4698 9991
f 2060 2220 3949
f 9802 57 9717
f 2700 1583 4623
f 8587 9438 8856
f 10003 3185 455
f 8757 8747 9290
f 1257 2928 12120
f 13690 12280 10610
f 8174 6714 6434
f 9663 3213 7339
f 13800 13981 13890
f 7744 6364 6926
f 4611 10404 10477
f 6770 8035 7804
f 11076 10985 11130
f 13521 13918 13420
f 8117 13821 8861
f 7819 7937 8100
f 7910 7050 4893
f 13465 4682 12327
f 5159 7203 8657
f 3462 5309 11016
f 8936 12803 7844
f 4914 11734 11736
f 9220 8339 9551
f 13317 107 11916
f 10981 10337 5794
f 6949 12366 11195
f 13516 13042 13916
f 12945 8741 9091
f 10310 10312 9183
f 6188 14268 278
f 11073 10590 5479
f 6454 7758 6436
f 8886 14207 3170
f 6617 9416 8428
f 8769 6858 8768
f 1003 311 1331
f 4533 10582 11344
f 11344 10582 6841
f 6787 8049 7396
f 8847 8845 14197
f 7775 6645 6710
f 8430 6583 8428
f 6597 6487 7654
f 8054 6379 8680
f 2193 7163 12321
f 4884 7604 5725
f 6852 7651 6497
f 557 12480 11193
f 11360 2638 2625
f 8174 9855 6714
f 13847 13804 13801
f 3944 4310 3530
f 5240 13366 4142
f 5993 6185 6186
f 8712 3473 9383
f 11434 10765 11452
f 12482 10959 5536
f 12712 12261 13243
f 12791 12790 12781
f 8529 8527 612
f 5964 5824 5526
f 8568 8540 8623
f 8380 14001 8159
f 3634 1130 2516
f 10994 11494 11012
f 11057 13725 13556
f 6849 6343 7746
f 6395 3184 3412
f 929 13280 119
f 7750 11398 8034
f 8688 8508 3500
f 1638 1400 4381
f 8788 14204 8779
f 12898 8469 12126
f 9316 3513 6674
f 3342 1676 1704
f 2405 2918 4598
f 13742 9399 13741
f 1308 2440 900
f 8921 5966 7934
f 2385 4849 2484
f 9311 6868 6588
f 6242 9073 6240
f 6049 12262 14219
f 10807 11232 11215
f 5014 14258 11303
f 9405 9403 7994
f 6633 12360 6267
f 1708 7938 8371
f 12201 12229 1157
f 9325 9545 9935
f 7483 7240 7780
f 4898 2037 2969
f 13778 4518 5748
f 12649 12650 12400
f 6027 10716 5884
f 11913 1015 2642
f 4183 3975 11671
f 6588 6851 6436
f 6501 6789 6470
f 6697 7927 6482
f 2487 2521 2626
f 10361 106 13515
f 12206 12178 12149
f 3790 3408 3416
f 12031 11683 12033
f 8477 8568 8480
f 14081 2375 127
f 13353 9494 13355
f 6840 9936 9740
f 12161 9585 12082
f 8028 4911 8029
f 11045 1993 9177
f 11808 13605 11896
f 3262 4514 12635
f 7068 4032 8200
f 9775 4105 4103
f 4020 6019 8715
f 8602 3339 6786
f 3932 7733 7625
f 8084 1071 9904
f 4916 1749 5040
f 4447 9892 9010
f 10203 8503 7770
f 2965 6488 7981
f 3758 3757 3729
f 8823 13571 1418
f 8744 8745 8332
f 9305 1758 1930
f 7055 2640 6312
f 13056 7011 12424
f 5726 2886 4068
f 11856 11662 8299
f 9005 8746 1402
f 13873 11115 11275
f 10824 5717 6683
f 4703 11493 5354
f 9378 11344 3473
f 8045 8759 8758
f 9328 13946 14013
f 13983 4639 13220
f 3993 3959 4031
f 2838 5122 2129
f 7469 7528 10487
f 4472 4448 9121
f 2071 2072 2224
f 45 44 8342
f 12120 2928 11207
f 11327 11337 12065
f 13060 13461 3941
f 9928 7628 5948
f 8055 7960 8145
f 10814 7912 6911
f 10457 5490 8204
f 1082 6924 6807
f 6516 7868 6655
f 6482 7927 9308
f 6017 2910 8542
f 2680 2434 2676
f 12200 13247 14273
f 8181 8108 8179
f 13764 13762 13857
f 12681 314 339
f 6861 7475 6860
f 9183 10312 8080
f 6726 6616 6617
f 10859 11559 10863
f 1784 2017 1066
f 2315 1923 2310
f 8379 12978 12192
f 2371 12513 6692
f 7274 4954 13677
f 8404 8470 8471
f 3082 1084 13212
f 6777 7875 8344
f 14104 13581 1136
f 1862 7370 10757
f 11179 11965 11876
f 12781 13163 5294
f 6480 4543 4472
f 13438 13268 13478
f 11648 3872 11736
f 13949 12752 1388
f 9509 6418 7637
f 9836 9885 8333
f 5211 2418 7017
f 10648 450 7396
f 9684 7526 6576
f 12322 12270 12287
f 12587 12679 12585
f 5632 4362 5646
f 9264 9263 6399
f 6560 4880 6918
f 5337 5146 10031
f 6447 9437 8533
f 5754 6865 6932
f 12912 13081 13084
f 6879 10602 7994
f 6470 8276 6471
f 1797 1712 1795
f 6890 7981 6488
f 6927 6877 6624
f 5518 1899 10034
f 13454 13068 14147
f 13571 11658 13567
f 12708 12797 12738
f 7348 7542 3507
f 11571 11349 3018
f 9936 6536 6535
f 1467 12574 2558
f 9582 9625 9577
f 3756 4405 3866
f 8397 8206 8259
f 12038 11953 12133
f 11330 2162 12164
f 14095 4602 8924
f 4027 3952 3990
f 13894 2621 7359
f 3346 3154 12103
f 484 4937 4936
f 7803 9391 7804
f 2419 3460 8283
f 14284 1570 9056
f 7570 3738 6546
f 13187 11144 8366
f 1376 13645 4922
f 422 9711 9713
f 5823 5809 10250
f 1982 1827 10729
f 8791 9537 9536
f 9056 5755 14284
f 6706 8548 468
f 9575 2299 6769
f 8455 1872 1875
f 5064 5401 12582
f 12498 10641 12490
f 8074 7841 8010
f 10190 9959 10106
f 9951 9946 9915
f 10118 9969 10045
f 11319 10650 11658
f 4329 13258 4896
f 13805 11996 2928
f 13453 13861 4527
f 4158 4107 4195
f 11871 334 11425
f 9465 6379 8054
f 1088 12412 13618
f 7014 7085 7015
f 2642 1015 5640
f 5813 9912 7976
f 6057 10524 10501
f 2708 13105 13753
f 1456 395 14080
f 13350 7968 13307
f 9901 13496 9316
f 2484 811 2385
f 13386 13027 12290
f 4916 9700 4417
f 5966 8921 9316
f 13633 10798 12374
f 8224 6343 6849
f 13063 838 3766
f 11539 11541 10738
f 7655 6766 6267
f 7919 6557 6632
f 13296 13483 13814
f 13350 5802 8341
f 7246 1796 4614
f 1015 11913 6516
f 9590 14167 13319
f 3555 7199 8012
f 661 234 662
f 12111 1794 4188
f 1074 952 1007
f 7655 6268 6227
f 1671 7458 6947
f 3817 1558 13
f 11146 7225 640
f 8839 6142 6605
f 9479 9439 7388
f 6617 6616 7738
f 6885 1185 6248
f 9914 8122 11915
f 10370 1437 1398
f 3503 5043 3505
f 13325 13281 3305
f 3735 5063 1013
f 7599 6738 6566
f 6672 5017 4106
f 5167 5230 6299
f 2860 1276 3033
f 9165 9071 7787
f 11837 12842 11836
f 11913 1623 1624
f 14083 11779 11886
f 7605 6259 10301
f 1948 1947 2934
f 9088 10041 4451
f 13952 1514 13468
f 2086 2868 6517
f 3956 4113 4031
f 6621 6400 6820
f 10860 2459 10859
f 7474 6144 8839
f 10578 8115 5014
f 5029 3947 5027
f 9380 9375 10816
f 11699 11625 13803
f 11878 12088 12021
f 1808 1179 1747
f 7552 13679 4325
f 3915 5059 3757
f 11979 11699 13531
f 13301 13405 13361
f 5707 14015 2261
f 2048 13076 2079
f 2809 2966 9951
f 10214 11811 1538
f 11173 7552 10592
f 12170 10619 3774
f 845 615 9050
f 13870 11487 11576
f 11062 9455 13873
f 8970 3790 3416
f 7946 6706 5721
f 8597 6933 8731
f 13719 5565 11379
f 13330 7718 8496
f 8293 9515 8315
f 2792 7385 7214
f 6785 7407 7245
f 4881 10030 4989
f 6593 5897 5895
f 6613 9137 9263
f 5351 8115 6455
f 13726 10945 13870
f 2799 2850 2764
f 5926 6397 6053
f 4924 3033 2353
f 1017 1806 1288
f 11336 11373 11023
f 5360 7573 1950
f 11481 10855 11500
f 11470 11744 14003
f 8293 6646 6594
f 436 2102 1376
f 6366 6187 6450
f 11801 9412 7439
f 2942 7326 7325
f 5964 6166 6435
f 10604 10603 12598
f 1264 3886 13061
f 6186 6187 6705
f 11107 1340 1379
f 13688 319 318
f 7875 6777 6227
f 11563 8589 5025
f 11404 80 9643
f 7240 7253 8877
f 5459 3504 8944
f 12381 12282 12346
f 8100 7328 7819
f 12318 11974 11112
f 6890 6892 6576
f 7406 8252 6485
f 12678 12658 12677
f 2685 10958 11087
f 12188 11405 13773
f 10727 10731 10726
f 10645 10151 2741
f 10769 12362 4859
f 12263 11968 14105
f 14032 4642 12158
f 11685 11671 3417
f 3299 9000 6260
f 9329 10983 9328
f 4105 4116 3532
f 12077 12930 10836
f 6530 5382 11448
f 5059 3729 3757
f 11997 13042 13516
f 3861 12488 2575
f 3690 12500 5052
f 8770 8759 8045
f 2646 6431 8259
f 7704 8962 5933
f 8383 8386 6611
f 11754 1314 5907
f 371 8710 12601
f 11978 14163 13913
f 9859 8760 8799
f 851 1372 2158
f 9485 891 1153
f 2107 12432 2038
f 3346 3945 3152
f 10934 10230 10229
f 13804 13708 13801
f 7058 13276 3125
f 3597 7935 9104
f 5912 8281 5913
f 5093 12497 5069
f 4451 10625 4229
f 12442 12471 1344
f 12400 12396 12464
f 9877 1295 9878
f 3838 3800 3881
f 11527 11454 694
f 14013 3875 13944
f 12659 12599 12625
f 11673 8248 9356
f 9433 9604 9606
f 6892 6890 6572
f 9391 7803 9393
f 13680 2295 6304
f 13123 1279 13219
f 6160 6164 6227
f 12042 1088 14067
f 2423 6278 7565
f 12684 11194 11539
f 6160 6268 7806
f 1825 967 970
f 299 4474 5793
f 5602 5495 10582
f 13682 12273 6385
f 6164 6298 8224
f 3619 3617 3803
f 954 953 1629
f 6799 8273 9700
f 878 5171 876
f 244 12876 269
f 6698 6697 6709
f 6572 6890 6416
f 6698 6709 6571
f 12939 12887 12957
f 2919 2885 2954
f 9061 11557 10426
f 9263 9264 6654
f 11901 12605 11921
f 7396 6810 6787
f 6772 7391 6770
f 2143 2571 10002
f 13301 13443 13874
f 14282 14221 14281
f 4389 10085 8525
f 12650 8168 8160
f 6710 9391 7775
f 12923 12852 12921
f 10398 10341 10340
f 11326 7228 4337
f 11687 11788 506
f 5450 8289 5451
f 7861 7780 8135
f 3474 12583 11326
f 1816 7331 9827
f 2019 163 316
f 11747 7609 2403
f 12460 427 12429
f 3775 7359 2256
f 1736 2651 1403
f 14173 3554 2096
f 12487 12537 12558
f 10589 7474 7547
f 12953 13452 13172
f 626 842 717
f 13693 4062 11704
f 12456 5014 8115
f 11959 12092 12093
f 983 9192 1613
f 12197 13129 10854
f 11477 12065 13446
f 12473 8419 6754
f 760 12093 12423
f 5144 13926 13927
f 3094 3207 3142
f 5791 10912 10858
f 8587 10423 7533
f 4265 4140 5452
f 3454 11223 1484
f 2365 5652 1365
f 7329 11125 9259
f 5047 7454 3846
f 13656 624 352
f 11249 12508 7363
f 13639 13640 10350
f 6602 6603 3627
f 8379 10471 8530
f 4487 348 14048
f 13605 11909 13622
f 4607 1210 1162
f 6927 6624 6645
f 4480 4481 1159
f 4606 5496 6459
f 9699 8272 8104
f 11580 11575 13794
f 921 886 971
f 13446 12065 10658
f 13111 13629 13730
f 13646 10498 13754
f 7923 7922 2553
f 748 698 14228
f 14059 12760 138
f 6911 2495 8574
f 9131 6282 6336
f 14203 2833 9088
f 13533 8182 11686
f 10925 13958 13848
f 13023 13844 13839
f 10664 13047 12870
f 9059 315 11697
f 8570 6140 9858
f 8047 8509 8176
f 13501 13845 13669
f 7710 8855 5828
f 8679 9551 9549
f 14088 757 12190
f 2967 6490 6488
f 13799 13763 13823
f 11575 11580 13048
f 13219 13106 13123
f 6813 3075 7835
f 12652 12667 12653
f 6401 6399 9308
f 8315 8314 8293
f 10975 13839 11263
f 12577 2474 12581
f 4744 8291 6179
f 5144 11721 11729
f 3872 11648 14000
f 7351 7540 3718
f 6665 6018 6431
f 5514 7101 3322
f 4071 4069 4072
f 11400 13867 11704
f 2813 2854 2816
f 7398 9512 12649
f 13012 11698 12585
f 6295 11833 5474
f 12185 5017 6672
f 11136 13303 14073
f 10798 11357 11060
f 9309 5739 8750
f 13681 11111 10673
f 6797 6907 6800
f 5732 5734 5703
f 3102 11730 6426
f 4558 2189 2191
f 12424 12084 8275
f 8894 11082 6727
f 6746 11221 4819
f 8863 8865 8679
f 13745 11914 7107
f 6482 9308 6538
f 13706 9119 11825
f 9325 8679 8865
f 456 6067 1561
f 6777 7655 6227
f 3165 7520 2581
f 12674 12694 10881
f 7226 3369 7039
f 5838 5816 5858
f 5976 5901 5953
f 2230 2599 2591
f 13802 13865 6139
f 6392 6123 6415
f 1969 903 3779
f 7930 6834 8800
f 14138 3538 3311
f 10906 2767 7803
f 12164 2162 12162
f 2705 11308 2612
f 6207 6206 5347
f 9220 9551 9168
f 10949 7481 11085
f 10868 11877 13785
f 9967 6222 3653
f 8768 6858 9494
f 6608 1811 2707
f 1208 4100 14140
f 3945 12588 10300
f 5639 5721 468
f 2080 662 2081
f 8763 6655 6654
f 8036 10744 11627
f 9350 8571 12943
f 9522 9521 7917
f 14103 2431 2604
f 7738 9416 6617
f 12765 12861 12005
f 5878 11275 3175
f 11785 12214 11787
f 11075 11077 4412
f 6542 7654 6487
f 6801 4841 11542
f 12652 12613 12666
f 12867 6538 2432
f 8082 6542 6570
f 13110 238 7560
f 11330 9905 2162
f 4247 3666 7797
f 8278 8277 13780
f 9127 6538 9308
f 13127 12778 12413
f 13260 2689 11635
f 6819 6920 6610
f 11204 2910 7107
f 12845 12815 12864
f 10534 10497 10591
f 1312 12499 1628
f 6835 7763 6839
f 13116 12691 2834
f 9157 9225 4185
f 7818 13551 7626
f 9354 9067 9291
f 13955 6640 6432
f 10343 6069 11059
f 8828 8705 8774
f 8736 9417 8734
f 617 9222 787
f 1174 3724 9601
f 12499 3688 8015
f 3828 5349 6010
f 11670 8159 14001
f 3460 1787 8022
f 1758 4121 7535
f 11500 2459 10869
f 11834 11748 3852
f 11856 11691 8472
f 9988 8228 8037
f 4447 9010 7369
f 9728 12776 9729
f 6576 6580 6559
f 10574 12283 4045
f 3794 3749 3707
f 13972 40 2517
f 13562 13627 13592
f 12655 12617 12653
f 6531 7769 2634
f 12062 11695 11618
f 15 13181 12247
f 4076 4020 4106
f 150 152 14162
f 8599 3758 3729
f 7372 1541 4957
f 587 8498 656
f 5917 6174 3143
f 10305 13056 12424
f 8719 8715 6039
f 6594 6616 8293
f 3578 4097 2566
f 10836 3860 12386
f 4482 4479 4608
f 11765 6903 13717
f 1683 14095 8924
f 10578 13785 3974
f 12704 7217 5061
f 6967 7035 6844
f 7358 12528 2422
f 11203 13674 8303
f 6506 3818 7916
f 12362 5743 4088
f 14049 4088 10766
f 3398 3403 7496
f 10675 10699 14232
f 9476 7863 7867
f 6121 6232 8599
f 3896 2997 9704
f 1995 2808 1501
f 6815 12709 7230
f 14098 10599 14099
f 4432 1608 4452
f 8765 2595 506
f 4682 11009 12327
f 12582 5401 5309
f 7402 6789 6810
f 1496 8613 2197
f 6605 10104 7304
f 8049 7821 6892
f 11207 10801 13718
f 4969 5641 9684
f 7554 7775 8170
f 12952 12004 12861
f 7775 6865 8170
f 7055 6312 7019
f 5641 4533 7526
f 3368 10236 3940
f 2604 2776 13146
f 9207 11892 9206
f 4545 4544 4867
f 12674 4292 12694
f 2061 1709 5554
f 8160 9407 6656
f 9548 14204 8788
f 13293 4576 5918
f 9945 10170 11794
f 5918 3018 13293
f 6656 8419 8160
f 6645 7775 7555
f 12814 12762 12813
f 11709 11697 13996
f 3627 13037 6602
f 13629 13518 13435
f 11913 1624 6856
f 13518 13432 13435
f 4307 9257 4309
f 596 10560 10577
f 1536 6513 6689
f 6343 7999 8086
f 13803 13141 530
f 13245 13242 12275
f 9503 10152 12378
f 5732 5779 5734
f 6926 6367 11384
f 6936 6809 6926
f 10675 14234 5607
f 8779 14204 8760
f 11549 14094 14068
f 11617 13048 9643
f 4479 4573 4608
f 12344 2648 5169
f 14199 12318 7889
f 13896 13303 11254
f 9535 6266 12463
f 12643 11777 7342
f 13897 14207 13585
f 6905 8908 8459
f 6559 9684 6576
f 12819 12849 12820
f 6425 4817 5719
f 12183 11625 12076
f 2433 798 791
f 13720 11576 11575
f 11860 5334 5065
f 826 749 767
f 6726 9515 6616
f 2036 2139 2053
f 2803 7732 7721
f 2476 8182 3111
f 11081 6081 6083
f 1589 6563 2062
f 2519 4898 1753
f 5832 5973 4399
f 3468 5733 5203
f 9263 6654 6655
f 12542 9564 4431
f 11734 14083 14082
f 11829 11170 11969
f 1202 1277 4493
f 9802 9800 9801
f 836 10615 8207
f 6175 9300 13222
f 12995 13216 12999
f 8797 6417 8998
f 12016 9995 2753
f 6903 11765 5719
f 6738 9506 6604
f 12945 12946 7481
f 8371 13031 8663
f 8440 6772 6597
f 6081 11081 11082
f 13859 13822 13838
f 988 949 852
f 8869 5393 8629
f 1288 8498 1017
f 7912 10919 8261
f 6350 6349 12480
f 6639 13061 4587
f 6556 9858 8786
f 8643 8317 8838
f 11187 11175 11177
f 7452 3659 5087
f 14204 9548 8925
f 9494 13353 8768
f 12200 12176 13744
f 10009 9312 10997
f 5294 14194 12686
f 8809 9412 11801
f 9391 6865 7775
f 6425 4848 4817
f 8782 3522 12552
f 12817 12845 12848
f 5853 8578 1529
f 1532 1219 825
f 2811 4016 10631
f 1038 909 5360
f 7247 7053 7650
f 7377 7374 11766
f 12428 12354 12392
f 6817 6715 7709
f 393 14070 2807
f 7482 4141 9375
f 351 488 9115
f 10650 11319 6940
f 11437 11545 11546
f 12613 12562 12612
f 7451 1944 6306
f 9901 8922 5365
f 10229 3525 10934
f 4910 3163 5039
f 12599 8367 5453
f 3467 5894 5897
f 4677 6425 5719
f 2901 2545 2544
f 9446 5948 7628
f 6934 6836 6731
f 8603 1246 11931
f 13415 12792 13416
f 8853 8276 12683
f 9805 8310 11098
f 6719 7925 7936
f 6604 9506 9541
f 5795 7617 2266
f 8838 7973 8643
f 6604 9541 12973
f 3145 103 2192
f 13307 6524 6478
f 24 2413 22
f 9084 9081 9187
f 10244 10087 10086
f 4543 4530 4472
f 6484 8901 8119
f 5802 4287 8279
f 4603 10713 3383
f 7806 10816 9420
f 11370 9576 11519
f 6887 6724 6662
f 9515 8293 6616
f 6656 9407 9403
f 7884 6991 11632
f 11062 11063 12375
f 1927 6970 6974
f 12700 12763 12701
f 5027 10337 9836
f 2430 2342 2673
f 11009 4682 10668
f 13564 11690 13238
f 10692 11866 11935
f 6027 4553 4603
f 7340 13071 6917
f 14167 14155 1845
f 3072 7985 9777
f 12775 12970 12673
f 3735 13889 2862
f 3525 3530 3527
f 12406 12717 12950
f 9281 163 1874
f 13195 11661 13686
f 1861 1859 2428
f 880 14265 13587
f 13935 11821 13825
f 13822 13761 13796
f 7535 12393 1758
f 11137 3728 2810
f 5893 5939 5941
f 8905 8049 6892
f 6656 6752 8419
f 4750 3638 5174
f 6671 9486 6619
f 13612 13805 10660
f 2640 2641 13502
f 12563 12562 12613
f 12009 6686 11609
f 12836 12884 12886
f 2441 9544 2369
f 8894 8042 6443
f 12827 12632 12915
f 13927 118 11317
f 7247 7650 11463
f 9805 5468 6893
f 9778 9662 10108
f 6199 13753 13105
f 3767 8065 8149
f 11822 9807 7156
f 10731 10727 10793
f 14207 13897 13896
f 11133 11414 13887
f 7671 8325 6741
f 10501 10454 13576
f 10754 10895 10704
f 12767 12735 12796
f 7934 7976 9913
f 9093 3706 14128
f 374 4151 267
f 6390 13271 6413
f 5110 8844 10518
f 3049 11487 13870
f 10929 10930 11888
f 12191 13800 9233
f 7325 5636 2940
f 14026 1949 12060
f 14126 7827 12415
f 6835 7475 6804
f 10560 11892 6981
f 10616 10778 13054
f 10371 8152 5278
f 36 2501 9505
f 14137 11642 11641
f 2132 2448 2450
f 5752 5753 5737
f 12031 11424 11866
f 3453 3446 3746
f 12761 118 7950
f 6662 7396 6887
f 13350 6950 5802
f 9059 11549 13464
f 7832 7931 6703
f 12186 8589 12289
f 7534 5809 5823
f 12056 2759 2932
f 3852 13229 11397
f 13814 13871 13619
f 1982 2277 1545
f 11757 11519 11593
f 12924 6956 2276
f 4347 6520 4818
f 7446 9476 7867
f 12325 12881 3582
f 12338 7076 3234
f 13802 13804 13847
f 8082 6570 7758
f 13655 13047 13064
f 12456 5351 4552
f 10668 14085 11009
f 6842 8798 10035
f 4394 14179 4757
f 4352 4520 4183
f 2054 10928 4580
f 13346 3156 5429
f 9907 9935 9105
f 2967 9183 6490
f 13071 3213 3212
f 10931 10906 6744
f 10518 10568 5110
f 877 820 953
f 13747 13749 11058
f 8124 8092 8877
f 9512 6879 8168
f 4286 3097 3930
f 14148 2342 12590
f 12963 11557 9061
f 12864 12814 12893
f 9325 9926 9545
f 12886 12884 12938
f 12005 12008 12765
f 7746 7763 6849
f 696 11521 11372
f 12519 3279 3073
f 12742 12774 12743
f 7496 11789 3398
f 3546 675 10400
f 4979 2693 4977
f 6860 6859 6861
f 9995 10700 10984
f 6925 8786 9858
f 14041 9533 4536
f 7561 962 3112
f 7223 369 640
f 12864 12893 12917
f 12529 5289 4082
f 5480 5511 2953
f 8532 5313 5161
f 14165 13684 13337
f 11247 10984 10700
f 9018 12584 10555
f 6537 6186 6185
f 8932 7088 8933
f 4979 10417 11887
f 6840 6657 6537
f 3675 5972 3707
f 2297 2480 2609
f 12899 12943 12944
f 11133 5799 13275
f 7916 8862 8861
f 4837 8794 2592
f 4243 9133 9369
f 9907 9551 8679
f 8049 8905 6887
f 12094 10619 6042
f 6466 6397 6208
f 6212 5927 6216
f 5946 7764 1248
f 2426 2427 7565
f 13640 11197 13236
f 8070 7304 10104
f 1319 2242 9815
f 12491 13574 6720
f 5076 2020 2656
f 67 6358 6016
f 7554 6858 9402
f 8818 8816 9069
f 13886 13944 13917
f 9260 10482 4198
f 13515 421 11618
f 2062 5923 1589
f 2412 803 2008
f 8380 8159 9272
f 7677 7774 7869
f 9519 9521 9522
f 10457 4088 5490
f 13167 13505 13165
f 7407 6075 12199
f 7806 9468 6160
f 1680 329 8920
f 1505 2232 13678
f 7744 6809 6907
f 1536 5040 1749
f 4393 7012 4392
f 5585 5884 6691
f 11546 11925 13149
f 4023 4220 4025
f 10754 14290 10752
f 12921 11227 3368
f 6816 9403 9405
f 4023 8675 4220
f 12568 12506 12505
f 6873 9439 7327
f 13531 14231 3049
f 8256 6216 6599
f 10456 10766 10457
f 7441 7326 8781
f 13886 13865 13847
f 8712 9383 6615
f 11319 11400 6940
f 12319 12320 11240
f 11340 11008 13150
f 4447 6905 8459
f 13567 11652 11778
f 9545 9548 9935
f 9044 12166 13946
f 8664 1087 13574
f 9174 3284 3283
f 3951 4095 4233
f 11711 12478 12477
f 6964 6667 6936
f 8660 12103 10357
f 10393 5477 10325
f 10419 8381 10211
f 5215 5126 5327
f 14032 13423 13634
f 5057 7028 12571
f 12831 7347 13985
f 9555 1840 835
f 2522 12433 2345
f 14069 11708 13229
f 1091 5277 4844
f 8760 8928 8798
f 13666 3350 5643
f 5524 5211 13332
f 9134 4496 12532
f 6440 6666 6964
f 6993 10298 5727
f 8323 9983 6823
f 12599 12507 12597
f 6646 8314 6927
f 6666 6667 6964
f 14082 11834 3852
f 11499 11504 6430
f 6752 6677 6749
f 13468 407 326
f 6619 9486 1019
f 13238 12964 13564
f 10638 10007 539
f 4541 6523 5628
f 11092 11181 12585
f 9201 9486 6671
f 10004 10143 10063
f 3163 4731 3477
f 6158 6137 3624
f 8967 8640 12330
f 3800 1653 3749
f 3952 3912 3990
f 13701 13286 13232
f 4497 4435 6442
f 11163 5054 4556
f 12191 14074 14073
f 12118 12227 8900
f 12429 12395 12322
f 10762 8361 11252
f 12472 11968 14098
f 11381 3170 14207
f 11962 11961 13062
f 14286 12397 14194
f 2114 11974 4291
f 12860 12249 12669
f 6793 6769 2299
f 6034 6145 7119
f 1160 4949 3776
f 5715 4048 5158
f 5365 3378 9901
f 3513 4773 6674
f 4107 4156 4195
f 7615 602 7727
f 7543 3653 12823
f 10726 3467 11497
f 4010 11985 11328
f 12361 11057 11056
f 13842 13799 13823
f 8279 4195 4156
f 5507 2271 2270
f 8739 8263 6223
f 5893 5938 5939
f 6239 6758 1325
f 8041 13248 2113
f 10548 3145 3144
f 2529 2667 10102
f 12866 12779 13633
f 3439 3807 3440
f 12677 12622 12676
f 2657 2656 1652
f 13492 4057 13809
f 6280 6257 6256
f 1683 8924 2017
f 8745 8339 8334
f 6474 9119 13714
f 8330 9167 6795
f 12770 11902 12671
f 5436 14011 13442
f 13435 11781 13320
f 12396 12400 12325
f 13725 13637 13556
f 13704 11997 11998
f 9403 6607 6656
f 9407 7994 9403
f 6039 8715 6019
f 10102 13998 12377
f 13633 10800 13230
f 10574 3671 6622
f 11102 2669 13237
f 6770 7397 8035
f 1558 4977 1781
f 6439 6097 3413
f 7160 2467 7094
f 7005 8008 4237
f 6609 6608 6715
f 12733 12384 12380
f 1093 4092 6875
f 2927 5661 3003
f 7316 9834 5696
f 11762 2228 11833
f 6954 7022 6476
f 1639 620 13853
f 2927 4016 7995
f 7107 2910 6829
f 2707 6329 6608
f 7153 7236 7154
f 4092 4770 6875
f 5577 5299 5434
f 11757 696 11519
f 8133 5141 8131
f 3578 3587 228
f 7702 13811 7815
f 1642 10078 10079
f 12967 12966 12972
f 2320 10272 5621
f 7687 7495 7686
f 3756 10878 10924
f 7337 7336 7486
f 10146 12377 13998
f 6962 10405 4097
f 3117 3906 11903
f 6500 13160 13185
f 2532 7747 5468
f 9193 2725 1613
f 8063 11384 8799
f 12202 10202 10864
f 1781 12268 1558
f 7486 7336 7418
f 7426 7345 7495
f 9078 4626 9556
f 1745 2614 1743
f 8855 7710 1154
f 1406 660 6742
f 13553 8364 8369
f 7117 7114 7182
f 12548 7609 9786
f 11682 11680 11770
f 10308 14125 7728
f 13212 10844 2770
f 7495 7345 7493
f 7045 6979 5009
f 11580 9808 9810
f 5634 1756 8706
f 13922 12266 12280
f 7179 7045 7177
f 14037 14044 13162
f 5927 12750 6344
f 7589 10247 7591
f 6981 7114 7117
f 12232 12265 12204
f 7187 7118 7279
f 9738 9710 9722
f 7161 8449 13973
f 3497 370 11827
f 1167 1666 1168
f 13115 13211 1323
f 9246 6985 7959
f 12840 13008 6630
f 7112 7174 7350
f 13547 1774 413
f 2890 13771 5274
f 2216 6301 2214
f 7098 12184 8469
f 7353 7275 7179
f 7591 4164 7435
f 3168 3925 4854
f 8427 8173 8338
f 4030 5363 951
f 14038 1340 11308
f 2383 13281 12754
f 7840 4367 5367
f 8392 2899 12013
f 8659 8546 8658
f 9505 13204 39
f 1834 6200 6464
f 42 8811 7513
f 13521 13320 13920
f 11255 10579 10612
f 7284 7286 7125
f 13226 471 9356
f 707 11297 13065
f 13689 11738 11821
f 2584 11431 2589
f 5122 12768 13168
f 13702 12947 12854
f 990 1526 846
f 11954 14181 11566
f 8303 6827 10469
f 13655 11782 12712
f 8303 13674 6406
f 12647 6340 1218
f 11691 12275 14252
f 3756 3866 10878
f 13529 8678 13542
f 13332 11221 6746
f 4753 11034 11930
f 13641 12266 13922
f 2477 2479 5177
f 2407 2866 1975
f 2733 2813 2735
f 10025 7879 9732
f 9033 4248 9038
f 11012 3654 10994
f 1103 2111 3876
f 4789 6992 8966
f 11497 9630 13141
f 4299 443 4890
f 13701 14137 13286
f 7292 12111 11763
f 10591 10497 10564
f 9361 11847 5390
f 786 783 894
f 13453 14191 329
f 1712 1605 1645
f 7836 10134 9993
f 794 726 725
f 7558 7656 7223
f 4360 4672 4361
f 11188 10717 10797
f 13497 14108 14106
f 6585 6592 4556
f 11693 13726 11834
f 5801 5802 8279
f 14074 13983 13304
f 298 220 255
f 13623 13621 13622
f 11254 6205 11381
f 11617 14261 13441
f 10400 2199 5223
f 10958 10874 10833
f 12266 12397 14286
f 11457 1427 10120
f 11876 13785 13970
f 12689 13238 14240
f 11558 10683 11417
f 7449 579 7450
f 4120 11238 1741
f 5228 12663 12478
f 6136 5338 4207
f 7300 7207 6154
f 3681 13258 13807
f 8249 8307 8250
f 6546 6366 6544
f 1507 4739 1886
f 12328 5004 12231
f 3023 2157 3019
f 6608 1669 6463
f 12314 12267 12312
f 8039 12056 442
f 2235 1504 372
f 2234 5177 2479
f 9972 995 10041
f 4140 901 5080
f 3742 13779 9195
f 2189 2549 2933
f 1505 1504 3340
f 7008 2232 7084
f 7079 7002 7078
f 9271 8458 9217
f 4261 3867 3248
f 11214 10876 5696
f 10876 11214 5404
f 11932 2340 11929
f 12469 11927 12883
f 12260 12201 12226
f 5223 10625 10840
f 7093 7089 12387
f 7271 7179 7177
f 10918 40 41
f 5262 5226 5569
f 13018 12871 12790
f 11745 11763 11595
f 12258 12601 8710
f 11437 8376 8375
f 2697 5740 12720
f 5262 4013 3066
f 11342 10600 2
f 12710 7915 7724
f 2726 1674 9482
f 13745 7107 6829
f 2095 64 31
f 6708 2413 2610
f 12245 7082 3340
f 2426 11173 14288
f 13127 13442 12778
f 10409 12390 1532
f 8517 14028 7128
f 7160 7093 12388
f 13489 13490 13491
f 13460 1488 13456
f 7154 7236 12387
f 7024 7096 7097
f 3885 7071 10262
f 9738 9722 9748
f 7235 7236 7153
f 8350 8348 532
f 12387 7089 7154
f 7094 7022 7160
f 7096 2467 11675
f 7023 7094 2467
f 726 794 795
f 6372 2467 7160
f 7962 8090 8027
f 7027 10405 6962
f 11675 2239 7096
f 2566 4097 10405
f 6962 4097 3393
f 5372 1297 1299
f 8342 6169 10825
f 5274 6238 5272
f 2453 41 2485
f 7491 7420 7575
f 4895 9392 6462
f 11964 11694 11966
f 5481 8913 7469
f 6961 7025 3393
f 2891 2893 2817
f 7030 12627 7029
f 7031 12600 7030
f 12627 7030 12600
f 5928 11173 2426
f 9531 8544 9079
f 6967 7034 7165
f 7499 7346 7426
f 13887 14188 14220
f 12304 12600 2472
f 5879 5881 7322
f 2950 12687 6365
f 5241 1002 5346
f 13336 12598 12162
f 12971 11270 13921
f 5570 5060 4960
f 9531 9079 8406
f 12328 5150 5004
f 5488 13371 9280
f 4552 5351 4696
f 5136 11406 5138
f 5777 9239 9430
f 9998 464 4813
f 2406 6969 6970
f 11179 10858 11965
f 818 6173 447
f 2741 3420 7131
f 1832 822 2723
f 11365 11366 11823
f 12467 1570 13264
f 3185 11908 453
f 13531 11699 530
f 13760 12137 3842
f 10793 10727 11219
f 13115 11700 13117
f 328 3761 2291
f 14089 11979 11779
f 10742 1611 12391
f 4571 4271 4266
f 11892 9207 4907
f 14070 1451 908
f 10643 11736 11735
f 7434 7275 7353
f 12989 12603 4913
f 11491 12021 12087
f 2263 2283 2163
f 11832 12186 12080
f 13299 8501 11753
f 12658 12596 12677
f 4893 8006 7910
f 7187 7189 7050
f 2114 11975 11974
f 2115 2118 1520
f 7114 6979 7179
f 13045 12490 12958
f 12262 6049 11970
f 8324 7050 7189
f 7119 5881 6034
f 7275 7114 7179
f 13845 6579 13844
f 13714 13706 11108
f 7910 8006 9246
f 3016 3056 3058
f 12189 11825 9119
f 12663 12477 12478
f 2623 6600 4851
f 63 78 2278
f 13839 13844 6579
f 5831 5691 5985
f 1249 4493 1317
f 1946 12047 8343
f 3926 10173 3746
f 8466 13603 12660
f 11256 11636 13898
f 2111 1103 3603
f 2255 2256 2621
f 12718 3497 4091
f 11619 134 4062
f 2649 2865 2866
f 12833 7227 8990
f 5433 5708 6567
f 11632 7191 8811
f 11917 11814 14072
f 4626 9078 223
f 13281 2710 2045
f 5744 4371 978
f 10959 4442 4431
f 10945 13726 11693
f 3170 310 8886
f 12071 11787 12214
f 14105 12279 13690
f 13585 12389 14184
f 7361 7284 7190
f 762 3099 11203
f 9500 5796 10222
f 5142 5290 5704
f 6176 471 978
f 7 6 2124
f 7360 9500 10222
f 3703 4096 13
f 3018 11567 11571
f 9204 870 13022
f 14272 6515 14277
f 1514 5239 13468
f 2170 9893 11106
f 4504 2610 61
f 11727 12480 1983
f 5785 483 1665
f 7846 7838 3559
f 10884 8123 11900
f 9665 3240 14269
f 1021 971 1055
f 13042 12861 13528
f 11080 2612 13051
f 12275 1217 3010
f 306 9324 3237
f 8512 8584 8513
f 1488 7762 923
f 5244 4148 13732
f 11210 11209 11109
f 7993 8085 8180
f 8243 8241 8239
f 2429 13007 541
f 12846 11559 2561
f 11046 13834 865
f 12748 12928 12747
f 6705 6647 9908
f 11422 4776 2384
f 13644 12064 11224
f 820 765 2033
f 13374 13082 12874
f 2753 9995 9894
f 1960 13026 11791
f 13035 11968 12472
f 9300 10725 13222
f 4735 2849 4737
f 10298 7757 5727
f 13933 1540 11967
f 2853 3454 1482
f 5431 2018 5427
f 9033 11102 4248
f 5268 1940 1970
f 9542 6918 3043
f 13827 13170 1279
f 13152 12876 13752
f 8350 532 8534
f 2987 2899 8392
f 14028 9066 7069
f 6817 10368 10355
f 11592 9881 13207
f 11622 9477 11569
f 839 1579 12116
f 1609 2477 8039
f 6825 6475 14140
f 11530 5378 14101
f 7529 7465 7464
f 13829 1434 14177
f 8287 8286 10773
f 12435 5934 3008
f 5167 6299 9777
f 10655 8114 8250
f 13854 1438 13875
f 5936 7300 6154
f 3702 3745 5545
f 9604 9433 5777
f 11893 8250 8307
f 2759 568 2932
f 3916 4233 6573
f 9607 7218 7387
f 8112 8249 8114
f 11034 11993 11930
f 346 254 345
f 2635 3238 2633
f 12888 8692 4080
f 128 9069 3504
f 13493 692 14004
f 9786 9435 9723
f 10464 10320 10530
f 7653 7079 7004
f 9093 3013 5665
f 4408 2327 2325
f 11002 10967 10966
f 7083 3340 7082
f 2726 2235 2479
f 7222 7144 7142
f 2800 5308 10093
f 2116 5298 4786
f 14230 7950 13926
f 6245 11932 11929
f 436 4922 432
f 12245 7004 7082
f 2489 8033 12363
f 9834 11214 5696
f 532 7847 8639
f 12245 9482 7653
f 818 2166 2091
f 4721 2435 2399
f 7152 7235 7153
f 7315 7233 7150
f 3654 11012 6195
f 5645 6477 5766
f 7152 7085 7233
f 12210 14128 3706
f 9916 6353 5229
f 5548 5528 4805
f 7266 7386 12023
f 14087 7014 12210
f 11886 10945 14083
f 10623 6579 13482
f 6477 5645 6455
f 10529 3671 1353
f 9219 1504 2235
f 7055 7019 7056
f 13575 2132 8732
f 12363 4078 8683
f 10925 13848 14105
f 3864 1226 1479
f 13730 11210 13111
f 7089 6953 7087
f 2181 5117 5200
f 12191 9233 12292
f 1546 242 2490
f 6509 1802 6368
f 3095 8728 6723
f 13247 12970 12878
f 8131 226 452
f 6954 5574 4674
f 1598 979 1204
f 7406 6566 6738
f 7260 7105 7259
f 2239 7254 7096
f 7488 7574 7489
f 9184 6437 10253
f 11421 11111 13681
f 12693 13093 12789
f 7337 7099 7336
f 11657 5828 4656
f 11995 13111 11210
f 8597 8530 10471
f 5789 2229 1562
f 1777 8131 5141
f 9489 1755 11165
f 5389 5241 5346
f 1849 1865 1632
f 13410 11549 11709
f 13612 12004 12952
f 4454 4429 3909
f 1777 3393 4097
f 12081 11464 12088
f 14094 13410 10929
f 13921 11586 12219
f 2547 7250 3032
f 5274 5272 2890
f 11107 1379 11021
f 12162 10223 5919
f 3 1965 10413
f 2794 12933 13694
f 923 1266 924
f 7030 7029 7103
f 7027 7025 7164
f 7031 7030 7105
f 7105 7030 7103
f 7261 7165 7341
f 7583 7426 7495
f 13545 1720 1448
f 9040 9534 12988
f 3949 2220 1725
f 2324 8206 7448
f 12187 11890 10620
f 2291 1891 2988
f 4799 5120 4968
f 10120 10353 9411
f 3420 9531 8406
f 11414 14188 13887
f 8217 8129 8215
f 11628 12139 11550
f 6173 793 660
f 13983 7134 12020
f 12601 10652 371
f 12790 12791 12792
f 13416 12792 12109
f 11925 6626 11926
f 13545 1448 3587
f 784 785 10151
f 2741 5254 3420
f 14105 11968 10925
f 12540 8282 13446
f 8136 9854 13348
f 6347 13751 13747
f 1468 4833 5061
f 8244 8166 8164
f 6463 7709 6715
f 4600 7242 6025
f 7174 7044 7173
f 6142 8839 6144
f 1146 502 512
f 13134 12929 12911
f 7593 957 4164
f 4714 2740 3291
f 5350 9780 12551
f 7044 7174 7112
f 1561 1518 1485
f 8371 8663 1708
f 1956 1590 6155
f 1855 1561 6067
f 1112 2108 9207
f 1757 5030 5377
f 1461 13909 13965
f 7444 6147 2753
f 1574 1584 1575
f 6819 6609 5224
f 10700 8451 11247
f 1634 1753 6251
f 4500 5272 6238
f 13498 14011 10093
f 8953 8835 8885
f 1724 10098 7851
f 14135 7600 5527
f 2542 1619 1620
f 4789 13392 2975
f 1421 7921 1422
f 6989 2334 8142
f 13617 11465 6987
f 11126 11278 11115
f 13909 1421 1419
f 1251 6543 11522
f 12551 12550 12634
f 3695 10189 3890
f 4768 8564 8559
f 5798 6457 5356
f 13416 12109 14241
f 10311 10310 6615
f 3482 5330 10533
f 11522 10947 11020
f 12251 5042 7033
f 11460 12057 11551
f 1059 1058 1137
f 11203 8303 10469
f 11916 11768 3132
f 10595 10542 10541
f 7878 1860 4905
f 13386 10574 10527
f 4782 5612 4776
f 13248 6233 6695
f 14027 2070 2066
f 12098 6466 6547
f 6234 12300 3878
f 12257 12198 12255
f 10800 13633 12779
f 13105 3605 14195
f 11026 2616 2659
f 12467 10628 14220
f 5682 8940 6199
f 1154 7814 8855
f 4182 11791 13026
f 652 559 651
f 7069 10520 9274
f 14275 11504 9630
f 5659 2674 5427
f 11778 11652 13798
f 769 3744 5238
f 14207 12389 13585
f 3885 5083 7127
f 10012 8167 10678
f 12115 13025 13776
f 310 3660 5733
f 3468 3467 10731
f 1606 9342 9126
f 12782 12726 12698
f 2688 3882 4587
f 7002 7001 7078
f 7355 1989 7283
f 4057 10390 13258
f 7958 11368 7960
f 13890 13981 13232
f 13198 11284 8425
f 13740 13113 12227
f 11112 11421 7889
f 2943 6355 1064
f 7800 7002 7653
f 13870 13720 13726
f 1609 442 1498
f 579 232 7450
f 13647 2105 3861
f 12978 649 12192
f 2575 12489 13743
f 1631 1601 2131
f 12863 12770 12769
f 12582 8223 5064
f 13922 13844 13641
f 535 531 1434
f 5177 8039 2477
f 232 2633 12356
f 10094 8647 11794
f 12870 10611 12959
f 11357 6347 13747
f 12792 12686 12109
f 7218 9607 7306
f 10961 10963 13171
f 14085 10668 10752
f 11009 14085 12157
f 11729 11721 13219
f 11895 10220 8103
f 6657 8599 7570
f 9219 2726 9482
f 5068 13158 5061
f 13547 413 414
f 7383 7207 7300
f 96 14155 13722
f 12696 14192 14102
f 13668 13922 12279
f 13322 2635 4610
f 6277 6408 6279
f 9286 1493 5298
f 5251 9835 12833
f 1498 7476 7800
f 7148 7082 10598
f 12055 11894 12054
f 11704 6940 11400
f 787 9222 6456
f 8860 4078 12363
f 4004 9880 4005
f 13837 13795 13793
f 5729 10706 10907
f 4879 4393 4392
f 13406 4475 3150
f 7525 13246 13467
f 4500 6238 2183
f 13739 10304 10305
f 11339 10434 3262
f 12833 8990 5251
f 12033 11683 11425
f 12289 12187 12186
f 13482 13702 10623
f 3697 3741 10206
f 8059 13724 11753
f 13810 13829 6154
f 3538 14176 6472
f 5226 5547 5204
f 10930 12189 12188
f 8683 7016 13033
f 7016 7153 7087
f 2692 5868 4069
f 6476 10074 6509
f 7156 9807 7157
f 6374 10476 11480
f 4014 4744 3930
f 4225 2238 5971
f 13171 12219 1885
f 12327 5648 5492
f 1449 13046 11633
f 7533 11217 1322
f 5226 5204 5548
f 4474 4473 13404
f 12712 12074 13655
f 7164 7162 7255
f 10044 10042 6493
f 8418 4369 4931
f 5946 5948 7764
f 9991 4698 12262
f 12061 1537 7419
f 10405 7029 12627
f 13413 7882 10701
f 11951 11644 11645
f 13661 5104 14214
f 7789 7882 7885
f 6961 5141 6960
f 8451 10409 11914
f 10500 6535 6530
f 3017 932 8473
f 6974 6975 1927
f 7105 7103 7259
f 7684 7790 7575
f 7111 6970 7043
f 12842 2427 12844
f 6976 1964 6975
f 8024 7885 7954
f 6678 11688 9850
f 7786 7678 9686
f 12684 10744 11194
f 3587 2566 13545
f 10460 1916 1710
f 7680 7786 10701
f 12533 8857 5339
f 543 1848 8413
f 7035 7343 7041
f 13731 13231 1223
f 9884 8051 11121
f 13494 8003 7818
f 5514 4589 6967
f 3633 14172 2478
f 539 6626 11703
f 13887 8587 8856
f 12487 12558 12539
f 976 973 1059
f 1448 228 3587
f 7118 6985 6983
f 6981 7048 10560
f 11313 13207 12059
f 7171 7043 7264
f 595 10386 10313
f 7585 7428 7499
f 8479 1956 8478
f 4850 8478 3795
f 6985 3795 2265
f 10528 1475 5000
f 447 1112 8505
f 10577 6983 2265
f 7435 7589 7591
f 6347 11357 12205
f 13434 13437 13127
f 8163 8240 8329
f 12838 12886 12839
f 8856 5799 11133
f 8424 6380 10647
f 117 7121 11402
f 2655 1602 527
f 255 254 346
f 10519 74 6380
f 4875 3695 2637
f 2737 12884 13827
f 10628 1408 10423
f 1203 11078 1318
f 13789 7184 7117
f 4061 7124 4012
f 2500 1541 7372
f 4635 4835 4593
f 2008 1357 2404
f 3610 3636 8682
f 4278 5455 4066
f 12592 12350 960
f 9233 13800 13890
f 8980 4434 1404
f 11360 4789 8966
f 6100 5970 7606
f 12212 13392 7717
f 7284 7285 7286
f 14083 10945 11693
f 11799 11964 11994
f 12279 12280 13690
f 1897 12113 1780
f 10643 12947 13030
f 7760 13297 13503
f 12831 12569 7347
f 6294 5524 13332
f 11336 12102 11166
f 1658 3109 1636
f 11808 7439 11809
f 9498 5025 12186
f 8725 12297 8821
f 11421 14270 11111
f 10873 13023 6532
f 6817 7709 10385
f 11111 14270 11110
f 6406 10819 8303
f 5739 503 8750
f 8077 7297 7298
f 13776 13749 8887
f 13810 7207 7132
f 11109 11108 13705
f 9974 3605 12801
f 11995 13705 11991
f 11008 11340 11050
f 4576 3240 11514
f 7036 4710 3175
f 4491 10330 10132
f 8426 5049 7367
f 10003 455 8218
f 1814 684 3545
f 9800 9802 10890
f 10262 7071 9974
f 313 470 354
f 13547 1773 1774
f 7922 2069 2072
f 2384 8695 8494
f 6336 6302 6359
f 5664 1747 7053
f 319 198 318
f 13472 13695 7411
f 13384 1299 5376
f 13810 7073 8561
f 13877 1675 13891
f 7529 7467 7465
f 5251 8990 5544
f 12556 13880 1529
f 7383 7300 7460
f 4329 13807 13258
f 7208 7132 7207
f 442 2633 3238
f 8732 2132 2450
f 7625 7621 7845
f 1674 2726 2477
f 12661 12651 14230
f 4474 299 2973
f 7149 7008 7084
f 13609 13607 10735
f 11660 14068 14069
f 4594 10908 7860
f 11316 11535 11538
f 7233 7085 7150
f 2448 2132 6456
f 11337 11417 11330
f 8370 7933 7930
f 10218 13867 11563
f 5913 4131 5057
f 11170 11829 11832
f 6476 6509 6954
f 12180 13013 13106
f 13678 2629 8732
f 11932 6243 7316
f 14032 13634 13596
f 8033 6033 6711
f 9427 11582 13969
f 13432 13518 11998
f 1802 6509 10074
f 7237 7236 7318
f 12478 11711 10848
f 12957 13540 5920
f 5261 3873 5404
f 3703 13 2594
f 7254 7097 7096
f 12340 8656 9177
f 7489 7259 7488
f 10566 11137 9404
f 8917 12067 11346
f 10840 9232 6623
f 4225 5971 5974
f 7341 7109 7260
f 872 9214 2744
f 7337 7103 7099
f 669 1282 1237
f 5220 4778 5584
f 4588 5898 13125
f 11304 11329 11607
f 2316 7954 13413
f 7109 7031 7105
f 11838 11689 11356
f 12445 8942 11986
f 6463 6606 11999
f 9144 9139 14237
f 7789 7885 7888
f 11884 157 11538
f 126 9230 10594
f 6238 4225 5974
f 6961 6960 7024
f 5723 2730 14039
f 9760 9917 9919
f 7043 6969 7041
f 311 14168 9076
f 13632 13600 13060
f 1714 2057 1754
f 7489 7574 7490
f 13588 5230 3893
f 12541 12562 12563
f 9368 13568 4159
f 2445 13545 12304
f 12622 12567 12594
f 10379 7131 8406
f 7041 6844 7035
f 1851 9554 974
f 11539 10738 12684
f 7493 7686 7495
f 76 9989 2483
f 7112 7177 7045
f 128 2029 1099
f 4096 992 3817
f 7044 7112 6976
f 10238 10156 10313
f 6970 7111 6974
f 7524 3542 3884
f 8034 7659 7750
f 14113 13996 9498
f 3852 14003 14082
f 12974 9871 9867
f 10670 11987 4575
f 7428 7174 7346
f 10774 14241 14240
f 3863 3278 3272
f 7279 7118 7184
f 7279 13789 4164
f 13910 13883 13929
f 12762 12786 12813
f 10996 4552 5227
f 7652 3559 7838
f 11472 13464 80
f 12589 12543 12563
f 7431 7428 7585
f 367 7549 11442
f 10900 4412 11990
f 12052 11001 10966
f 12298 7945 4761
f 3020 4893 5186
f 13690 10610 12074
f 8102 13311 11879
f 5766 5203 5733
f 7437 5385 1689
f 10730 8326 12868
f 3395 4030 7437
f 13128 13034 13228
f 13482 6579 13845
f 6220 6253 6222
f 12947 13702 13601
f 9011 11564 12584
f 1326 1395 1328
f 6998 12424 7011
f 38 114 115
f 4793 4791 4562
f 13043 13420 13918
f 3985 4918 4017
f 10554 10488 10412
f 5529 3567 7513
f 1494 4493 1249
f 11750 11482 11387
f 12829 6132 12141
f 7286 7510 7362
f 7442 7365 7512
f 9967 3653 9847
f 7810 12358 13984
f 4586 7985 5334
f 6525 5783 4760
f 10392 5010 6096
f 12212 1810 13392
f 14240 11690 10774
f 13900 4443 14160
f 12207 13247 12200
f 1459 1414 1386
f 10888 11900 10947
f 10322 11467 8171
f 3026 4743 8171
f 13566 8501 13299
f 4465 13557 10879
f 12851 7842 12180
f 14064 11391 13935
f 7119 6145 4749
f 9613 9578 9612
f 13787 7753 9757
f 8476 8540 8477
f 13339 12874 13152
f 10662 13612 10660
f 10180 8044 10273
f 13881 6541 1133
f 3998 3618 3078
f 2451 1976 1828
f 12187 12289 10848
f 13459 11108 13706
f 5199 4496 9008
f 9708 3291 2740
f 3495 2361 3785
f 12917 12893 12942
f 13706 8748 13459
f 1244 10121 13792
f 12801 3605 13105
f 3941 13422 13438
f 7378 5968 7206
f 5505 9546 6193
f 4527 13861 13224
f 1096 1021 1055
f 4601 7242 4600
f 535 13323 13688
f 13434 13127 12733
f 8983 14154 340
f 10613 10704 14134
f 13384 5376 318
f 13621 13557 13509
f 5799 9438 13506
f 13432 13431 4213
f 2843 3462 11016
f 12477 11710 11711
f 442 1609 8039
f 7266 7382 7587
f 5859 3272 13145
f 7208 7207 7383
f 10305 12424 8275
f 7470 7385 7467
f 1820 1818 5078
f 7229 7227 13251
f 11328 13287 12909
f 7039 4093 14217
f 9607 7469 8913
f 6469 7139 13754
f 12162 5919 12164
f 12663 12662 12756
f 7084 7148 7227
f 12653 12614 12652
f 8318 8320 2815
f 1220 9110 8874
f 11248 1575 11196
f 7227 7149 7084
f 7085 7014 7013
f 2448 9271 9217
f 13232 13981 11637
f 7476 1498 3238
f 4833 13254 13920
f 6076 1409 4325
f 2123 790 2122
f 5922 5921 7772
f 823 7148 10598
f 13292 11342 2
f 5350 501 7436
f 11214 9835 5261
f 1802 10074 8133
f 12551 9780 12552
f 13302 13404 13405
f 5665 3012 6938
f 12503 2035 1849
f 6606 1451 13116
f 13510 13498 10093
f 4973 1512 5548
f 7859 3766 838
f 4903 4902 2421
f 6791 6870 7238
f 6073 9170 7453
f 4046 1353 3671
f 10169 9591 14274
f 7427 7195 7104
f 7828 11771 1691
f 210 209 680
f 11937 11944 2958
f 9981 5238 4948
f 2886 4072 4069
f 6627 6401 10104
f 12883 11927 5585
f 5117 2181 2183
f 7415 2239 7413
f 2316 4828 2314
f 7784 8223 8222
f 6951 2238 4225
f 6238 5974 2183
f 5588 5220 5584
f 1874 163 6862
f 11612 13087 11505
f 5068 7120 5071
f 7685 7491 7575
f 12545 12496 12566
f 2050 9285 222
f 2572 934 12420
f 7493 7345 7425
f 7173 7346 7174
f 2420 2042 2415
f 12106 12107 12295
f 6970 6969 7043
f 11110 11060 11058
f 13149 9455 8376
f 7346 7171 7426
f 7275 7434 7182
f 12959 12781 12871
f 3253 11663 11007
f 7101 6844 3365
f 8024 7954 2314
f 6193 3842 7411
f 12819 12767 12796
f 3365 6969 2406
f 2401 3899 5911
f 2472 3322 9193
f 7918 8137 5657
f 13612 11996 13805
f 8554 2166 2167
f 397 1740 9280
f 9977 10122 9978
f 11817 3185 10003
f 12587 13340 13338
f 4909 7241 4011
f 11784 11491 12087
f 10321 486 11480
f 6933 8597 10471
f 12803 8684 4624
f 597 11805 1112
f 804 1415 497
f 11801 4575 8809
f 5739 13385 6998
f 12696 14102 12877
f 5663 5042 4411
f 13692 11302 5050
f 7592 10647 7593
f 1077 3304 1166
f 12263 12261 14098
f 7401 2050 66
f 7194 1560 1593
f 13228 11649 10617
f 12384 11558 11541
f 5377 7594 10519
f 5050 13746 4692
f 11927 13158 5068
f 12964 13238 12877
f 10352 8572 10047
f 961 13538 1050
f 2690 2681 2687
f 5188 3304 1077
f 2900 1301 7176
f 7717 12291 10522
f 7440 7285 7361
f 5750 5728 5749
f 6099 6100 12335
f 9689 9602 9600
f 8855 10158 5828
f 7606 7442 7512
f 7365 7287 7362
f 12517 10443 10389
f 13522 6176 13010
f 12478 1418 5228
f 12707 12772 12708
f 1012 1049 960
f 1665 1664 5785
f 7869 7960 8055
f 13602 13614 11978
f 11945 10434 13153
f 14097 13167 13165
f 5644 8248 6525
f 2141 10993 2808
f 6543 6541 10885
f 10885 6541 10823
f 12469 13158 11927
f 5644 4757 13226
f 6851 8905 6572
f 9824 1089 8713
f 12870 9046 10611
f 13970 10578 5014
f 91 93 57
f 2384 6180 11422
f 11875 10942 8302
f 11944 11938 2958
f 12568 12596 12658
f 8231 8229 5706
f 459 11392 461
f 8446 5340 3161
f 914 13519 13491
f 960 1049 12592
f 13718 11507 12120
f 2151 472 1244
f 12300 5624 3878
f 6606 908 1451
f 12584 11564 7859
f 7721 2731 2803
f 2060 3949 13500
f 4548 4547 3493
f 8739 6223 7544
f 8398 8354 8468
f 9020 8911 8910
f 6021 5975 5996
f 4814 4322 4444
f 4973 4805 5292
f 13578 1677 12802
f 6232 6121 12112
f 9321 9422 9367
f 11532 11531 11680
f 5879 7322 6152
f 14025 6466 2597
f 5460 1524 5441
f 3307 3126 3551
f 10781 10739 11180
f 7865 4458 4490
f 13809 2280 2509
f 2699 14014 8495
f 2910 5780 6829
f 10744 8036 8125
f 10984 11247 3856
f 2834 12691 3289
f 9477 11622 11607
f 669 10252 12691
f 7138 7078 7077
f 2843 9450 6356
f 13437 13434 7349
f 5494 3702 5493
f 12413 12384 12733
f 10040 5906 1916
f 10368 5462 10355
f 12484 1985 12528
f 7306 7222 7218
f 3745 5396 5544
f 5967 4408 2325
f 12172 10603 3692
f 9706 3906 3117
f 12065 12066 10658
f 7621 7729 7941
f 4534 13492 14276
f 5852 6143 8987
f 12465 12569 12759
f 13673 13959 10654
f 5493 7306 8913
f 7470 7469 9607
f 4356 12203 4670
f 6401 9308 7927
f 10011 10087 9863
f 9359 6495 6314
f 4232 4283 7848
f 12921 12852 12849
f 9682 9969 9826
f 2232 1505 7083
f 2318 2325 2327
f 1025 13826 1061
f 11933 4184 4067
f 7094 6476 7022
f 3775 22 7359
f 9856 9786 7609
f 7333 1846 1627
f 2920 5043 6065
f 11500 12341 11481
f 4876 2890 3079
f 13698 1368 11431
f 4494 10483 11325
f 4391 6206 3642
f 2183 10760 5117
f 7315 7316 6243
f 219 11650 11919
f 8071 6697 6698
f 8499 8042 8894
f 9321 9234 9320
f 8758 9449 9452
f 12224 12327 11009
f 7415 7413 8601
f 5902 1085 3920
f 14000 11648 11647
f 14231 13531 530
f 9413 6071 13802
f 4225 6238 5274
f 13764 414 13654
f 12862 12813 12839
f 8337 9906 2824
f 6951 4225 5274
f 7805 7708 7610
f 3393 7025 6962
f 8289 5450 3283
f 5783 6525 291
f 4025 4220 5317
f 7099 7164 7336
f 7259 7337 7488
f 14120 9854 8136
f 13704 11991 10801
f 10701 1678 13413
f 14069 14094 11888
f 1720 76 1448
f 13714 11056 6474
f 11925 11926 11126
f 10886 10941 11971
f 7572 7418 7485
f 7681 7486 7572
f 11902 12770 13205
f 11008 11990 11077
f 6582 11343 9989
f 12789 13093 12686
f 9520 2916 9989
f 11254 13303 11136
f 4279 10327 10961
f 7345 7264 7425
f 10966 10940 10894
f 11971 10941 3279
f 12958 12868 13045
f 10263 10253 13792
f 9725 9724 9742
f 6639 4587 3882
f 12689 14240 12692
f 13681 13133 406
f 7212 179 1101
f 14194 12397 14196
f 13465 12469 12077
f 14192 12770 12863
f 12394 12294 12402
f 4021 6032 9852
f 7343 7035 7261
f 1964 6976 5009
f 7428 7346 7499
f 12764 7448 8551
f 7179 6979 7045
f 9192 2445 9193
f 12639 11889 11462
f 7435 4164 13789
f 13390 14187 11731
f 12107 13614 13602
f 10930 13773 11888
f 13961 1224 9817
f 10315 11697 315
f 11099 11644 11951
f 12978 10845 649
f 8467 670 8543
f 7487 7380 7584
f 7506 7353 7501
f 14287 14220 14188
f 7353 7179 7271
f 13030 13128 10617
f 4930 2872 2871
f 10845 12978 12647
f 9630 5902 14275
f 7501 7694 7506
f 12477 12663 13689
f 11349 11945 3018
f 11704 4062 1379
f 7434 7353 7506
f 9469 11626 11367
f 7268 8554 2167
f 7326 2942 3152
f 7184 6983 7048
f 1209 1765 4487
f 3304 74 3308
f 4502 5482 5424
f 1690 582 13089
f 3860 7848 7741
f 1203 1155 13797
f 12952 11996 13612
f 5399 3240 11498
f 14139 5919 10223
f 11641 11647 13314
f 11772 1717 2738
f 9630 5897 6593
f 530 11502 14231
f 5582 5335 5581
f 10683 9477 9905
f 5379 3553 4933
f 8479 4850 2223
f 12685 4860 10468
f 13056 10305 13417
f 9564 5536 4431
f 10910 10977 9963
f 7440 7361 11548
f 1023 1138 13826
f 12043 7223 7656
f 10967 11002 13150
f 8571 13791 12944
f 5108 3553 5107
f 7365 7362 7512
f 3045 5855 4395
f 4920 4017 4918
f 8811 7191 7365
f 10119 1207 1210
f 2424 2427 12842
f 8979 2023 4434
f 664 9480 13209
f 2753 3870 7444
f 2 12484 13292
f 7219 7122 7021
f 7951 4394 5391
f 12604 10321 1618
f 7461 7122 7219
f 8505 11805 367
f 10561 10523 770
f 11900 10888 10788
f 8672 8592 8720
f 13946 9328 9044
f 10173 1730 11014
f 9581 10360 9634
f 11819 4178 11816
f 14045 2318 2319
f 10643 11649 11648
f 13441 11575 13048
f 10383 4492 12804
f 2273 2135 2462
f 3019 12305 11291
f 8964 8854 8851
f 4627 3946 3907
f 14188 418 14289
f 7732 2803 7730
f 12671 11902 14196
f 13700 3078 13968
f 8182 6201 3111
f 6952 2049 1928
f 11896 13507 11801
f 722 12755 6500
f 13477 5459 9161
f 2390 5036 5000
f 451 1346 457
f 1540 4466 11930
f 6814 3490 3489
f 869 602 7456
f 1159 7659 4480
f 12183 14185 10727
f 10043 869 918
f 5906 1710 1916
f 14213 2715 8571
f 11098 10437 6261
f 7839 13713 13467
f 12826 3394 644
f 7054 4783 8716
f 4028 5347 4393
f 5532 1547 12806
f 10058 10140 10499
f 4066 4139 4794
f 7729 7527 7618
f 1836 4370 1662
f 12444 8627 8812
f 4625 5796 5252
f 6383 6359 11565
f 13875 10248 13854
f 11278 11275 11115
f 9430 9239 9238
f 7119 5543 7322
f 12818 12817 12848
f 6154 7207 13810
f 1009 1044 1012
f 10966 10894 12052
f 13407 12744 12753
f 7528 7470 7467
f 7132 7208 7074
f 12519 13736 11971
f 10963 13129 12972
f 12579 733 12577
f 12219 13171 12966
f 720 722 6500
f 10625 4451 10179
f 8275 12227 13113
f 13035 13034 10925
f 11328 12909 4010
f 6031 5986 6030
f 10929 13410 11984
f 12490 13045 12771
f 10330 2457 10135
f 6705 6187 6647
f 6612 7243 6791
f 12500 3688 12499
f 12004 10662 13609
f 5731 5751 5732
f 6826 8159 10981
f 3111 3115 12523
f 11340 13150 11324
f 8588 8585 8829
f 8669 8550 10406
f 11002 11001 10730
f 5838 5858 5880
f 6720 8516 13603
f 9570 9567 9584
f 10639 11690 3187
f 6037 8186 6013
f 6032 3071 5317
f 1849 9146 1865
f 6359 6362 6336
f 181 154 708
f 6435 6166 5416
f 7086 2940 5636
f 5220 5260 4778
f 6632 7098 12898
f 13206 13981 13800
f 5609 5588 3586
f 4963 2322 5259
f 7413 13770 8601
f 5630 5124 4861
f 4577 11640 13561
f 8147 9524 6587
f 7259 7103 7337
f 10123 10268 10124
f 3017 12324 2009
f 6951 5274 13771
f 7789 7681 7788
f 1159 369 12043
f 13637 12863 13556
f 4185 9245 3050
f 14192 13205 12770
f 5353 10417 13309
f 7171 7345 7426
f 5733 3660 5766
f 13558 11829 11969
f 7680 7485 7571
f 10464 10391 10243
f 7490 7575 7420
f 4485 13481 14030
f 2291 2406 328
f 13916 4540 13431
f 11027 3203 3876
f 12727 12783 12785
f 12345 12255 12301
f 336 1613 2725
f 3071 6151 5319
f 7499 7426 7583
f 4907 1406 1964
f 11308 1340 11107
f 13969 10858 11179
f 3852 11470 14003
f 6975 1958 1927
f 11648 11649 11647
f 1964 6742 6975
f 7267 3254 865
f 13564 12964 1470
f 2383 2216 10686
f 5599 8527 8673
f 3786 9874 10174
f 2853 5378 14043
f 1077 11568 11222
f 7271 7177 7350
f 12871 12870 12959
f 7182 13789 7117
f 1518 1457 1485
f 1407 1382 1454
f 5560 1375 5623
f 7127 5083 7205
f 597 8580 11805
f 3003 12016 10332
f 12484 12528 13292
f 6610 6920 472
f 4156 4107 4076
f 10093 14011 2800
f 7063 6990 4869
f 7356 13618 12412
f 1335 11839 6636
f 916 955 959
f 11607 10600 11304
f 7223 12043 369
f 1499 1469 1427
f 11337 12066 12065
f 9204 3766 3767
f 7176 1301 10080
f 8811 7365 7442
f 10661 10525 10561
f 14059 12472 14099
f 13031 3522 8782
f 2023 6987 4434
f 8246 8249 8112
f 9300 13500 13224
f 11123 5221 11926
f 8684 12803 545
f 11632 6990 7191
f 2931 7268 12511
f 2975 13392 1810
f 12390 5661 7995
f 2557 2577 4095
f 14067 1051 1131
f 9733 804 4934
f 6602 13037 12609
f 14103 2604 13146
f 4757 5391 4394
f 2738 1717 2935
f 4900 2679 2285
f 6065 4702 4703
f 10258 10257 10475
f 7285 7440 1154
f 5937 13743 1606
f 6564 10529 5034
f 14051 11562 9471
f 7234 8375 11434
f 13365 13550 12441
f 8784 10478 13378
f 1174 2097 9303
f 14066 5267 9648
f 6311 3088 4862
f 6691 13145 5585
f 8651 8581 8510
f 12834 12835 11934
f 1800 1715 1797
f 5968 5969 7206
f 11724 11873 12259
f 7940 3182 7755
f 8283 8021 4116
f 14254 5863 4280
f 11660 11617 14068
f 11779 14083 4914
f 11640 11642 13561
f 1958 327 328
f 11019 4322 10951
f 9432 8668 9324
f 11739 11738 12850
f 5298 1493 13980
f 10667 7468 135
f 1545 1827 1982
f 10194 10004 10499
f 9979 4628 9829
f 12310 10593 14183
f 7836 9993 8271
f 12090 760 11129
f 13194 9372 10758
f 10302 7547 13950
f 1286 5376 1299
f 7476 3234 7001
f 444 380 11260
f 8538 7634 8539
f 4639 12118 13476
f 8968 11311 9027
f 7280 7393 7597
f 2032 6847 7947
f 8754 12151 12732
f 5542 11016 2327
f 7845 7621 7941
f 14154 8983 13779
f 13950 13576 10454
f 6370 4906 7733
f 12361 11108 11209
f 2317 2312 2626
f 2632 5990 10570
f 4281 12896 1870
f 12681 12970 13247
f 13509 10553 7586
f 12114 12630 12054
f 8357 2442 2556
f 1210 4607 10119
f 12673 12970 12682
f 12470 13314 13228
f 13772 13556 12863
f 13903 11777 12643
f 13067 12771 14267
f 489 43 6545
f 12405 1027 4021
f 8144 5263 8565
f 13269 4447 8459
f 1177 1182 980
f 10501 10524 5326
f 8678 5327 5126
f 11665 12302 2617
f 2251 13218 9106
f 3548 11466 5694
f 3304 5188 6380
f 12726 12727 12665
f 11310 13981 13206
f 7538 8285 8643
f 1128 326 8938
f 12435 1659 12481
f 9643 14068 11617
f 8281 8274 9355
f 10587 4473 2974
f 11141 11688 6678
f 8261 7553 7912
f 8317 6221 8838
f 6196 6433 6303
f 3010 6340 14252
f 12780 13624 7743
f 3232 6744 10906
f 12759 11397 12465
f 12772 12767 12819
f 3972 8157 1839
f 11917 11817 11814
f 6791 7238 9357
f 11969 11170 11826
f 9465 6369 7252
f 13013 13014 13123
f 9945 9871 12974
f 6312 6577 7019
f 5922 6661 9873
f 12796 12766 12818
f 7069 9066 10520
f 9464 8231 7979
f 6182 5893 5896
f 11729 12808 13675
f 1678 5673 13413
f 6195 1357 3654
f 7029 10405 7027
f 12085 13140 11724
f 5629 5630 4861
f 13695 14063 7411
f 13770 7777 7674
f 74 10519 7594
f 7490 7420 7489
f 5907 13817 6038
f 10897 13382 3664
f 4601 7213 7242
f 9383 4815 6615
f 8137 7918 8007
f 7954 7885 7882
f 10664 13062 13047
f 11323 7837 7639
f 11569 9477 10683
f 7684 7490 7574
f 8733 1957 1807
f 12213 11718 14206
f 11447 9805 11098
f 11204 7232 8542
f 2211 1967 2134
f 6261 5412 11530
f 2314 8128 8024
f 7109 7034 7031
f 3365 2291 2133
f 7254 2239 7415
f 1464 13003 1463
f 8087 8089 8025
f 3221 12353 2997
f 6449 10508 5154
f 11314 11539 11398
f 5436 7219 2800
f 5295 8282 12540
f 472 2151 6610
f 5384 5121 11663
f 2133 2725 7101
f 7686 7890 7687
f 7689 7499 7583
f 12258 12259 685
f 12750 12747 12840
f 7585 7499 7689
f 6975 6974 7044
f 7121 117 7283
f 6605 6142 6628
f 3673 4227 4232
f 278 13483 13296
f 7350 7174 7428
f 9069 8816 8944
f 7696 7506 7694
f 7090 12152 5295
f 7589 7434 7506
f 7694 7900 7696
f 3703 1464 4255
f 5118 5559 10822
f 6437 2707 1811
f 1742 8508 10803
f 13622 13621 13605
f 10647 10649 8424
f 6630 6631 6486
f 5582 8052 11844
f 12188 6474 12479
f 3764 1238 3765
f 3795 9246 4850
f 6987 13387 1051
f 6193 14063 6430
f 12005 13610 12008
f 528 12488 3861
f 5234 545 6642
f 4909 4911 3639
f 9849 13644 11224
f 6564 10320 10388
f 6890 6576 7981
f 4275 8334 4198
f 2004 13590 4807
f 12468 7289 8270
f 1379 1340 6940
f 3893 10804 13588
f 11886 3049 10945
f 11253 8934 2153
f 6883 5697 5102
f 11018 1948 1615
f 7511 7510 7710
f 7213 7241 4904
f 5363 3308 74
f 11867 8232 2958
f 8483 1161 8951
f 7814 1154 7440
f 13909 1461 1460
f 8009 5336 11842
f 10593 10741 11129
f 7884 6992 4789
f 922 1184 1291
f 13610 12106 12008
f 11112 14270 11421
f 10759 11057 13107
f 12207 12681 13247
f 10871 2505 10916
f 5855 5744 14107
f 9455 13904 8376
f 12981 7115 11047
f 13641 13844 13023
f 1393 1318 11078
f 8029 4911 4011
f 10755 7472 2897
f 2263 2163 14093
f 2425 10872 10671
f 411 9865 3798
f 2002 13678 2450
f 4415 6543 1251
f 12374 11975 12868
f 12130 659 12133
f 7452 934 8652
f 10523 7998 770
f 6837 6939 6838
f 1576 8356 11124
f 7605 5725 7604
f 13752 1814 13104
f 12043 7750 7659
f 1767 1654 10585
f 4481 9065 1159
f 5168 12344 5169
f 9791 9812 9779
f 13528 12861 12765
f 11826 8748 11825
f 4213 13431 4540
f 6628 6627 10104
f 7526 9684 5641
f 10898 13517 2465
f 10655 8250 8308
f 14185 12183 4577
f 12775 12878 12970
f 12810 12808 13170
f 12130 11976 11702
f 4789 6991 7884
f 13694 4149 5244
f 9178 11910 4274
f 13094 12795 9335
f 11619 13693 9471
f 11945 13293 3018
f 555 11355 14021
f 13600 13627 13560
f 7460 7527 7383
f 13150 11002 11324
f 11772 13849 11740
f 13783 9195 4047
f 5606 3906 1932
f 5544 5396 5251
f 7729 7841 7941
f 14245 8823 1418
f 9320 9366 9422
f 5481 6091 5493
f 13476 13120 13220
f 1173 170 169
f 2737 12938 12884
f 12016 6147 5289
f 2393 8792 8038
f 3015 8506 932
f 1248 7759 8386
f 10409 1532 825
f 9885 6395 8333
f 9626 11160 181
f 14064 11710 11391
f 11778 2773 12662
f 11434 11452 10684
f 13501 13669 13958
f 12319 11240 1721
f 6994 8433 5994
f 2141 10990 13046
f 7973 7912 7553
f 10386 595 10527
f 13962 10221 11151
f 13244 13142 11182
f 6306 8403 2266
f 2781 5994 4211
f 6573 4233 4095
f 1789 2071 9720
f 13162 12484 12843
f 573 574 5668
f 12962 13555 13364
f 935 9200 8874
f 6436 6851 6416
f 8478 4850 8479
f 10448 10522 10036
f 5624 5969 4823
f 4499 5264 4500
f 694 11677 11527
f 12388 7093 12387
f 4155 3584 3586
f 5651 5649 5388
f 5204 5528 5548
f 11314 7656 12380
f 5289 1985 14044
f 5436 13442 13437
f 7413 2239 2238
f 5661 10409 8451
f 10738 11541 11558
f 5404 5547 10876
f 8138 14285 14216
f 14003 11735 11734
f 9994 2386 4294
f 7697 1301 4865
f 4964 8355 2323
f 9686 10701 7786
f 10851 13591 10860
f 1478 6473 6361
f 14108 13497 14100
f 5629 5205 5627
f 13770 7674 8601
f 7954 2316 2314
f 5516 5005 11007
f 7260 7489 7420
f 7110 8396 10138
f 512 480 511
f 5621 5516 2320
f 6002 6288 6289
f 13724 13685 13299
f 7789 7788 7882
f 3081 2864 3928
f 7583 7495 7687
f 9077 1737 10528
f 7609 11747 9856
f 10240 10317 11039
f 9697 9608 9765
f 14245 1418 12478
f 7493 7425 7580
f 7799 7585 7689
f 7692 7585 7799
f 6578 3292 4036
f 3935 4732 4545
f 12781 5294 12791
f 4254 4252 4251
f 7694 7501 7692
f 4570 4014 4009
f 1833 13208 14253
f 10626 4392 5452
f 7728 12718 7537
f 7534 5823 14223
f 7589 7506 7696
f 8091 8031 8134
f 10860 10863 12880
f 13034 13035 12470
f 10673 13132 13133
f 7182 7114 7275
f 7189 7187 11222
f 6013 5921 5963
f 2265 3795 5678
f 1077 1166 11568
f 13825 10735 13935
f 13478 13358 13388
f 5423 11070 8221
f 2589 7813 4745
f 12445 11988 11992
f 8155 8106 9983
f 4427 4301 4422
f 12189 10930 13558
f 569 611 514
f 13985 10975 11263
f 9592 4636 5676
f 10773 9312 11962
f 4066 4801 4017
f 12907 12682 339
f 12411 11003 5210
f 10944 5475 7663
f 13669 13668 13848
f 4072 2864 3298
f 4404 2853 1482
f 2849 13699 11807
f 4451 14203 9088
f 11435 11657 12335
f 1517 804 497
f 5072 1968 8523
f 5224 6715 6817
f 7510 7285 1154
f 8855 7814 7813
f 7356 11548 7361
f 12003 11626 9469
f 951 2611 6658
f 7406 6485 6566
f 11972 4701 3572
f 12025 7956 8967
f 13205 12696 12689
f 9287 837 10394
f 6953 7089 7018
f 9780 8782 12552
f 718 645 716
f 4175 3155 10917
f 4474 2973 4473
f 4924 13071 7340
f 11992 11977 11771
f 12893 12862 12916
f 2648 6009 4136
f 511 480 13097
f 11008 11077 10991
f 6249 8564 8298
f 10735 13610 13609
f 12668 7918 7725
f 7020 7021 6819
f 3222 1211 12190
f 8181 8179 10970
f 14104 585 5517
f 8004 7834 7831
f 2532 5468 9805
f 8310 9592 5676
f 13246 5748 13467
f 2794 5244 711
f 10047 9969 10118
f 5628 3934 4752
f 12647 1218 10845
f 2858 2525 2362
f 1792 11912 5286
f 13272 13405 5583
f 8913 7306 9607
f 4690 11332 12150
f 11640 11647 11641
f 13322 12338 2635
f 1434 531 14177
f 6088 6091 5481
f 14128 14127 8683
f 7308 7423 3070
f 13037 6808 10722
f 8722 8596 8721
f 3595 830 3594
f 8456 3154 9529
f 10434 11945 4514
f 7861 7673 7672
f 5634 12196 13215
f 12887 12839 12886
f 12531 12530 12737
f 5278 4145 10830
f 9912 8360 9913
f 13338 10846 10845
f 11184 6644 13711
f 1131 14008 1155
f 6691 5856 5859
f 11372 11235 11231
f 11705 13015 10692
f 6303 7751 11085
f 10600 11607 11309
f 1687 13993 13451
f 468 5602 5639
f 1842 7481 6994
f 8014 8018 6403
f 8517 7206 5969
f 1838 6316 7673
f 5358 2203 13590
f 7979 5706 5709
f 10604 11836 12844
f 8205 13316 8201
f 2468 9055 3113
f 5734 5709 5706
f 13162 13510 14037
f 13579 2874 9641
f 4878 5563 9589
f 13068 14145 14147
f 5631 8355 5388
f 5404 5204 5547
f 11146 11655 761
f 5631 5627 2323
f 9652 10148 11146
f 11558 11569 10683
f 10224 1409 6076
f 12001 12002 11939
f 11217 9810 9808
f 12960 12939 12957
f 7099 7027 7164
f 9686 4964 4963
f 13770 7413 6951
f 6723 11163 6811
f 4917 5628 4752
f 3333 3123 3750
f 7788 7680 10701
f 7391 6772 8440
f 7681 7488 7486
f 7488 7337 7486
f 3911 12497 3755
f 7165 7035 6967
f 13413 5673 2316
f 7416 7254 7415
f 7486 7418 7572
f 7101 3365 2133
f 964 6776 2925
f 2968 11561 1764
f 10971 13027 13386
f 13555 13554 13593
f 8917 11884 12067
f 7965 7895 7963
f 7488 7681 7574
f 7798 7583 7687
f 8091 8095 7965
f 6971 6664 6857
f 14132 9050 8373
f 7425 7424 7580
f 9940 4459 12358
f 5868 1084 3082
f 11063 8023 9269
f 8030 8132 8031
f 12224 12157 3187
f 4091 3497 11827
f 7895 7692 7799
f 8589 8823 12289
f 7965 7972 7900
f 8240 5596 8329
f 7501 7271 7431
f 13243 12263 13690
f 7801 7589 7696
f 13705 11995 11109
f 8269 8219 8268
f 700 184 14147
f 8288 7856 8157
f 13175 8595 11460
f 13549 13221 13433
f 7487 7584 7682
f 4562 4564 4794
f 7511 7362 7510
f 8524 8468 8596
f 13012 11181 13011
f 12882 1829 12504
f 5367 8418 10916
f 11225 12405 12294
f 10220 11895 9772
f 12464 12396 12506
f 819 1233 958
f 10878 10886 10924
f 10730 12958 11324
f 6541 6543 1133
f 11411 10997 8286
f 8325 5814 8650
f 11991 13518 11995
f 5221 6324 11126
f 13064 13047 13067
f 10652 10654 13959
f 11972 423 778
f 8326 10730 11001
f 9552 336 2988
f 10691 2454 10517
f 3173 782 10771
f 9395 8570 2394
f 1798 780 10742
f 12473 6754 12898
f 806 10462 9287
f 9659 12166 8397
f 634 545 12803
f 6931 13648 8190
f 526 1539 13157
f 13922 13668 13844
f 13305 6210 13300
f 7234 12790 13415
f 10253 9974 12801
f 11975 12374 12313
f 11826 11507 13718
f 13730 13629 13521
f 4624 7844 12803
f 6041 12420 934
f 12786 12758 12785
f 6034 8677 6145
f 12318 14199 4291
f 1709 7541 8489
f 5281 6801 11542
f 11821 11391 13689
f 7701 7508 7699
f 11575 13441 13720
f 5311 4521 10010
f 8107 13246 7525
f 7525 11766 7457
f 9569 14024 9568
f 12059 13207 11560
f 9175 10633 9177
f 11581 9817 7523
f 4381 4380 5317
f 4035 6479 6323
f 5471 10585 4753
f 9641 8234 3725
f 4583 1617 3631
f 12358 4459 4616
f 11535 2365 11872
f 3936 9981 4948
f 13286 13499 12760
f 8477 8480 11893
f 5545 7222 7306
f 13477 9161 9281
f 5545 823 7222
f 10845 8110 13338
f 10785 13914 10786
f 13602 11978 13235
f 635 1580 7009
f 11323 2047 8073
f 14278 3509 3511
f 12374 12866 13633
f 14280 14278 8935
f 11475 2049 8301
f 2441 2370 9544
f 9262 9220 9468
f 2773 13798 5476
f 1551 3139 10559
f 6588 6868 8903
f 10932 9600 9501
f 12571 12049 6175
f 3527 4131 5913
f 6078 12960 5920
f 14198 6202 14201
f 13873 11277 11062
f 7642 6204 3556
f 3420 9532 9531
f 9152 3663 5282
f 672 9671 9672
f 3478 7010 12542
f 4600 6025 6145
f 9457 9218 9167
f 9395 6140 8570
f 11536 11510 11013
f 3443 8144 8098
f 12783 12727 12726
f 12733 7943 13434
f 11944 11937 9636
f 12249 4761 12669
f 2820 8241 10998
f 552 405 4022
f 2013 11364 10937
f 14288 7736 3692
f 3692 7662 12172
f 8877 8092 8135
f 12413 12778 11622
f 11337 10738 11417
f 10148 10986 11655
f 2341 5262 3066
f 7840 4327 4367
f 6935 6594 9402
f 13192 13480 13422
f 3497 13768 370
f 12727 428 12665
f 7141 7249 7251
f 4565 3076 5171
f 742 8605 9182
f 8125 8034 11194
f 13863 5527 905
f 6951 7413 2238
f 872 4308 12690
f 10701 9686 1678
f 7099 7029 7027
f 10533 10464 10531
f 13771 1145 7777
f 7255 7162 7335
f 2314 4828 4759
f 11675 2238 2239
f 8024 7957 7888
f 4045 4703 4046
f 10867 8103 11427
f 2403 9077 9702
f 7681 7572 7788
f 595 10313 10156
f 12567 12545 12594
f 1643 191 3920
f 13751 8887 13747
f 7793 7685 7790
f 8025 7793 7957
f 14146 13406 13333
f 7153 7015 7152
f 8091 7963 8031
f 8134 8140 8095
f 7902 10245 7801
f 7694 7692 7895
f 8700 10076 5168
f 871 817 815
f 7189 11568 8324
f 140 5830 10679
f 12336 12368 9632
f 7972 8095 8097
f 11862 11205 11257
f 11744 12759 12854
f 11040 5184 13642
f 5188 10647 6380
f 7472 10755 2142
f 339 12682 12681
f 2365 1365 11872
f 10973 10883 14072
f 8261 10919 9443
f 14050 6843 7052
f 5874 2037 10199
f 6597 11911 6487
f 8675 4023 4604
f 11810 11812 11909
f 12699 12666 12728
f 6577 8677 6034
f 5245 5246 5282
f 9914 6429 1119
f 1468 1470 12794
f 10639 10774 11690
f 3279 12519 11971
f 4273 4710 6136
f 8803 12805 7328
f 6039 7323 8719
f 6192 7201 8239
f 4738 1014 6292
f 7143 11158 10974
f 12288 4455 9940
f 1885 11835 4279
f 7770 8572 10204
f 320 318 198
f 2161 2308 8586
f 13304 13220 11138
f 9673 9672 9814
f 173 77 172
f 9063 13961 4481
f 10113 13513 8417
f 12756 12662 12851
f 303 355 3590
f 3597 350 12404
f 3345 10223 5475
f 12288 9940 7090
f 9654 8858 4940
f 13415 12790 12792
f 2964 3016 11989
f 10798 13230 11357
f 13458 4756 4348
f 9172 9538 6036
f 12779 12866 8326
f 13320 11781 12704
f 12278 3019 2157
f 12423 12420 6041
f 13961 9817 4481
f 11978 13614 13825
f 11002 10966 11001
f 2823 3454 5863
f 7831 7834 7727
f 4968 6168 2743
f 5717 10824 44
f 13499 14137 11641
f 5764 10297 4104
f 12917 12845 12864
f 13446 10658 12177
f 12995 13313 13020
f 12854 12947 11744
f 13043 12863 13637
f 5773 8695 2384
f 7209 14041 14027
f 10209 9166 6881
f 12060 9593 11935
f 13146 13022 14103
f 12367 12333 12403
f 10296 12948 13790
f 3185 11817 11908
f 6998 7011 5739
f 7448 8206 12166
f 9784 7317 3144
f 10499 10193 10194
f 13583 10140 2546
f 8271 9988 7836
f 5017 12185 5801
f 6880 10197 9243
f 11263 6579 10623
f 8300 8362 8301
f 6130 1141 6129
f 658 13595 13411
f 5483 3290 6310
f 1928 2049 11485
f 13740 12227 13751
f 13133 13681 10673
f 14177 531 1286
f 12886 12837 12836
f 10609 12233 3963
f 13848 13668 12279
f 10248 11328 11985
f 8011 7845 7941
f 5396 5261 9835
f 5425 2319 5401
f 14000 4577 4592
f 6253 6275 6254
f 4048 3666 4689
f 8367 12659 8276
f 7974 6394 1119
f 7820 8174 6434
f 11309 12787 10600
f 5155 6278 8484
f 7565 5928 2426
f 8574 2495 5365
f 9552 3760 376
f 7905 6445 7906
f 7140 12156 7247
f 6908 8365 4127
f 3919 7020 5462
f 3431 3430 3502
f 11417 10683 9905
f 7759 7670 12199
f 10235 8201 8018
f 13941 13884 13912
f 2821 4120 4189
f 7245 6791 7243
f 10967 10991 10940
f 2301 8270 10054
f 12380 7656 7943
f 12179 4455 12288
f 11581 6549 9065
f 11304 10600 11837
f 5261 3830 3873
f 11079 10927 11005
f 2778 247 250
f 6951 13771 13770
f 7684 7574 7789
f 14078 10975 13985
f 14062 7500 5791
f 10765 8375 13904
f 5055 2663 5774
f 9153 13683 2468
f 7418 7335 7485
f 9199 9200 13122
f 7888 7885 8024
f 5384 11663 3253
f 13212 3294 3082
f 9423 1250 1262
f 5656 5005 5625
f 223 5954 13089
f 7165 7109 7341
f 5384 3252 2056
f 10247 7589 7801
f 12817 12793 12815
f 8219 8269 7661
f 3668 1353 11722
f 11538 8789 11316
f 6702 9472 4946
f 10425 10290 10288
f 8210 2431 1136
f 5113 8152 10371
f 8844 10450 10502
f 10643 11735 12947
f 10639 12157 10638
f 11825 8748 13706
f 2481 8155 2480
f 9439 6873 7388
f 2492 7532 2170
f 10806 10518 10502
f 5728 5730 5701
f 5227 11494 10996
f 3547 6054 3549
f 11453 11455 5443
f 13898 13585 14184
f 11332 5087 3659
f 6554 8323 6552
f 9415 13824 9416
f 13916 13528 4553
f 1930 7230 1929
f 9147 9084 9187
f 4592 14089 3872
f 12536 12486 13470
f 12974 10170 9945
f 12614 12653 12617
f 12869 12818 12848
f 6886 6909 1611
f 14044 1985 13162
f 12728 428 12727
f 13254 14102 13918
f 8854 8724 8722
f 6850 1955 11245
f 1721 6168 12319
f 3425 3611 3612
f 12907 339 12779
f 7560 248 7556
f 5427 2653 5659
f 4755 6365 10188
f 3414 1676 3367
f 1490 9683 13213
f 4554 4820 4635
f 3834 566 1064
f 2259 5605 13072
f 1056 10440 13691
f 2791 3706 5665
f 2915 2916 9520
f 6740 9111 4319
f 6041 11987 760
f 13011 12308 13012
f 1625 11189 3057
f 1889 1791 1887
f 13992 10776 10576
f 248 991 752
f 10996 11494 10994
f 711 13732 722
f 11057 12361 13725
f 4604 4023 5856
f 12397 13641 12578
f 9312 10009 11961
f 8392 8391 8460
f 10801 11991 13705
f 7215 8389 3181
f 12545 12566 12593
f 13347 12170 12495
f 8297 12152 8388
f 7652 6461 3559
f 4909 3638 4904
f 1487 11723 8501
f 4199 3996 3803
f 7523 13377 7727
f 2706 8407 2732
f 8506 3015 7007
f 13113 13739 8275
f 1946 11605 9009
f 7523 9817 1224
f 7686 7580 7578
f 12844 2427 14288
f 7325 2940 2942
f 2823 2729 2460
f 7889 406 10599
f 2165 6292 2074
f 6578 4036 2879
f 2915 2436 13169
f 12724 675 3983
f 10389 6096 1722
f 6957 11185 11599
f 5008 4930 10454
f 6416 6490 6436
f 12743 7946 6629
f 13346 11918 3156
f 13383 7756 8820
f 9628 5612 4782
f 2357 2356 4483
f 9256 6746 2951
f 6042 10619 13347
f 1795 1791 1889
f 12055 12054 11271
f 6649 2620 12702
f 13170 12836 12810
f 12246 12184 8618
f 11545 11703 6626
f 550 11090 2052
f 7019 6034 5881
f 11895 8504 9772
f 4670 11 87
f 13232 11637 13701
f 6743 13250 5778
f 1861 6760 1324
f 6952 12648 8300
f 7042 6934 6729
f 2018 5431 10948
f 2051 10085 5525
f 10745 4494 2021
f 9777 7985 5167
f 4618 4123 4128
f 13518 11991 11998
f 12324 8473 12423
f 13785 11877 3974
f 4654 10219 14017
f 9432 306 549
f 10632 10569 1271
f 13009 8198 6076
f 11097 13888 10538
f 228 2483 565
f 7021 3919 7219
f 3919 5462 5308
f 11994 11964 11966
f 7006 8417 13513
f 1898 14053 5216
f 10463 2436 1028
f 14037 10631 10332
f 4121 1758 1759
f 10881 12492 5011
f 7943 12733 12380
f 10902 12066 10690
f 672 9672 673
f 10744 12684 11426
f 1128 1334 8755
f 10368 7995 4016
f 7578 7491 7685
f 6824 761 11655
f 5033 4480 7659
f 7335 7254 7416
f 7459 640 7225
f 12223 4622 12326
f 11710 14064 11269
f 1784 13136 1695
f 11782 14267 4291
f 8089 8087 8209
f 4856 8217 11898
f 4570 4744 4014
f 3974 10456 10457
f 10247 7801 10245
f 3498 1264 8508
f 7035 7165 7261
f 1320 2673 2172
f 8134 8132 8268
f 9009 10226 12012
f 5942 14043 11530
f 12137 13275 13472
f 8096 10820 7902
f 4882 3481 3256
f 7900 7972 7902
f 9779 9751 9767
f 1314 6209 10584
f 9792 10015 9867
f 12693 12789 11902
f 10372 8096 8097
f 13556 13107 11057
f 11025 3401 6083
f 1185 5792 5029
f 2938 2826 6098
f 7021 7122 6920
f 7819 7817 7988
f 6266 6140 12463
f 11735 14003 11744
f 6324 4266 7036
f 11357 11058 11060
f 3443 5263 8144
f 13422 13480 13479
f 6472 10652 12601
f 720 710 722
f 1155 13306 1131
f 13163 2100 14286
f 12109 12686 13093
f 1050 13538 1127
f 12507 12464 12506
f 12849 12819 12869
f 10022 14142 13419
f 5707 12885 10330
f 6325 6458 6326
f 8694 13707 1929
f 13841 13842 13823
f 1808 1769 1767
f 11911 6597 6772
f 8785 8788 8779
f 2223 8006 3020
f 1048 6545 2517
f 6376 9454 9261
f 6844 6969 3365
f 10705 10696 10168
f 12330 12331 8967
f 5307 5271 1002
f 11065 11006 11005
f 9934 5860 3173
f 10595 10569 10632
f 8784 7054 8716
f 3365 2406 2291
f 899 423 4582
f 10637 10572 10601
f 1405 1380 1450
f 4470 4797 4640
f 12600 7031 7034
f 12153 11426 8282
f 12554 4146 11032
f 10132 10052 10809
f 10425 10428 10293
f 6308 5177 2234
f 13965 1391 1462
f 8290 5385 5107
f 3236 11854 11954
f 9911 8492 8496
f 12708 12772 12797
f 167 165 105
f 2723 1223 10463
f 13256 9089 13448
f 585 3182 5517
f 5863 3454 2853
f 6175 5917 12571
f 9228 226 228
f 3936 10022 3155
f 3205 7543 12097
f 12233 10609 6771
f 9989 6197 6582
f 1770 2541 11512
f 11253 400 8934
f 8808 1026 8753
f 11985 13852 13854
f 7941 7841 8074
f 4869 6990 6991
f 6213 9146 1849
f 9109 9798 9136
f 4620 13980 1493
f 7625 7529 7621
f 536 13323 535
f 4078 8860 3013
f 6781 6780 6988
f 5372 5239 1438
f 8112 8111 8246
f 11152 8037 12466
f 3925 3453 5227
f 4641 10152 13329
f 12889 5112 11024
f 1048 13677 4954
f 6897 3229 3281
f 7611 6855 2020
f 4895 2029 128
f 8569 12194 9134
f 1124 276 1029
f 13375 12954 12722
f 9188 6786 3110
f 13554 13555 4771
f 5396 3830 5261
f 10455 10333 10451
f 1680 7239 8778
f 13628 3405 6348
f 2085 1010 14144
f 3690 8454 2751
f 10067 9845 10066
f 9624 12954 13375
f 2110 13864 2165
f 8668 9490 9992
f 11343 6582 12604
f 9111 6700 9136
f 8891 1973 13606
f 10694 10689 6796
f 10771 8612 3173
f 10406 13866 4295
f 2097 10768 10771
f 3761 328 327
f 4854 310 3168
f 8383 7483 6871
f 10039 526 13021
f 2098 7075 5079
f 12747 12641 12546
f 9088 14225 9194
f 5323 5269 5215
f 11798 3378 13742
f 12575 7392 6884
f 7979 8231 5706
f 5159 3117 10309
f 8160 8168 9407
f 8025 7957 8087
f 7836 10130 7038
f 13582 10382 540
f 5672 5677 5260
f 5056 4939 2337
f 8767 8534 8766
f 8087 7957 8024
f 7502 8213 8209
f 8219 8140 8134
f 7350 7428 7431
f 7891 7687 7890
f 620 13526 912
f 11853 11764 11600
f 3897 3896 479
f 7271 7350 7431
f 1535 1500 1604
f 9902 9822 9821
f 3231 9406 3229
f 3274 2530 2684
f 7250 1525 13400
f 5948 5946 9928
f 12339 550 2052
f 11081 13741 11082
f 3437 13496 3362
f 860 2159 2433
f 13021 8292 7873
f 8673 8524 8722
f 14263 3913 8956
f 8536 5999 4942
f 9215 7334 9462
f 6956 10890 2276
f 6191 9734 846
f 12359 12299 9000
f 5647 6456 2791
f 7500 20 10817
f 8224 6298 6343
f 10883 13685 14072
f 10447 14079 10373
f 8280 6842 8226
f 9463 9644 9726
f 1019 12184 7098
f 7286 7285 7510
f 2241 139 1925
f 2549 6820 2933
f 2059 2057 1714
f 6839 6816 6835
f 3404 1976 3200
f 3145 8167 10012
f 12030 11853 11761
f 7940 693 5517
f 12604 2869 10321
f 2136 9299 3788
f 10918 41 9841
f 13278 13831 13298
f 4724 7059 1981
f 4310 4131 3530
f 444 445 380
f 10166 14 10325
f 549 9490 9432
f 10379 822 534
f 3157 4738 13613
f 46 11191 45
f 9249 9440 9133
f 7458 2551 2550
f 10447 10373 9492
f 777 9303 2097
f 389 1810 12517
f 1056 1170 8740
f 1076 1854 8586
f 3012 5860 571
f 7315 7229 13251
f 4319 9324 4312
f 8179 9638 8299
f 5612 9628 8634
f 10519 8424 1757
f 13488 8046 13963
f 8700 8845 9503
f 3664 13382 1169
f 6601 8407 8472
f 4162 5647 2791
f 11222 7279 957
f 1344 12471 8889
f 7034 7109 7165
f 3771 12121 6716
f 12483 8708 8889
f 12754 12753 12969
f 13436 12580 9669
f 11728 7269 10970
f 1910 7129 10516
f 2624 9179 2623
f 617 13072 13039
f 5343 5522 5293
f 1799 9953 9929
f 13271 9025 2500
f 9140 4350 9296
f 13806 9296 3579
f 11818 12557 11258
f 13484 10276 2190
f 1206 1135 4415
f 12172 12598 10603
f 13578 13656 13319
f 2194 8536 4944
f 10125 698 4846
f 7202 12588 5497
f 10419 13597 14122
f 1795 1712 1645
f 11318 13571 8823
f 6559 6471 8853
f 7052 6843 7049
f 5299 5577 5710
f 2021 9400 10745
f 251 239 661
f 8060 12068 11634
f 11097 14209 10540
f 12598 13336 10604
f 13956 10632 12925
f 8011 7941 8074
f 8613 9303 841
f 11358 8246 8187
f 9801 9800 12462
f 536 4858 624
f 8114 8011 8112
f 9213 3186 9298
f 1438 1514 13875
f 13708 6071 8833
f 6342 7719 6901
f 9422 9366 9475
f 5795 12934 8194
f 11199 11198 2674
f 2168 2197 1165
f 2708 13753 1455
f 8612 8687 9934
f 10667 10607 10666
f 9005 8970 8746
f 9024 9023 9353
f 4312 6197 2916
f 6740 13169 6745
f 13383 1686 7749
f 9115 12391 1611
f 3923 3905 7321
f 1014 6225 3419
f 7963 7893 8031
f 2265 6983 6985
f 11258 10076 11818
f 8641 8634 13019
f 9783 8405 6028
f 13182 13083 12987
f 10379 8406 13731
f 8536 2194 4941
f 3631 4232 4227
f 8194 7617 5795
f 2820 6192 8239
f 7567 6214 5853
f 7632 3595 6357
f 3221 4724 1981
f 7485 7416 7571
f 10151 785 5757
f 5570 5133 5058
f 1496 7756 7749
f 11007 5667 3253
f 11007 5515 5516
f 1726 1900 1727
f 4947 5769 10715
f 1543 14111 14116
f 2281 6262 3331
f 9212 13634 2490
f 11947 11681 11951
f 3856 3657 11419
f 10168 9532 7445
f 13429 9655 12705
f 5075 9732 7879
f 10375 11070 13700
f 2010 8494 8695
f 7900 7694 7895
f 7893 8030 8031
f 8960 8064 2693
f 9303 1495 10090
f 10810 10999 11072
f 11620 13993 13488
f 7801 7696 7902
f 13341 12825 12824
f 1757 5377 10519
f 2354 390 10214
f 5355 3558 4951
f 2879 4026 3088
f 8559 12956 857
f 10741 12411 12090
f 4149 4150 875
f 4130 7325 7441
f 13628 6716 3405
f 7565 2424 2423
f 498 511 13097
f 9405 7477 6816
f 3462 2843 5314
f 8106 2481 9886
f 12890 10513 10550
f 8897 3156 11918
f 13118 14118 13174
f 9485 1019 9486
f 6311 5483 6310
f 10232 6296 3331
f 9970 10232 6262
f 9201 3409 9202
f 1022 1010 1011
f 527 12872 3285
f 11856 8299 9638
f 9229 6730 5882
f 4103 4101 9775
f 6305 8700 5168
f 8323 7719 8154
f 7755 9938 7829
f 13174 14118 1246
f 6645 7555 6927
f 384 3218 2748
f 11176 11195 5266
f 13131 6036 6252
f 13433 13210 13261
f 936 5240 5103
f 5199 699 1529
f 13195 4937 13156
f 13919 6318 5242
f 9752 11510 11536
f 404 11425 334
f 2082 2086 1903
f 11697 11709 9059
f 4776 11422 13570
f 3786 9594 11509
f 13031 8371 6923
f 13059 1847 13121
f 10132 9993 10134
f 12606 12339 2052
f 7113 7161 5079
f 3706 13575 12210
f 4615 10049 3391
f 13294 13288 13891
f 11696 13557 4465
f 5662 12832 1765
f 7269 7216 3036
f 7629 12668 3948
f 7445 7468 10667
f 2406 1927 328
f 12338 13322 3516
f 13792 2151 1244
f 4462 6906 3814
f 11096 9344 4631
f 8149 3182 870
f 4792 6558 6526
f 13724 8059 11338
f 8494 8486 6180
f 1028 4787 9718
f 12980 2154 13073
f 12980 13691 7559
f 6356 9450 7849
f 10666 10605 10642
f 2194 3905 3923
f 8569 9337 6079
f 12513 5004 5152
f 4856 5422 8269
f 7138 7142 7078
f 9194 286 9954
f 2010 2160 3583
f 2047 11323 8453
f 6226 6233 6790
f 6088 10487 6370
f 2819 5910 5911
f 8418 4931 5531
f 8476 8477 8307
f 8111 8010 8109
f 13852 1297 13854
f 479 3896 9651
f 5554 13721 17
f 8114 10655 8076
f 4521 4518 13236
f 8879 8825 8939
f 5775 2802 2804
f 2804 2802 784
f 983 4787 5513
f 7100 7188 7984
f 6586 2160 13036
f 8492 8491 13330
f 7008 7149 7013
f 7559 1974 7731
f 6427 9783 4299
f 327 660 5775
f 10463 13169 2436
f 6271 6551 5985
f 11679 3155 10022
f 1523 2003 3717
f 9782 8229 8680
f 7560 238 248
f 36 7737 2700
f 6001 10069 10068
f 10213 12132 7265
f 8135 8092 3972
f 3636 3610 10117
f 1064 14007 3834
f 5252 5796 11673
f 203 10691 10517
f 5570 5058 5060
f 7788 7572 7680
f 5121 11395 4864
f 13975 13335 13636
f 1388 10408 13949
f 7722 3381 9669
f 9702 10528 5000
f 7965 7963 8091
f 5003 4960 5653
f 11070 5423 5398
f 8140 8097 8095
f 1578 8845 2153
f 2962 6183 10138
f 12462 5924 12369
f 11786 6354 14084
f 8095 7972 7965
f 8220 4509 8221
f 10711 1737 2515
f 6155 6067 9179
f 582 1690 394
f 11338 13685 13724
f 11695 12062 1537
f 2578 2601 12146
f 6167 9559 6702
f 14072 13685 11917
f 13643 3610 8682
f 9862 9726 9860
f 8717 6376 9261
f 7856 7742 7743
f 13992 13921 11270
f 13899 13895 13328
f 2548 9157 1623
f 9864 10015 9792
f 4425 3978 5908
f 3251 4261 11788
f 10679 1256 140
f 12599 12597 12625
f 1562 1452 270
f 2272 3013 8860
f 12921 3368 12923
f 10777 678 6929
f 5306 5345 1002
f 8038 8040 7852
f 5224 10355 7020
f 9105 9521 9168
f 14191 14238 8780
f 5175 3081 5194
f 3999 10147 3440
f 13672 6722 6695
f 11516 4824 6295
f 12968 12965 13491
f 5787 13626 13497
f 2923 7246 8692
f 2442 2452 1931
f 2961 2960 3054
f 2981 2776 3181
f 5371 404 5369
f 8740 1170 2161
f 9475 9366 9530
f 7251 7249 7373
f 8615 7762 274
f 8384 678 676
f 1717 11740 2936
f 14006 2116 4786
f 9453 10777 6929
f 6074 6259 11410
f 5600 5591 4572
f 2384 4776 5773
f 3856 11247 3657
f 13647 6218 2103
f 2070 1971 2066
f 13255 8438 5091
f 10063 10740 10004
f 13604 13924 13953
f 13883 13882 13907
f 1178 11755 1172
f 2659 2616 2288
f 8615 14130 13748
f 2221 1909 1912
f 7175 1967 1663
f 9228 452 226
f 13604 13953 13098
f 1286 531 5376
f 2168 4738 6292
f 160 161 8898
f 13326 8381 6214
f 6335 5314 6356
f 9488 4813 9942
f 6167 6702 5390
f 1981 5592 6743
f 3645 6898 6897
f 1328 1290 1326
f 7032 6929 5457
f 4610 6219 13322
f 1511 1445 1510
f 13036 8695 5773
f 7683 13937 7449
f 2802 5775 793
f 2152 9781 9991
f 7870 8857 5613
f 571 1854 6938
f 590 736 2607
f 13024 13049 5682
f 3158 3188 1602
f 1888 1890 3208
f 7481 10949 8433
f 13575 3706 2791
f 6355 2943 5177
f 14127 14128 12210
f 13231 9109 6700
f 9578 9574 9612
f 14058 10018 12234
f 9710 9670 9691
f 1488 9334 13456
f 3583 2309 1847
f 8544 9531 10168
f 2467 7096 7024
f 2525 2367 2362
f 8074 8010 8111
f 4474 13404 13302
f 3458 9270 14171
f 9878 9879 7698
f 603 3942 9596
f 11843 5368 12573
f 6815 7351 3718
f 5240 3961 5103
f 9520 76 1447
f 468 5721 6706
f 4869 389 8017
f 7756 13383 7749
f 10413 1965 2475
f 272 1780 12113
f 6403 8288 8157
f 5768 6094 4956
f 1959 1521 2118
f 613 8666 13967
f 8030 7893 7798
f 11176 9188 7062
f 8972 9075 9029
f 9864 10088 10015
f 3548 5694 10201
f 2962 10138 8396
f 6296 7110 6348
f 2085 6056 2281
f 12580 7722 9669
f 5203 3467 3468
f 10877 2055 7911
f 13830 11909 11812
f 10556 6333 10820
f 13597 13971 8606
f 5096 5097 5094
f 5911 3899 2819
f 13638 13975 1902
f 5266 4214 6230
f 479 10537 6452
f 5654 5369 1365
f 10296 13790 6171
f 8121 8122 6451
f 4443 11933 11019
f 9217 2002 2450
f 9590 4484 9189
f 4092 1093 6711
f 10830 4145 5006
f 71 4296 330
f 9372 6790 1793
f 2194 4890 4941
f 7800 1674 1609
f 4116 4105 9931
f 12645 10376 4892
f 8680 8229 8054
f 8662 12773 10466
f 2366 2369 2101
f 1984 10920 9118
f 10466 12217 9633
f 6198 9337 8569
f 6718 10583 3717
f 2654 2505 10871
f 207 12988 3157
f 1726 1563 6847
f 297 874 301
f 787 1076 2259
f 14127 12210 7014
f 3760 3761 2005
f 7922 2072 2553
f 9192 5513 1720
f 5241 5389 6453
f 14036 7474 14224
f 8851 8963 8964
f 8721 8596 8672
f 2299 2646 6793
f 8892 8962 13901
f 698 767 4846
f 13806 10046 430
f 8083 9418 9878
f 5945 12339 5944
f 3870 6337 11463
f 10115 10198 10045
f 13748 14112 8615
f 6028 8405 11068
f 9994 8283 4116
f 2720 1086 10584
f 831 13660 1296
f 9939 9938 8001
f 11093 7843 9155
f 2961 3054 3011
f 3100 3054 2960
f 14007 10381 3834
f 7152 7233 6243
f 13039 13213 4646
f 10053 10135 10180
f 7626 7624 7818
f 2113 1458 8041
f 203 13072 5605
f 10199 11528 13044
f 5357 2968 8608
f 8300 2049 6952
f 12941 2569 6896
f 11581 869 10013
f 6586 6919 2160
f 10268 10340 10341
f 1258 9493 9417
f 14186 630 1696
f 6695 6512 13672
f 11989 8671 2964
f 309 8930 307
f 13603 8466 12217
f 6210 13305 7666
f 11 6982 7404
f 10612 10706 12935
f 11772 12124 13849
f 6939 7147 7049
f 11380 3235 3236
f 11921 12605 11488
f 4328 11297 706
f 7460 11212 13868
f 7837 7618 7639
f 6302 6258 6330
f 7634 8614 8689
f 5000 1475 2599
f 13160 6500 9110
f 7460 7300 11212
f 13376 8254 2390
f 7429 14090 2587
f 8011 8074 8112
f 5427 2674 5089
f 2161 203 5605
f 9525 14052 6649
f 4819 11221 7564
f 7748 8438 13255
f 2964 2930 3016
f 13072 203 8742
f 796 9596 13650
f 13386 10527 10971
f 2450 13678 8732
f 13199 12512 5684
f 7083 7082 7148
f 568 567 7032
f 2109 7631 10453
f 9981 3936 13782
f 10922 2334 2004
f 13021 13316 13315
f 2916 2915 10608
f 58 12626 12530
f 1904 2107 10506
f 2109 1458 2113
f 9895 9747 9814
f 4124 2720 3350
f 9136 3237 9111
f 1204 930 1569
f 12716 9930 11776
f 2303 1883 1882
f 2561 11559 14233
f 8868 8866 7939
f 13081 13722 13723
f 5006 11025 9946
f 278 14268 8697
f 8682 10581 12132
f 11847 9361 9317
f 13643 10201 5694
f 10567 10956 10835
f 10234 4965 5603
f 1098 10919 7912
f 11862 3652 4175
f 10764 14011 13498
f 13335 12950 12717
f 3164 5357 11315
f 7219 5436 7461
f 12787 10764 13498
f 923 924 13094
f 2816 2891 2817
f 8641 6558 13036
f 5615 7304 8070
f 11946 12131 12035
f 2116 13039 8742
f 2724 2727 3115
f 3242 4768 4230
f 2989 8558 13052
f 2522 2678 2856
f 10742 780 1611
f 8237 3242 5829
f 1582 2466 5362
f 9223 7667 715
f 9243 9340 4519
f 8603 11931 10634
f 12550 12100 12634
f 13834 11251 10944
f 4444 11019 4067
f 10101 2503 10903
f 2482 2207 2464
f 7131 10645 2741
f 5931 8592 8550
f 1854 1076 4162
f 11506 12002 11702
f 7124 4180 7823
f 5210 11003 11874
f 5109 7115 12981
f 3356 3690 2751
f 6099 4443 13900
f 5391 9846 7951
f 12281 11229 745
f 3589 8541 13527
f 9266 9226 9317
f 13245 11856 9638
f 2209 9489 2542
f 5729 8417 11418
f 702 12511 6931
f 8815 4190 12444
f 7525 7457 8107
f 1595 1867 1485
f 6512 13670 13672
f 7417 8820 9533
f 5265 11922 10564
f 684 244 13836
f 8041 1458 5851
f 4299 4890 4891
f 5956 8188 4425
f 3136 7409 7863
f 13852 14178 1297
f 13891 13895 13899
f 2047 8453 11485
f 5197 6716 12121
f 9348 5789 5788
f 11565 10018 6383
f 13917 9659 6135
f 7837 8010 7841
f 8011 8114 8076
f 2069 7922 7920
f 8250 8114 8249
f 9910 11741 9909
f 8307 8249 8306
f 7729 7618 7841
f 9592 10585 5471
f 3932 7845 8013
f 8975 8973 9030
f 9287 9390 837
f 4063 4064 9980
f 3419 8600 6292
f 12819 12796 12818
f 4288 8626 4290
f 12761 12216 12223
f 4874 3929 9068
f 5806 2620 9925
f 2748 6663 384
f 7899 8195 563
f 1569 930 1181
f 12420 8473 2572
f 3303 12422 10230
f 7666 7319 6210
f 10322 8171 5666
f 2309 2154 13831
f 13810 8561 13829
f 5752 5737 5734
f 591 2897 593
f 2177 510 2961
f 9132 9129 9273
f 7303 7301 7465
f 5395 7718 10319
f 2932 7032 3326
f 430 13851 13806
f 5308 2800 3919
f 9296 9339 3579
f 3253 14227 1863
f 13783 3742 9195
f 11255 12935 3992
f 10044 6493 6354
f 8853 12683 12742
f 12648 13849 12124
f 11130 8228 8271
f 10100 9523 13537
f 11847 12908 5390
f 7062 9188 6511
f 13926 5144 13675
f 2677 3342 2672
f 2061 7541 1709
f 11982 12163 11815
f 6830 2857 12576
f 2625 7717 11360
f 2494 11428 10521
f 1290 1216 1213
f 8714 10677 9537
f 6870 6791 7245
f 9891 9671 9811
f 6281 6258 6302
f 654 9547 727
f 11362 9 13003
f 14144 6056 2085
f 1821 2355 2350
f 1911 1577 1876
f 12850 12180 11732
f 13512 10892 1544
f 778 4373 4701
f 11383 5412 5311
f 4108 6615 4815
f 13016 3055 3101
f 784 10151 10645
f 1284 6589 11958
f 13477 9281 1874
f 1504 2002 372
f 12676 12594 12672
f 4231 4187 4230
f 8152 6885 6248
f 2831 5640 4321
f 5549 8084 9904
f 4800 4801 4564
f 6202 7364 2470
f 10084 4309 920
f 7210 8347 9639
f 717 842 11268
f 8387 8457 8512
f 7630 13161 13138
f 13924 13604 13328
f 10226 2654 10227
f 10767 2510 10096
f 10903 2503 2505
f 8515 8546 8659
f 5815 12523 3115
f 8515 8461 8546
f 3002 2956 2921
f 1817 13966 13534
f 11338 8059 2745
f 2009 12324 12094
f 5067 9645 9466
f 11662 11728 8299
f 5087 9412 8809
f 4270 4184 4921
f 7216 2706 11503
f 6899 4841 6801
f 10871 8418 5531
f 11079 11005 11490
f 1027 5879 4021
f 8520 8349 8394
f 8399 8296 8294
f 6564 10388 11039
f 8349 8236 8347
f 8596 8468 8593
f 12999 13473 13159
f 4075 4470 4367
f 8963 8892 13901
f 12589 12563 12614
f 560 559 652
f 4394 1728 7026
f 9629 9621 9620
f 12676 12622 12594
f 9863 9862 10011
f 6290 8148 9778
f 5638 8382 13260
f 8557 8598 13201
f 7074 6999 3516
f 7963 7799 7893
f 11193 11727 10675
f 12699 12728 12758
f 2759 12056 8039
f 14269 14213 9665
f 8191 10491 8443
f 7879 10276 4943
f 13362 7332 10436
f 7106 8547 13250
f 1981 7059 5592
f 10777 1458 676
f 2463 86 10275
f 7666 9533 4891
f 6370 1644 6088
f 8385 1179 1767
f 3718 3903 14226
f 11881 11491 11654
f 240 12371 12695
f 7118 7959 6985
f 5526 5824 7409
f 7227 12833 13251
f 1674 2477 1609
f 7147 7145 7376
f 13065 13097 9083
f 13080 10719 13079
f 8808 8689 12452
f 2274 2573 2600
f 4235 9390 1897
f 12655 12653 12700
f 6700 6745 13231
f 6649 10276 13484
f 7158 12014 1685
f 10661 10561 10676
f 7181 5642 3592
f 12711 12625 12678
f 11127 11128 9342
f 8606 9998 12556
f 5214 5213 5322
f 1529 8578 12556
f 4813 6198 9998
f 10184 6499 5561
f 13629 13435 13320
f 1009 959 955
f 1877 7332 13362
f 14156 9707 12117
f 12722 12954 12749
f 2138 461 13055
f 12538 2697 1606
f 4280 5862 2661
f 3505 3893 3503
f 11378 11379 5565
f 10469 10884 11203
f 5051 12500 1312
f 727 9560 12906
f 4733 6003 10023
f 2437 13975 2438
f 7173 6974 7111
f 593 2897 2972
f 11033 4712 6595
f 986 10065 10294
f 10698 2869 9953
f 8362 8410 8539
f 10588 10033 5722
f 2152 11970 3519
f 12957 2736 13540
f 1628 12499 1789
f 4763 8467 1507
f 5119 12417 2576
f 7862 264 6767
f 9290 9460 7933
f 7354 11516 5410
f 13895 1675 1517
f 12357 13353 13355
f 6714 6503 6434
f 4643 4680 4569
f 2592 8741 11883
f 4503 10481 4112
f 9002 6852 5784
f 11398 7750 11314
f 8655 8783 8658
f 6794 5116 6796
f 6492 5940 7550
f 7683 8883 13937
f 12474 6378 8558
f 8958 717 11268
f 11469 9685 9265
f 5106 4507 2643
f 6444 3407 7324
f 8834 8709 8832
f 8322 12688 5281
f 3677 14047 14114
f 6516 6655 8763
f 11200 6377 11201
f 9633 8465 8549
f 13533 6201 8182
f 7758 8080 8082
f 4581 3110 3897
f 5011 12492 12258
f 4270 4795 4067
f 9413 8436 5926
f 1317 1355 1392
f 1112 9206 597
f 14070 393 1282
f 3767 870 9204
f 10101 10903 10893
f 1701 1943 2471
f 10466 10677 8664
f 12920 13004 1745
f 2148 14249 2164
f 11231 11287 11372
f 4891 7319 7666
f 7712 12522 7713
f 9487 2115 1520
f 6611 8386 7759
f 4295 13574 14151
f 4388 4340 4385
f 14135 11533 8127
f 8236 5829 13850
f 2180 2182 11835
f 13059 2010 1847
f 4395 14107 14179
f 10907 8441 5729
f 5018 9245 2683
f 8110 1218 1217
f 8218 9635 12193
f 12476 13267 9107
f 11635 9245 9225
f 6642 838 13063
f 3439 3029 3436
f 2777 2817 2857
f 13354 13356 13180
f 7959 7187 7910
f 14009 14084 11839
f 10036 12291 12399
f 8777 8651 8705
f 11341 14256 3909
f 3118 5723 1884
f 4942 5999 5075
f 7685 7793 7578
f 8678 13529 2496
f 2574 2662 2660
f 6061 13300 6210
f 4941 4890 443
f 1211 3222 14076
f 2647 3434 13628
f 11323 7639 4010
f 4328 11451 11790
f 1184 1122 1011
f 8872 1026 8808
f 2411 8985 600
f 1957 3782 600
f 8595 8412 8594
f 11428 11803 90
f 9999 10000 10772
f 5248 6296 5197
f 10548 9526 103
f 9970 8258 10795
f 9875 8647 9876
f 9082 6917 3212
f 11104 10914 11051
f 54 88 89
f 8296 8399 8298
f 9500 7360 9499
f 1840 9555 756
f 12659 8367 12599
f 2465 1943 10898
f 8819 1496 13864
f 1793 540 9372
f 5722 12399 2985
f 5941 5939 6035
f 10715 11068 4947
f 9274 10520 3605
f 11408 13840 4809
f 8756 11595 9116
f 826 959 917
f 10839 7588 5746
f 10037 10249 10162
f 13647 2575 5937
f 870 585 13022
f 7062 3708 11176
f 3603 4782 13570
f 8486 8696 14052
f 12799 6635 7151
f 6237 9928 5946
f 5600 4917 6448
f 6196 6388 6433
f 8786 7334 6556
f 10700 5661 8451
f 12332 12881 12325
f 6804 6812 6849
f 12458 2046 5538
f 10231 5085 5129
f 10933 3048 573
f 11774 11506 6891
f 8361 5885 6821
f 14193 7840 5367
f 8930 12136 307
f 13973 2098 5079
f 12705 9655 6896
f 7339 13071 4924
f 10326 14047 5018
f 232 579 4610
f 12793 12763 12788
f 8546 8460 8545
f 5920 5918 11514
f 393 394 395
f 8950 8834 8949
f 8837 8790 8661
f 12700 12667 12729
f 5560 5623 4104
f 13019 10656 8146
f 6218 9126 6561
f 6706 14022 5643
f 8513 8545 8460
f 7559 2154 12980
f 12019 11802 7262
f 1385 9277 1724
f 8835 8783 8885
f 12142 11201 8391
f 12523 9410 2476
f 3583 2160 6919
f 1490 13213 14006
f 6963 6965 6853
f 10265 10190 10106
f 5619 1698 5620
f 2969 5874 2188
f 1873 12015 13363
f 8664 12491 12217
f 7773 7185 7065
f 5941 6035 5963
f 8714 3376 10709
f 10260 10396 4166
f 13581 14104 693
f 778 422 9713
f 4610 579 2077
f 12523 2476 3111
f 10468 10915 9784
f 1388 12752 2581
f 8401 8298 8399
f 5933 5932 7704
f 6209 468 8548
f 1661 4621 4623
f 13194 10758 2117
f 571 8576 1854
f 4162 6938 1854
f 4074 4327 11041
f 4855 9003 7278
f 2483 228 1448
f 7586 10593 10670
f 4250 4304 1608
f 7470 9607 7387
f 611 11797 10732
f 6209 8548 10584
f 10252 2749 12691
f 8963 13902 9004
f 12209 9425 12178
f 10657 13670 10791
f 1498 7800 1609
f 2817 2739 2816
f 8472 8471 6601
f 5245 3585 5406
f 11124 1439 1473
f 7306 5493 3702
f 6727 8795 8894
f 12868 12958 10730
f 7664 11140 7665
f 3821 452 9228
f 8390 1254 6914
f 11376 13925 11378
f 13396 13360 13114
f 1122 13554 4771
f 11790 11297 4328
f 11987 11129 760
f 3688 9054 8015
f 11358 8362 8475
f 13058 13070 13057
f 8539 8475 8362
f 1481 5371 5519
f 4190 8628 3466
f 9954 286 752
f 5795 7201 12934
f 12464 12649 12400
f 10565 10811 2601
f 8539 14189 8475
f 13662 11438 11803
f 967 1825 4150
f 11196 11218 11248
f 13750 13748 14130
f 1245 1827 1545
f 11223 9323 1484
f 7739 7731 1763
f 13743 12713 1606
f 43 45 13972
f 13490 13489 620
f 13484 9525 6649
f 10565 2578 7757
f 10511 1902 2437
f 9385 933 131
f 5576 2546 4658
f 5252 5666 4743
f 957 1077 11222
f 7324 9442 5745
f 8498 587 7364
f 9302 4874 2111
f 6033 3121 6711
f 3724 1763 10440
f 1405 1345 1380
f 11334 1949 14026
f 2727 2724 2764
f 1798 777 780
f 1618 11343 12604
f 9967 10161 6220
f 4664 5048 4563
f 12795 1966 9335
f 9193 1613 9192
f 10074 8377 8133
f 8694 8693 6833
f 6476 7094 6958
f 2781 1842 6994
f 10111 11920 9011
f 6260 37 670
f 9408 9410 8322
f 9325 8865 9926
f 1547 4597 4353
f 12645 10614 2268
f 8460 8391 8513
f 13052 7550 2511
f 10537 3510 1862
f 2740 4101 9708
f 2689 13780 2683
f 4797 4515 4808
f 8558 6378 6492
f 8462 2987 8461
f 6442 4433 4453
f 8391 8392 12142
f 10709 5991 8714
f 2060 13500 13594
f 13426 11496 2101
f 3451 12142 12013
f 8466 8465 9633
f 12274 1363 12293
f 8985 11603 2734
f 12853 12458 5538
f 12844 10603 10604
f 7840 11041 4327
f 6275 12892 5735
f 6844 7041 6969
f 7173 7044 6974
f 8002 2028 10729
f 2234 2479 2235
f 2121 790 3714
f 348 14117 5950
f 8593 8553 8592
f 6584 6684 6534
f 13792 10121 10263
f 11905 3219 6391
f 8349 8347 8394
f 8634 9628 9647
f 230 271 9138
f 9639 11041 7210
f 9344 11096 9255
f 356 1063 416
f 5128 5062 5126
f 7472 7473 13729
f 514 416 412
f 9467 4940 8858
f 9080 10630 7914
f 7281 8815 8814
f 12993 2797 13626
f 3434 8934 635
f 2046 1914 2044
f 2177 6428 11393
f 8576 9934 8687
f 10280 10283 10153
f 5457 6929 678
f 13636 2438 13975
f 3929 3589 2190
f 1444 1510 1445
f 2318 5247 2325
f 4536 9533 8820
f 12436 7961 9573
f 2148 2070 14249
f 13543 12654 13696
f 9996 10809 10052
f 12160 4815 9383
f 6326 4886 6325
f 8812 8814 12444
f 4894 4792 6526
f 10687 13520 9616
f 8733 6943 3782
f 9125 11010 9268
f 2669 9306 3116
f 12648 6952 13849
f 10601 10636 10665
f 8627 8623 8753
f 6356 7849 14280
f 8301 2049 8300
f 2214 12535 10686
f 2408 84 8815
f 1941 3285 11653
f 8985 12222 11603
f 11054 2669 11102
f 8687 8612 10768
f 1073 1278 111
f 12353 3221 5778
f 9633 8549 8662
f 8360 8922 9913
f 13433 13217 13210
f 1371 8357 2691
f 8306 8476 8307
f 6734 6732 6837
f 10748 9587 9711
f 7581 7582 7484
f 10071 2699 10165
f 10534 10591 10566
f 12542 3254 3478
f 5652 5924 5927
f 12968 12744 12965
f 7131 10379 10645
f 8982 8984 8878
f 7814 9857 7813
f 3340 7083 1505
f 13891 13288 13877
f 8606 12556 13597
f 10935 9997 10815
f 6367 6364 9816
f 8038 8792 8040
f 13052 8558 6492
f 12474 8511 8457
f 5770 5885 8361
f 11999 7709 6463
f 8387 11201 6377
f 14070 669 1451
f 5213 5214 5170
f 4800 4804 4806
f 5991 1087 8714
f 842 2704 13533
f 12976 9537 10677
f 8549 8462 8515
f 8711 8515 8659
f 12121 10201 10213
f 568 3953 567
f 9271 2448 9222
f 6509 5574 6954
f 14131 13241 14016
f 13217 13185 13160
f 9992 8959 9040
f 14040 11412 14039
f 10693 2161 1170
f 8958 8790 8837
f 13966 13532 12983
f 11152 6301 1926
f 12773 12976 10677
f 4074 11041 13850
f 7653 1674 7800
f 2806 5746 3655
f 8394 6527 10264
f 10297 5764 1769
f 8673 8528 8524
f 6491 10709 6534
f 3524 3593 5553
f 8211 12203 872
f 9064 202 174
f 9064 200 229
f 8964 4855 621
f 13498 12843 12787
f 9980 3988 4063
f 363 478 4000
f 523 612 614
f 6999 7076 12338
f 9638 8179 10286
f 9713 8312 4373
f 9761 7391 8440
f 10419 10211 12713
f 378 4788 3235
f 13309 992 1497
f 3929 9687 9068
f 13396 13216 13395
f 9771 9773 9756
f 436 432 756
f 13580 2030 1327
f 8840 10769 4859
f 10268 10341 10271
f 7125 2602 7284
f 7435 13789 7182
f 8200 11252 8776
f 10134 7836 7038
f 11934 9593 12834
f 12695 13098 240
f 599 500 2411
f 6654 9264 6680
f 9273 9227 9319
f 12495 12398 13347
f 5213 13905 11423
f 8627 3466 8568
f 11297 11790 9947
f 6335 6356 14280
f 5910 2819 6786
f 3493 10946 5637
f 13300 6061 13298
f 2901 7357 3315
f 10440 1763 1974
f 10033 770 7998
f 4232 3631 1617
f 68 2554 10142
f 13082 96 13126
f 623 529 622
f 13263 7332 13112
f 9008 13263 13112
f 2422 2121 2423
f 1656 1693 1660
f 9916 6924 1082
f 1054 140 425
f 528 6771 10635
f 8148 2745 8151
f 13964 7194 2913
f 7349 7461 13437
f 11561 2968 2567
f 9344 609 11401
f 1949 11334 2784
f 11289 11705 11706
f 11706 11288 11289
f 7953 8919 8016
f 12161 11815 12163
f 9901 11798 13496
f 4319 10608 6740
f 7032 567 6929
f 8950 8949 8993
f 3107 7550 5940
f 9051 8950 8993
f 2439 2912 4124
f 9217 372 2002
f 6441 6205 3095
f 4645 4684 4647
f 4309 10084 13457
f 13033 7016 7087
f 8546 8545 8658
f 11200 8242 12272
f 4800 4806 4801
f 440 1376 438
f 5822 6939 6837
f 9078 5954 223
f 2579 1348 6806
f 2397 12976 12773
f 7858 1260 4580
f 8457 8387 6377
f 10047 10118 10352
f 8438 7748 10453
f 6720 13574 13866
f 5735 12892 14257
f 13574 4295 13866
f 5991 7778 14151
f 558 2738 2935
f 1291 1433 922
f 12773 8662 8790
f 9883 9884 11646
f 4414 12073 11412
f 8592 8553 8550
f 8401 10732 11153
f 10853 12176 12197
f 1017 6202 14198
f 10558 616 10782
f 8399 8294 8398
f 3878 5624 5623
f 8892 8850 8962
f 13323 536 624
f 5115 61 2762
f 10401 6821 4306
f 6896 7830 12829
f 12998 13289 12141
f 685 3538 6472
f 8081 8340 7990
f 8851 8721 8793
f 3398 4032 7068
f 8298 11153 6249
f 13895 13924 13328
f 560 474 559
f 4582 12511 702
f 3552 4692 5111
f 7843 12679 9039
f 7617 1071 2536
f 11909 13830 13397
f 13397 13622 11909
f 9931 11224 14093
f 3616 9543 3658
f 8676 11393 13201
f 7341 7260 7420
f 1981 6743 5778
f 9850 8996 6678
f 10185 9888 10103
f 10862 8271 9993
f 8696 13121 13278
f 10538 13888 8607
f 1663 1967 8633
f 12832 2490 242
f 11931 6184 10640
f 654 727 655
f 10276 12702 4943
f 11706 10692 11934
f 189 1081 188
f 9483 9373 9367
f 7634 8538 8566
f 11316 5650 11535
f 9526 2699 10071
f 11616 11594 11603
f 5907 5326 11754
f 6427 4299 4891
f 13036 5773 8641
f 498 9910 9909
f 13542 3455 12897
f 3897 3110 2819
f 6625 2650 171
f 3441 8302 836
f 2999 4641 3000
f 13970 11303 2555
f 7497 6442 8507
f 4787 2436 764
f 5806 7319 7321
f 9239 9024 9238
f 13527 13484 3589
f 4479 4422 4421
f 3420 5254 9532
f 9601 10768 1174
f 2190 3589 13484
f 1816 10651 5115
f 10330 4491 5707
f 6569 6682 6780
f 10347 10024 10343
f 1268 2138 13055
f 10046 6595 6529
f 12891 10552 12890
f 4609 1236 4574
f 10839 2806 3813
f 12540 12179 12288
f 10398 2810 3203
f 10384 9180 12891
f 1966 1815 13144
f 13966 1817 9737
f 12594 12593 12672
f 3603 9302 2111
f 9944 8929 7521
f 4930 2871 10302
f 4211 2746 2781
f 1181 928 1521
f 5994 7665 10889
f 223 13569 4626
f 10326 13289 14047
f 2520 2569 7975
f 11068 10715 9654
f 6796 5116 5118
f 1161 8483 14115
f 8581 8511 8510
f 8242 4311 3107
f 5531 5532 10992
f 4684 9705 4647
f 8391 8387 8513
f 7009 1363 635
f 8830 8653 8777
f 1934 9544 2112
f 8558 12475 12474
f 3017 11479 3015
f 5118 10887 10746
f 1218 8110 10845
f 12993 732 1124
f 9469 11367 9292
f 14237 14190 14212
f 326 407 8938
f 8832 8830 8882
f 8834 8832 8949
f 2114 12771 13045
f 8836 8659 8835
f 11686 12976 2397
f 2668 2381 2458
f 9397 9560 12372
f 13541 364 9073
f 8784 8716 8127
f 11804 934 7452
f 8885 8783 8834
f 8655 8545 8584
f 8188 5956 5910
f 1272 1310 1241
f 2397 8790 8958
f 8549 8661 8662
f 10169 12321 7163
f 2578 12146 8847
f 1169 13991 1417
f 9254 9160 9253
f 5536 11811 12482
f 9718 1613 408
f 6636 11839 6493
f 8851 8793 8892
f 9933 631 2593
f 11542 11777 7536
f 4162 1076 5647
f 2964 2891 2930
f 2423 2424 7358
f 3016 2930 3014
f 8613 1495 9303
f 7173 7111 7171
f 8501 13566 1487
f 1635 2526 1911
f 13323 319 13688
f 4222 4267 2716
f 2067 7920 3333
f 3884 3546 7524
f 1553 2484 4849
f 10974 11158 13566
f 440 13372 1376
f 10808 10720 4357
f 2308 1076 8586
f 8844 4567 10450
f 9123 9020 9122
f 10303 13267 6499
f 3219 13973 8449
f 13481 477 13321
f 4908 4884 4990
f 4946 9361 6702
f 8686 8752 8806
f 8752 8686 8611
f 8689 8808 8753
f 7604 4884 4908
f 2084 256 2083
f 1085 1642 1643
f 4306 3052 4268
f 8815 84 4190
f 8623 8627 8568
f 9334 923 13094
f 7001 7002 7476
f 14132 845 9050
f 12524 3063 2531
f 620 912 13490
f 4776 13570 4782
f 7319 4891 3923
f 3633 2478 6224
f 12989 4913 11215
f 1308 2146 1070
f 8246 8111 8187
f 9426 12847 2573
f 4638 10687 7638
f 10225 9144 14235
f 1736 1760 9770
f 6771 5236 12233
f 3729 3738 7570
f 13523 11380 13524
f 13457 10084 10808
f 6387 14202 6381
f 6846 12406 6650
f 312 196 195
f 6823 9502 8323
f 2233 9982 2330
f 5670 10708 9640
f 10977 1571 1499
f 11154 12128 637
f 1388 2581 10795
f 9241 9150 9148
f 5911 5956 3593
f 12549 533 12554
f 7565 6278 5155
f 6796 10746 10694
f 8880 8777 8828
f 8586 8740 2161
f 5665 3013 3012
f 8579 5865 8890
f 12418 399 401
f 4040 4988 4390
f 4628 10887 10936
f 5055 11202 10365
f 11059 11065 11005
f 8510 8511 12474
f 10499 10644 10402
f 12452 8689 8614
f 14007 1064 6355
f 8619 10953 2130
f 12949 12859 12932
f 4824 11516 6247
f 8832 8654 8830
f 8709 1036 8654
f 8994 8885 8950
f 9633 12217 8466
f 11423 13905 13893
f 8931 8932 8933
f 10794 3391 6888
f 11542 7536 5281
f 7181 4686 12857
f 5456 5374 4001
f 11051 11052 11104
f 13068 12859 13069
f 10992 5532 12806
f 9911 6801 12688
f 11338 11917 13685
f 11026 6519 2218
f 10536 5420 4766
f 13497 2797 14100
f 10251 1722 6096
f 2255 13951 2230
f 8105 10287 10107
f 6481 9121 10348
f 11176 8602 9188
f 11777 10097 7536
f 8528 8673 8527
f 6618 3518 3736
f 9004 8964 8963
f 356 416 419
f 719 14075 10254
f 2130 10812 8619
f 10344 7143 3645
f 420 359 358
f 420 358 519
f 4317 4269 4222
f 1453 1588 1454
f 3165 12954 7520
f 10625 5223 4229
f 6339 8188 3339
f 5905 112 7062
f 13768 7855 6162
f 4777 5075 5999
f 10591 11922 10657
f 4229 2199 9591
f 12722 12442 9100
f 5905 3701 2999
f 10963 10961 10327
f 10715 8858 9654
f 10854 10962 13184
f 9654 443 6028
f 3354 10973 5413
f 3337 3336 3355
f 1892 12144 11751
f 10090 1686 3724
f 6547 5059 12098
f 3229 9406 13016
f 2067 2068 2069
f 11397 11470 3852
f 7515 10839 12521
f 1254 3052 3059
f 8557 8530 8598
f 2813 2812 2854
f 2741 4368 5254
f 2137 1976 2136
f 9790 9825 9803
f 10075 9651 6663
f 5724 551 5741
f 808 13662 3701
f 2620 3905 12702
f 4438 7102 4461
f 1288 1610 8704
f 11346 12858 11260
f 2671 2171 2172
f 4556 6811 11163
f 962 13620 12095
f 8708 1954 1953
f 3878 1375 6234
f 9116 8896 8756
f 1184 1011 1291
f 6884 12323 12575
f 13819 2883 12990
f 1562 5787 5789
f 500 511 498
f 2789 2883 2944
f 1624 1623 7530
f 10005 8935 2748
f 11603 8685 11616
f 7033 3927 4001
f 2223 4850 8006
f 13457 4357 9037
f 3953 568 566
f 12064 13076 2048
f 1538 2357 4483
f 9605 9562 9586
f 7144 7004 7079
f 10522 12212 7717
f 13980 2117 5298
f 12969 12983 12754
f 8685 8611 11616
f 8972 8968 9027
f 8611 8566 8537
f 7154 7089 7087
f 8480 3466 8628
f 8696 8486 13059
f 3923 4891 4890
f 1896 1803 1940
f 10381 21 10382
f 4075 4074 4814
f 6958 7023 6960
f 9889 4605 13715
f 8328 8040 8792
f 2080 7224 6415
f 4615 7648 8507
f 7721 8489 2731
f 4750 6025 7242
f 10216 13119 11601
f 6981 6979 7114
f 4999 13813 4193
f 8955 2990 9640
f 3499 4712 8196
f 5009 6979 11892
f 12081 11963 12079
f 13924 1517 492
f 13851 13263 9140
f 6794 6796 10689
f 6821 5885 4306
f 6896 2569 12705
f 13557 10553 13509
f 8361 10762 3219
f 10822 10964 10936
f 7588 7515 7498
f 8830 8777 8880
f 12165 11086 11177
f 785 4722 5757
f 4347 4317 4344
f 10799 10710 11955
f 2593 631 7638
f 8654 8653 8830
f 13029 6385 13050
f 2264 527 1602
f 10656 10627 10791
f 8545 8513 8584
f 2308 5605 2259
f 410 476 411
f 5788 5787 14106
f 8655 8584 8709
f 9205 9254 9258
f 9209 9211 9164
f 2724 6201 2722
f 4548 3493 9986
f 351 4770 4092
f 6368 5574 6509
f 10326 2569 12941
f 11074 10924 10940
f 2799 2722 2847
f 8322 9410 12523
f 11590 4779 3418
f 347 349 304
f 12896 7289 3299
f 8669 14151 7778
f 8661 8790 8662
f 12954 3165 12749
f 8661 8549 8711
f 8392 8461 2987
f 10250 5809 7931
f 13779 8983 9195
f 4722 3572 5757
f 6161 13130 12366
f 1912 11634 2221
f 6051 2560 10629
f 13546 13508 13167
f 4366 1621 2215
f 13598 8203 11022
f 4339 1384 1433
f 8282 11426 11477
f 11374 11235 11372
f 8468 8354 8520
f 11818 10076 12378
f 629 6514 922
f 8721 8672 8793
f 10206 6725 10892
f 8722 8721 8854
f 13673 13834 11046
f 2562 446 97
f 3774 10619 12092
f 13749 13747 8887
f 11341 2163 2283
f 10351 3868 525
f 12601 685 6472
f 8819 14247 7756
f 8102 6174 13222
f 12056 12356 2633
f 7481 1842 10998
f 2125 1204 1962
f 14031 13938 13936
f 9946 2966 5006
f 14023 2289 8698
f 11332 1235 12150
f 10481 13892 13608
f 6494 6392 7224
f 6290 4334 2745
f 11409 8474 2870
f 3589 3929 8541
f 10273 9732 4777
f 10702 10636 10663
f 13098 12695 13604
f 1191 2066 5268
f 13875 13876 10248
f 10075 3511 3509
f 3973 863 920
f 9192 1720 2445
f 11484 11841 11592
f 1386 1412 1459
f 8822 13041 14092
f 9428 2600 2573
f 7669 10075 3509
f 11540 11311 8968
f 4180 1065 7823
f 11759 696 11757
f 13634 9212 13596
f 703 215 701
f 13133 13132 14059
f 11466 3548 2516
f 2396 11428 90
f 9658 9620 9627
f 8804 8752 12222
f 14189 8539 7634
f 9373 9374 9322
f 8814 9030 7281
f 3132 12316 11916
f 822 13731 1223
f 8753 8623 8689
f 8810 8872 8972
f 13033 12363 8683
f 4024 3950 3989
f 4429 14283 9371
f 1362 10002 897
f 6292 2165 2168
f 6180 13527 11422
f 13395 13360 13396
f 1777 3578 226
f 13114 13360 13440
f 7334 7344 6556
f 14168 13809 3681
f 9150 9283 9242
f 11771 11977 11980
f 12225 8883 8384
f 7023 6958 7094
f 6745 6700 6740
f 8511 8581 1036
f 8982 8878 8978
f 12363 8033 8860
f 5037 5324 4748
f 5393 8869 4841
f 10440 9601 3724
f 4999 4774 4554
f 10216 9332 9386
f 8945 8826 8943
f 8777 8705 8828
f 11032 12136 12549
f 9097 9048 8991
f 9094 9196 9096
f 9037 8776 4307
f 8947 8830 8880
f 8882 8830 8947
f 9740 6121 6657
f 8654 8581 8653
f 2936 11038 1717
f 8949 8832 8882
f 4674 2489 6953
f 2472 2445 12304
f 8455 1640 1872
f 9708 4101 3916
f 2079 9326 11590
f 8783 8709 8834
f 14007 14006 10381
f 8885 8834 8950
f 8954 8836 8953
f 9101 9209 9102
f 4357 10720 10707
f 6201 2704 2722
f 12230 5872 13267
f 10703 10696 10705
f 11686 9536 12976
f 10609 8648 9488
f 13189 13165 13505
f 7739 13383 13305
f 6276 6668 6555
f 9619 5620 2899
f 5931 7778 5932
f 8877 7253 8124
f 8343 2899 2987
f 13542 3380 3455
f 10030 6856 4989
f 2091 2166 4722
f 6882 7734 7433
f 6386 4971 6384
f 2633 442 12056
f 6650 512 607
f 9930 6391 10762
f 4908 4990 12431
f 7368 5070 11410
f 2046 12458 1914
f 8553 8394 10264
f 8593 8468 8520
f 614 524 523
f 2799 2921 2848
f 8496 7718 5395
f 2620 7321 3905
f 11955 5598 10783
f 5792 6338 3880
f 7385 7387 7138
f 12868 8326 12866
f 57 23 9717
f 8580 324 8999
f 884 768 882
f 6827 10819 7200
f 5612 8634 8641
f 12215 3877 12908
f 2087 2524 5196
f 13594 6916 10838
f 9026 11010 11311
f 599 600 3782
f 1834 5871 5867
f 12990 13644 1734
f 11047 857 12956
f 4570 4853 4271
f 11438 84 90
f 2999 3000 5905
f 9514 6285 12247
f 7064 8212 4849
f 11570 12022 11084
f 4594 10160 10908
f 2005 327 5775
f 8847 9503 8845
f 4214 11195 12366
f 5936 14178 11212
f 14135 5527 11533
f 10417 11120 11887
f 14281 5843 14282
f 410 266 354
f 566 3834 3953
f 4589 7034 6967
f 6403 8018 7873
f 13394 14101 5378
f 5607 10697 10699
f 12030 11851 11940
f 8665 14143 4214
f 9539 10648 6662
f 6694 6792 4136
f 377 375 435
f 12927 12906 5553
f 12918 13791 13948
f 11828 213 12636
f 2330 9982 8701
f 11554 11865 8048
f 4293 4297 4238
f 447 6173 2108
f 2754 2718 2787
f 6516 6856 10030
f 863 4001 3927
f 4886 4779 12646
f 5373 6794 10689
f 6938 4162 5665
f 13817 1312 1628
f 9241 9190 9240
f 8888 10183 2330
f 9550 11474 5256
f 1433 1291 4339
f 1384 4339 1585
f 13813 4285 5373
f 9043 8939 8937
f 5865 12475 2990
f 4887 10856 10852
f 9045 9096 9047
f 14172 1434 2478
f 1952 1522 1369
f 8992 8882 8947
f 8937 8984 9090
f 13301 13869 13302
f 8651 8777 8653
f 6742 660 1958
f 3219 8449 8361
f 13289 12941 12829
f 8659 8658 8835
f 8953 8885 8994
f 8705 8890 8703
f 14043 5378 11530
f 1271 12925 10632
f 10500 11448 7395
f 8200 4032 8264
f 7496 14250 7395
f 2050 1945 9285
f 10503 10472 10540
f 372 2234 2235
f 11905 5811 2098
f 9711 135 7468
f 12231 4537 12328
f 10782 8893 10558
f 6614 9909 11614
f 6491 7704 5932
f 7778 6491 5932
f 11184 2292 6644
f 357 271 230
f 8566 8538 8537
f 12022 11750 12122
f 52 9986 5637
f 7278 9003 6341
f 1895 1858 1939
f 11746 3537 2212
f 1223 2723 822
f 6297 9259 11125
f 2746 6539 8195
f 7491 7580 7424
f 3299 12468 9000
f 13280 8813 119
f 5746 5745 9442
f 4619 10946 3493
f 7103 7029 7099
f 7899 7904 7851
f 7559 13691 1974
f 7261 7341 7424
f 13651 13649 13855
f 3121 6033 5574
f 13950 14036 13576
f 11342 12842 11837
f 4938 1998 7955
f 10943 7509 7498
f 14230 12651 12586
f 12294 12295 11225
f 9083 707 13065
f 8537 12648 12124
f 8872 12452 11793
f 8614 8807 12452
f 4398 4374 4694
f 11321 7745 4387
f 6895 6499 5872
f 7750 12043 7656
f 10264 6527 10406
f 12664 12651 12698
f 7463 6079 9337
f 2228 12 5474
f 5801 8341 5802
f 4064 10783 9980
f 12721 12516 12515
f 3167 1534 10462
f 2752 3363 11080
f 1484 8358 8198
f 8945 8828 8774
f 9148 9150 9090
f 9041 8930 8977
f 916 913 955
f 3113 940 1582
f 12682 12970 12681
f 12632 12827 12633
f 1335 13957 14009
f 2240 2241 1298
f 9240 9190 9237
f 9242 9090 9150
f 2883 13076 12990
f 9473 9366 9319
f 5575 5572 4835
f 4063 3988 5642
f 11420 11478 10324
f 5549 9904 10098
f 9503 8847 12146
f 10936 9829 4628
f 4928 4669 4416
f 13967 13611 13954
f 6620 3610 5694
f 8824 8937 8825
f 4182 5366 5560
f 9982 4628 9979
f 879 1237 13100
f 9045 8945 8943
f 6402 13512 12158
f 10583 1909 3717
f 12885 5707 9068
f 8995 6708 18
f 9097 9047 9156
f 2081 662 234
f 2107 13108 12432
f 9044 7447 12166
f 8446 7636 8796
f 8991 8989 9047
f 9156 9047 9096
f 6618 12415 8366
f 8258 10408 1388
f 8991 8880 8989
f 2907 2986 3084
f 2758 10969 2721
f 8783 8655 8709
f 8994 8950 9051
f 9052 8953 8994
f 8992 9048 9159
f 2704 626 2763
f 9211 2844 2793
f 10517 2454 13109
f 12459 12385 12416
f 12849 12869 2186
f 10236 13408 370
f 3899 3897 2819
f 10130 9988 10124
f 2609 8155 8154
f 7819 7328 9058
f 9145 1200 7135
f 6301 1922 2214
f 2197 2168 2165
f 2915 764 2436
f 8076 8013 8011
f 9245 4185 9225
f 9542 7928 6590
f 1452 8708 270
f 6308 8458 9683
f 9306 2669 11054
f 10097 6684 7536
f 5911 3593 2401
f 8662 10466 9633
f 8669 7778 5931
f 13582 1793 5851
f 1092 1090 379
f 2221 3717 1909
f 13250 8547 5778
f 13312 13222 10725
f 13249 13426 13401
f 5806 6210 7319
f 2310 2502 2315
f 687 502 1146
f 6926 6809 7744
f 4019 10482 9260
f 3913 13728 7443
f 3441 836 11321
f 4510 2211 2508
f 8780 329 14191
f 8234 11420 3725
f 3412 6439 3413
f 3840 3804 3802
f 12930 12883 6229
f 12587 8110 12595
f 13153 13124 11498
f 10993 2666 1501
f 11573 13798 11652
f 4136 6009 6788
f 7354 4064 12901
f 12099 11000 9990
f 12784 3890 10189
f 10652 13959 371
f 2513 3025 6119
f 9703 4685 9705
f 13575 14087 12210
f 9222 617 4646
f 8700 6305 8845
f 3786 4094 9594
f 10124 8037 10779
f 3923 7321 7319
f 4807 5669 10922
f 5315 2985 13674
f 14050 12951 6843
f 6931 619 4851
f 4701 11972 778
f 2408 7281 2524
f 8729 1785 1784
f 4328 6995 12215
f 6167 9557 9558
f 10065 9927 10064
f 6943 12401 8743
f 4084 4851 7549
f 4274 9029 9178
f 12716 7352 13893
f 5079 7161 13973
f 490 14029 13686
f 11418 7006 13362
f 10153 10082 10077
f 689 666 583
f 1850 7333 7331
f 2424 7565 2427
f 1645 1603 1707
f 9181 10596 9275
f 11440 5668 574
f 10159 4980 4997
f 9247 9154 9244
f 1667 13253 993
f 6147 12016 2753
f 9336 12656 9338
f 9185 4248 9181
f 8699 10687 8870
f 4549 6882 12476
f 10936 10964 11306
f 753 631 9933
f 9235 9185 9278
f 14005 5589 2632
f 9829 8824 9979
f 13819 5456 5409
f 9090 9043 8937
f 9045 8943 9094
f 12012 10226 10227
f 9203 9097 9156
f 9246 3795 6985
f 11659 11858 11491
f 8991 9047 9097
f 8880 8828 8989
f 12584 2469 10555
f 9099 8993 9049
f 9051 8993 9099
f 5912 10107 8274
f 6008 9538 10054
f 2422 2122 2121
f 9101 8994 9051
f 12702 3905 4944
f 12762 12729 12758
f 11159 11162 2721
f 4824 3380 4899
f 2079 2789 4321
f 8742 13039 13072
f 7395 11448 5302
f 14001 8380 6521
f 10603 12844 14288
f 14174 11468 10841
f 6042 392 10968
f 5034 1353 3668
f 2809 6371 7257
f 9585 12163 9625
f 418 12709 14226
f 4934 13209 9733
f 14020 14021 13931
f 12741 12739 12822
f 13759 350 3597
f 12875 3465 3600
f 8793 8672 8720
f 11117 12116 131
f 4024 3989 4076
f 10331 6226 5761
f 9856 10008 9786
f 4190 3466 12444
f 1970 1895 1939
f 7666 13305 7417
f 4943 4942 5075
f 5999 4658 4777
f 13109 2454 3583
f 1847 13831 13121
f 9020 9123 9026
f 9268 9227 9125
f 2507 2399 144
f 6470 7713 8276
f 9129 9027 9125
f 6914 6643 6050
f 2734 558 1957
f 1721 2739 2777
f 9286 8742 10517
f 7780 8053 6871
f 1029 1953 1031
f 1805 1779 1751
f 706 707 14029
f 6514 13554 1184
f 7013 14087 7008
f 8708 1452 8889
f 565 9228 228
f 935 8874 9110
f 11321 8207 7745
f 2450 2448 9217
f 13535 2936 13057
f 14050 7258 11743
f 9605 9424 9562
f 1328 1253 1290
f 12047 1946 12012
f 8973 9029 4274
f 5533 6528 3426
f 6039 6019 8908
f 7358 2422 2423
f 1458 10777 5851
f 629 922 1844
f 6539 1177 562
f 12967 12878 12971
f 12218 13249 13401
f 3095 3446 6441
f 10642 10637 10703
f 13997 6315 13240
f 10854 10304 10853
f 9386 12715 13119
f 12943 12917 12942
f 13784 10858 10912
f 8866 8262 6696
f 2804 3760 2005
f 3551 3750 11143
f 7658 8285 7538
f 7309 7544 6223
f 7043 7171 7111
f 10955 9033 10954
f 6321 6270 8372
f 1964 5009 4907
f 11094 11091 1587
f 1832 2723 409
f 9041 8977 9084
f 8955 10183 8888
f 1110 10821 1336
f 10822 11103 9158
f 8986 8939 9043
f 2750 4676 4468
f 3208 14254 4280
f 8939 8825 8937
f 6492 7550 13052
f 11052 11113 11104
f 9096 9045 9094
f 11931 475 6725
f 9048 8947 8991
f 1260 800 1612
f 8989 8945 9045
f 9560 14060 12248
f 3084 3034 2946
f 9098 9048 9097
f 21 2117 10758
f 8947 8880 8991
f 2757 2756 2837
f 3096 32 3211
f 11679 8309 9414
f 7880 9575 7948
f 2292 4461 6644
f 8993 8949 9049
f 9159 9253 9160
f 9162 9051 9099
f 5345 5269 5323
f 9208 9209 9162
f 5663 3758 6232
f 2842 6669 2841
f 1998 950 1682
f 5269 5345 5306
f 3001 2919 2998
f 2955 2887 2919
f 9683 1490 6308
f 4646 617 13039
f 10555 11096 7088
f 1628 1789 9720
f 1968 4528 8573
f 12274 12293 4926
f 2883 4209 2944
f 2956 2848 2921
f 8086 7746 6343
f 3200 1436 900
f 6799 9700 4916
f 2624 1600 6155
f 9351 9352 7953
f 3916 3915 9617
f 14218 13945 14216
f 13591 11877 10868
f 12763 12700 12729
f 3736 3518 3356
f 10025 12885 9687
f 10696 5685 8827
f 8687 1056 8740
f 11478 8234 7566
f 1056 13691 1170
f 4718 7204 13028
f 5501 5466 5463
f 5265 11429 11922
f 875 874 4149
f 8384 7748 12225
f 13831 1847 2309
f 4943 12702 4944
f 1793 13582 540
f 4776 5612 5773
f 13298 13831 2154
f 2944 12800 7562
f 8946 13576 14036
f 1493 9286 13109
f 3592 4686 7181
f 13956 3214 10663
f 7662 7663 12172
f 5806 7321 2620
f 9142 11403 9810
f 5150 5148 5434
f 6079 6104 8569
f 6259 7605 7604
f 2359 110 2360
f 10572 10545 10601
f 2088 1980 2332
f 9317 9361 9318
f 1374 1341 1373
f 8985 2411 6614
f 12899 12944 12900
f 8968 8872 11793
f 11600 11674 11853
f 6614 2411 9909
f 8208 8207 4284
f 3782 747 599
f 13593 629 13596
f 8973 8975 8810
f 3527 3530 4131
f 619 6931 12511
f 4259 4405 3756
f 12903 12821 12852
f 1958 6975 6742
f 8872 8968 8972
f 4720 4445 5151
f 12310 14183 12675
f 4325 13679 10624
f 7593 7591 7592
f 4795 4075 4444
f 376 10645 534
f 11049 6895 5872
f 10607 135 9587
f 9037 8200 8776
f 11953 12038 12101
f 10998 11883 12945
f 2234 8458 6308
f 6495 6170 6314
f 8821 6747 6244
f 7315 7150 7229
f 1683 1399 1718
f 7556 286 5776
f 8254 4868 2390
f 11279 2313 2311
f 9085 9041 9147
f 10698 1799 10742
f 2601 10811 112
f 7939 6321 8372
f 7604 4908 14114
f 1254 8390 13429
f 1932 10697 5606
f 7202 7203 6581
f 10694 2330 10183
f 9041 9084 9147
f 9190 9085 9147
f 5908 12927 5553
f 9187 9141 9235
f 1798 10742 1799
f 991 1633 7175
f 8182 9536 11686
f 9904 7851 10098
f 7856 6922 1838
f 8982 9148 9090
f 13113 12176 13739
f 6652 13769 11441
f 12985 11843 11840
f 1759 13733 13734
f 13054 10778 13932
f 11485 11475 2047
f 5856 10716 4604
f 9094 8986 9154
f 5925 510 8737
f 11088 6242 11090
f 9197 9096 9196
f 2758 2788 2760
f 9196 9284 9197
f 9047 8989 9045
f 6262 10408 8258
f 1585 8682 3636
f 2906 9669 3381
f 4913 12603 12083
f 9289 9098 9203
f 1954 13949 1031
f 13555 13593 9212
f 13949 6056 1031
f 9156 9250 9203
f 2757 2788 2758
f 14164 5489 11048
f 7325 4130 9108
f 9099 9049 9160
f 12476 6882 12239
f 52 12521 13930
f 6669 2790 2841
f 9101 9051 9162
f 9159 9048 9098
f 11237 11307 11236
f 9926 9457 8330
f 8702 8575 11986
f 2605 2606 2568
f 6888 3391 7850
f 3911 2152 3519
f 10390 7449 4896
f 5254 4373 8312
f 2837 2756 2836
f 9925 13278 6061
f 1180 1141 3205
f 10000 866 10567
f 4491 7000 14015
f 7065 10164 10163
f 1862 3510 7370
f 5456 13819 4714
f 4388 4433 4435
f 3729 5059 3738
f 5913 8281 3527
f 7113 13154 1343
f 1053 11571 11567
f 13058 8453 12909
f 3081 3298 2864
f 3247 4387 7745
f 9605 9621 11875
f 7022 6954 7018
f 11771 11980 1691
f 4632 13467 5748
f 2726 2479 2477
f 2106 845 613
f 13004 12920 10756
f 7320 6792 6694
f 8225 8227 8055
f 3776 661 662
f 2622 1420 742
f 6793 2324 12764
f 10582 5639 5602
f 9724 9692 9738
f 13576 8946 6057
f 8665 613 14132
f 1097 10564 12461
f 9953 2869 3157
f 10669 11180 10739
f 7417 9533 7666
f 10254 12905 719
f 9868 1089 9824
f 6331 8620 14025
f 11140 6762 3116
f 4306 4276 10401
f 5374 12251 7033
f 9282 9283 9241
f 9117 5565 10939
f 4880 10030 4881
f 2537 2040 2898
f 8200 9037 7068
f 2936 13535 13294
f 2079 11590 2048
f 7939 7647 8868
f 14093 11224 2263
f 7643 8372 6270
f 9089 13257 6722
f 3839 3813 2806
f 13908 4886 6144
f 307 11220 2311
f 9190 9147 9237
f 13769 12656 11441
f 1778 11261 1102
f 11625 10727 10726
f 9931 4105 9849
f 7603 10889 3116
f 1908 2346 1183
f 9826 10047 9971
f 11731 13106 11726
f 8604 12860 12913
f 12624 13677 12036
f 4955 801 9306
f 7024 6960 7023
f 4821 4661 4512
f 6247 7354 12901
f 13769 5509 12656
f 11413 10242 9518
f 13594 13500 12049
f 3910 12497 3911
f 2832 2785 2830
f 1175 8295 6699
f 6837 6732 6836
f 13677 12624 7274
f 5049 8426 2500
f 9333 9240 9332
f 8890 8705 8579
f 9236 9235 9279
f 6500 12755 9110
f 9196 9094 9154
f 9244 9341 9247
f 9156 9096 9197
f 9251 9203 9250
f 13040 13024 5682
f 3090 2993 3089
f 2757 11162 2756
f 4321 5640 9326
f 2721 2757 2758
f 4609 4645 4647
f 9205 9099 9160
f 12656 9341 9338
f 6669 2842 9211
f 1777 4097 3578
f 9209 9101 9162
f 12391 10698 10742
f 3233 975 3230
f 8265 6222 6254
f 4070 4019 4141
f 9617 9708 3916
f 8361 8449 5770
f 13674 3099 5315
f 4309 8278 920
f 6852 8642 5784
f 2437 1902 13975
f 14280 8076 14278
f 2066 1896 5268
f 4274 9030 8973
f 13766 10516 7129
f 9942 12488 528
f 9956 9960 10072
f 12158 14141 844
f 307 12136 11032
f 11232 10807 4925
f 9838 11899 11577
f 3766 7859 11564
f 8910 8804 11614
f 9074 9132 9075
f 10064 9984 10133
f 9227 9129 9125
f 2050 7401 1945
f 9424 9367 9422
f 5863 14043 4280
f 12146 10152 9503
f 11614 9909 11741
f 9171 9268 11010
f 1291 1705 4339
f 7146 10896 4796
f 10835 10772 10567
f 10515 3851 6020
f 1546 348 242
f 6902 11122 5420
f 4739 1507 2937
f 5746 9442 3655
f 899 3732 423
f 12998 14047 13289
f 8820 7756 14247
f 6711 1093 8033
f 9038 10954 9033
f 2002 1504 1505
f 9190 9148 9085
f 10180 10136 10053
f 9242 9283 9244
f 11594 12124 11772
f 10608 13169 6740
f 13973 3219 11905
f 3915 3757 9617
f 6321 6322 6270
f 10694 10746 2233
f 4955 10955 11028
f 9332 9240 9237
f 3665 9442 3824
f 8045 8901 7906
f 9336 9338 9282
f 9196 9154 9247
f 9288 9197 9284
f 9250 9156 9197
f 1628 6038 13817
f 7757 6183 2962
f 9250 9197 9288
f 8839 7304 14224
f 11264 11336 11166
f 1275 1242 1311
f 6886 3173 4770
f 9271 9683 8458
f 3035 2947 2946
f 3084 3127 3034
f 12646 12637 6325
f 469 2518 7295
f 9547 654 2185
f 2907 2905 2986
f 2947 2880 2908
f 9208 9162 9205
f 11000 8284 4695
f 4088 14049 12362
f 9211 2793 9164
f 9595 2796 2761
f 3665 3824 7075
f 5042 10720 6955
f 7887 7792 7977
f 4411 12251 9617
f 8452 9301 8717
f 12740 6387 12716
f 1552 1551 10559
f 1807 2935 2015
f 2166 818 690
f 10458 2577 2597
f 9363 9171 9318
f 9029 8810 8972
f 5908 3978 9223
f 6952 11740 13849
f 4095 2577 6573
f 7220 8175 3604
f 5322 5213 5302
f 4387 3247 12293
f 11198 6220 10161
f 13529 13542 12897
f 3213 13071 7339
f 9570 9603 9571
f 13670 10657 11922
f 8207 11321 836
f 8568 3466 8480
f 253 186 252
f 8614 8566 8686
f 3104 3506 1978
f 9605 12926 9481
f 8911 9026 11540
f 1487 11158 10344
f 13711 9986 52
f 11989 3016 3058
f 9171 11010 9123
f 9603 9618 9627
f 2153 8845 6305
f 10060 9115 488
f 2093 3139 7129
f 13578 5943 13656
f 603 9596 796
f 10806 10502 11664
f 1711 1337 1339
f 11322 13411 13391
f 9141 4248 9185
f 8059 8057 8151
f 9236 9187 9235
f 10921 573 10688
f 5668 11028 10688
f 7010 3478 4351
f 10458 2597 12098
f 11904 11742 12605
f 1777 5141 3393
f 4268 4276 4306
f 9338 9283 9282
f 8019 11459 10761
f 3813 3839 7432
f 13748 8822 14092
f 9332 9236 9279
f 9081 9038 9141
f 7538 7553 7546
f 9237 9236 9332
f 8550 8669 5931
f 9241 9148 9190
f 3677 12431 3050
f 2701 11267 11312
f 9284 9196 9247
f 13263 9008 9140
f 4306 5885 3052
f 6937 6888 6444
f 3191 3188 3158
f 6318 2347 5242
f 5509 5510 11312
f 9718 4787 983
f 7722 6620 11466
f 6915 13594 12049
f 9347 9250 9288
f 9345 9347 11267
f 3040 2949 2993
f 7851 7904 1724
f 6377 11200 12272
f 7433 7734 13930
f 9297 9251 11159
f 7735 1835 1836
f 9382 11501 10184
f 9097 9203 9098
f 12121 5248 5197
f 2784 11334 404
f 8757 9379 8747
f 1119 6357 7974
f 2510 4440 2511
f 8752 8804 8806
f 7126 7287 7191
f 2683 6831 5018
f 12754 12983 2383
f 2404 2412 2008
f 10823 10790 10888
f 5425 5401 915
f 11389 99 10165
f 2348 6048 9135
f 4771 2797 12993
f 3331 6262 10232
f 12865 10037 10849
f 9559 9558 9574
f 10021 5473 12297
f 9574 9578 9559
f 2516 3247 3634
f 6511 3701 5905
f 10811 6949 3708
f 10511 3137 13130
f 9322 9234 9321
f 8568 8477 8540
f 11252 8264 10762
f 9178 9075 9234
f 3761 1891 2291
f 8278 2689 13260
f 4411 3757 3758
f 1896 2066 1971
f 9121 6481 6480
f 12787 12843 2
f 13975 13638 13335
f 9236 9147 9187
f 2978 2832 2941
f 11423 7352 7395
f 14203 4451 4229
f 2719 5510 2718
f 52 7515 12521
f 12112 3403 3398
f 3665 7075 4525
f 9185 9181 9276
f 9282 9333 9336
f 408 9552 1832
f 11440 980 1182
f 2718 2717 2787
f 9791 1711 9812
f 9082 4798 4799
f 5082 5756 6117
f 12604 207 2869
f 9343 11312 11267
f 10687 9616 7638
f 11267 2701 9345
f 9345 11159 9347
f 9284 9247 9343
f 8382 4209 3973
f 1326 1289 1358
f 8533 8531 9914
f 9740 6657 6840
f 9183 8080 6454
f 9855 9853 6714
f 6342 6901 2613
f 10253 6437 13792
f 11793 8871 11540
f 7822 9796 9818
f 6930 9699 6932
f 3340 1504 9219
f 4423 4424 7454
f 113 7854 10972
f 3651 224 8416
f 13114 13440 13479
f 757 13284 12117
f 13041 8822 9089
f 3442 6502 3441
f 1580 10896 6502
f 9660 10615 9629
f 7146 4136 6792
f 11754 5495 5602
f 11883 10998 8241
f 6944 2087 11910
f 5311 10437 4521
f 4702 6065 6172
f 9584 9579 9623
f 12557 11818 11428
f 8637 8761 8762
f 90 11803 11438
f 7781 7682 7874
f 4641 2999 2494
f 12300 5969 5624
f 12195 1258 1402
f 13040 6283 9131
f 58 12623 12626
f 1675 13895 13891
f 13971 13597 10419
f 14014 2699 9526
f 4344 6637 3832
f 3322 7101 2725
f 4276 2514 9257
f 8405 7765 12058
f 7377 13828 7378
f 9405 10602 9495
f 1844 922 1433
f 9669 13568 13436
f 10452 4596 10827
f 1029 1031 14144
f 3027 4099 3069
f 8626 2389 6188
f 2769 2733 2732
f 7603 6533 1177
f 13119 2694 2695
f 10674 4054 4133
f 9282 9241 9240
f 6722 13041 9089
f 8977 8930 5539
f 12442 1492 9100
f 2098 13973 11905
f 8889 12751 12483
f 9187 9081 9141
f 2902 2977 2941
f 9282 9240 9333
f 9288 9284 11267
f 8064 2255 813
f 388 499 451
f 4685 4647 9705
f 9343 9341 5509
f 1343 13154 1254
f 12949 12953 12825
f 11252 8361 6821
f 14010 13727 13234
f 11712 11583 11526
f 4105 3532 4103
f 10771 10768 8612
f 9349 7612 8370
f 6901 1115 1106
f 5700 5720 5701
f 9382 898 11501
f 2295 11820 2304
f 4404 4083 13394
f 1562 277 5787
f 6194 2938 2976
f 6495 9359 13237
f 4936 485 484
f 12159 11468 14174
f 7142 7144 7079
f 3856 6337 10984
f 6878 6781 7100
f 2872 9720 2071
f 1940 1895 1970
f 14197 6183 8847
f 13361 13443 13301
f 5576 2461 13583
f 13401 13054 12218
f 9122 9226 9123
f 485 14075 484
f 9125 9027 11311
f 10758 540 21
f 9473 9363 9421
f 3548 3771 4926
f 2196 11245 1955
f 9169 14136 14016
f 8623 8540 14189
f 9421 9528 9473
f 6943 747 3782
f 11981 5500 4863
f 4064 7354 10783
f 9924 2022 2094
f 2396 90 2408
f 11132 8543 670
f 9252 14263 14206
f 9561 9475 9530
f 12572 12299 12359
f 10240 10083 10317
f 5196 2524 7281
f 9658 9627 977
f 8564 6249 8559
f 2073 8600 13606
f 7564 3659 4819
f 2454 10691 13073
f 875 4150 1825
f 7975 8277 2514
f 6611 7759 12199
f 11162 11159 9345
f 14276 7073 2358
f 1623 2642 2548
f 8794 5947 8741
f 5949 9448 4837
f 1750 1749 4916
f 8928 6795 10035
f 11953 11668 11982
f 7638 631 12914
f 454 455 453
f 9661 8151 8057
f 9944 7521 9946
f 4936 4937 14100
f 4798 4631 4961
f 10723 1224 13961
f 14132 613 845
f 2849 4735 13699
f 8788 8961 9548
f 2283 2263 3424
f 10891 11688 11141
f 9816 6364 8000
f 4309 13457 4307
f 12407 9588 3125
f 4755 10678 6365
f 6526 8146 5761
f 7044 6976 6975
f 7372 4957 4956
f 12906 12927 727
f 1941 7130 2655
f 301 875 303
f 9774 963 9799
f 9030 5196 7281
f 10213 5248 12121
f 108 5219 5307
f 9363 9319 9268
f 2564 7320 11228
f 9561 9586 9562
f 3774 12092 5210
f 2524 2087 5767
f 14175 4752 3934
f 11100 6178 7381
f 14086 6240 9073
f 1246 14118 473
f 12926 7320 9481
f 6197 4312 8668
f 5685 10696 10703
f 3315 7833 11537
f 7852 1440 8805
f 10043 10148 10013
f 9734 9818 9796
f 5690 4773 6246
f 10920 10570 2333
f 10482 4019 3986
f 9980 10783 9739
f 13553 3301 13543
f 10063 7952 10740
f 10157 10290 10210
f 13156 484 719
f 6822 4159 6048
f 1953 276 270
f 2545 10976 2379
f 2814 9851 9955
f 2202 6912 1735
f 9735 9709 2970
f 13463 13268 13360
f 599 747 500
f 9567 9528 9527
f 12031 11866 11346
f 13231 6745 1223
f 9472 9527 9421
f 6831 7975 2569
f 9322 8409 9178
f 10201 12121 3771
f 9530 9473 9528
f 9584 9567 9579
f 9178 9234 9322
f 9621 9605 9586
f 1619 1491 11250
f 1337 2838 3922
f 13373 13339 13684
f 9027 9074 8972
f 8796 7636 6776
f 12775 12673 12591
f 11311 11540 9026
f 10476 1802 8133
f 6944 6055 5767
f 8033 1093 8860
f 3393 5141 6961
f 9557 6167 12908
f 9268 9171 9363
f 1871 670 8467
f 12350 12592 577
f 4268 3052 13429
f 13019 8146 6526
f 9225 2709 11635
f 6955 10720 10808
f 9127 2432 6538
f 4511 4512 4346
f 2916 10608 4312
f 7378 13933 5968
f 13169 10608 2915
f 10030 4880 7868
f 8946 14224 4108
f 5268 1896 1940
f 10141 9371 10832
f 3189 395 394
f 1401 1444 1373
f 10520 6283 13040
f 2480 8155 2609
f 6711 3121 4092
f 786 723 783
f 10387 7815 3913
f 5457 3326 7032
f 10037 12865 10249
f 11720 11482 12510
f 1066 13136 1784
f 6038 5008 5095
f 7246 2923 8667
f 9073 11088 13541
f 3346 12103 5497
f 3912 3838 3950
f 2923 8692 12888
f 5643 8548 6706
f 6860 7475 7477
f 13038 4896 13937
f 6028 11068 9654
f 8966 6992 7198
f 4438 2292 1280
f 11139 11089 11087
f 13165 13189 13095
f 484 14075 719
f 9570 9528 9567
f 846 9734 1557
f 12436 9558 9557
f 9421 4946 9472
f 13029 13050 13024
f 3832 9447 6520
f 9472 9566 9527
f 13156 719 8723
f 4724 2401 3593
f 6788 8409 9374
f 8614 8686 8807
f 3218 7784 10005
f 9599 9578 9613
f 3877 8723 12436
f 8409 6788 6944
f 7920 2067 2069
f 9319 9227 9268
f 6635 10872 2425
f 2797 4771 12962
f 7150 7149 7229
f 1209 14088 1211
f 7883 7691 8068
f 285 1332 283
f 7261 7425 7343
f 977 9675 9730
f 4874 8541 3929
f 12251 5374 3291
f 4073 3592 4525
f 11509 834 10397
f 6928 6050 6643
f 1806 14198 11150
f 10691 2161 10693
f 2419 10832 2248
f 11224 9931 9849
f 1710 5906 7374
f 10193 10499 10140
f 3594 830 6411
f 9008 13112 5199
f 8919 6434 8016
f 11678 5540 5539
f 11048 13755 14164
f 10149 10072 797
f 2644 2469 12584
f 13836 393 2807
f 6458 6654 6680
f 1554 9716 10932
f 12098 5059 10458
f 5638 2709 12800
f 11706 11934 12835
f 5638 2944 4209
f 14118 14111 473
f 2054 1104 10928
f 9843 9697 9842
f 1532 7886 2834
f 11719 4170 4181
f 9458 6714 9853
f 5636 5635 7086
f 10105 10389 1722
f 296 217 294
f 8943 8879 8986
f 12924 11283 13006
f 3720 9368 4159
f 4064 4063 12901
f 9188 8602 6786
f 10576 10146 13774
f 3763 301 3762
f 9789 9762 9788
f 2745 8059 8151
f 9787 963 9773
f 2358 6219 14276
f 9528 9421 9527
f 6475 6825 3522
f 8425 8426 7367
f 8138 14120 8136
f 5811 6381 6346
f 11017 4193 2511
f 8806 8807 8686
f 4001 3973 5456
f 692 13563 4038
f 9672 9673 673
f 12058 1970 1939
f 7929 4246 3661
f 9586 9571 9620
f 9571 9603 9620
f 5545 3745 5544
f 4001 863 3973
f 3953 10382 13582
f 1483 1405 1450
f 10385 7709 7886
f 7648 10794 10943
f 178 13321 13656
f 8541 9302 11422
f 12829 12941 6896
f 2103 2105 13647
f 6180 8486 9525
f 12977 13161 13310
f 6437 9184 2707
f 12053 757 12117
f 8678 5126 5062
f 1984 1104 4650
f 9785 2059 1762
f 1864 2053 2139
f 9472 6702 9566
f 9599 9566 9578
f 10060 486 12391
f 9610 9573 9609
f 11451 12215 11847
f 517 3763 3762
f 9613 9612 9653
f 9667 9622 9610
f 7160 12388 6372
f 7457 11766 7374
f 6805 7462 601
f 2548 2831 7562
f 9731 9745 9759
f 9657 9618 9656
f 9579 9599 9613
f 5197 6296 3405
f 2457 10025 8044
f 12113 9390 1534
f 9273 9129 9227
f 2275 1977 2600
f 687 1452 2229
f 10350 8107 7615
f 11786 7463 8648
f 4825 1615 1948
f 2103 6561 12835
f 6387 9930 12716
f 10138 6183 14197
f 10236 370 4378
f 6043 3791 10237
f 9925 6061 5806
f 12962 13364 14100
f 565 2483 11343
f 571 5860 9934
f 1209 14048 14091
f 9562 9475 9561
f 2979 2974 2973
f 6702 9559 9566
f 1158 10778 10616
f 9599 9567 9527
f 7822 9787 9773
f 9709 9735 9721
f 3405 6716 5197
f 4715 9135 2906
f 9074 9129 9132
f 475 473 1544
f 7138 7387 7218
f 7153 7016 7015
f 3407 3824 9442
f 9655 8390 6045
f 4796 635 400
f 9694 9724 9725
f 7146 5169 2648
f 8806 8804 8910
f 10382 3834 10381
f 12489 13971 13743
f 3309 13026 1960
f 9481 9424 9605
f 7009 3442 4387
f 7075 2098 4073
f 10049 4615 4579
f 8958 8837 8957
f 6914 1254 13154
f 6896 9655 7830
f 8897 10100 13537
f 7181 4063 5642
f 10581 4339 1705
f 7148 823 8990
f 4925 14141 1844
f 2810 10398 9404
f 4159 6822 3720
f 6716 13628 12274
f 4440 2510 10767
f 409 2723 1028
f 2108 1112 447
f 9192 983 5513
f 4786 10381 14006
f 6339 14143 8373
f 4470 4075 4795
f 4944 3905 2194
f 8190 10559 5870
f 10699 2801 14232
f 4083 13525 2532
f 9823 9820 9850
f 3505 5043 2920
f 5637 10946 7498
f 9832 6805 192
f 14066 10254 14076
f 13216 12995 13395
f 2548 2642 2831
f 4487 1765 12832
f 3418 3424 11590
f 9614 4599 13942
f 9735 9759 9746
f 13520 11333 9616
f 9573 7961 9609
f 13908 3418 4779
f 4826 4668 4354
f 9623 9613 9653
f 3729 7570 8599
f 9234 9132 9320
f 1611 780 6886
f 8871 8806 8911
f 7265 5248 10213
f 5607 10699 10675
f 2052 11090 2011
f 3890 95 11168
f 6142 6144 4886
f 487 482 578
f 9992 9040 4018
f 564 4958 12036
f 10691 10693 13073
f 5492 5648 1468
f 6694 6788 9374
f 9317 9226 11451
f 13203 11393 6428
f 14020 13990 14035
f 13142 13140 12085
f 4352 4517 4663
f 10026 12579 12581
f 10440 1056 9601
f 8551 7447 10449
f 10730 11324 11002
f 9762 9789 9764
f 4517 4661 4662
f 8039 2943 2759
f 9762 9736 9746
f 9738 9692 9710
f 6391 6387 6381
f 9310 9648 9609
f 9823 9788 9799
f 4511 4346 11715
f 10117 3610 6620
f 9764 9790 9776
f 9653 9622 9670
f 11635 2709 13260
f 3634 7745 8208
f 11228 12926 11875
f 12064 13644 12990
f 3441 3968 8302
f 11055 632 2971
f 6643 6914 6444
f 3821 10321 11480
f 6137 6158 8265
f 8695 13036 2160
f 9758 308 195
f 6802 4685 9703
f 7961 12436 8723
f 11024 9823 9850
f 1951 1924 10743
f 546 9690 2970
f 2906 13568 9669
f 9788 9774 9799
f 11694 12101 11154
f 13857 14034 13943
f 8302 11228 11875
f 2925 6776 7636
f 9651 10075 10537
f 10388 10736 10240
f 9366 9473 9530
f 8871 8807 8806
f 7618 7527 7460
f 4495 4488 4542
f 12595 12679 12587
f 14029 490 706
f 3418 14256 2283
f 8763 6654 6458
f 13575 8732 14087
f 10105 10907 10038
f 9838 7262 11899
f 8695 2160 2010
f 11071 11234 11131
f 10458 3915 6573
f 6635 2090 9868
f 6167 5390 12908
f 7352 7496 7395
f 10941 4595 11860
f 13102 13198 7244
f 4357 10707 7068
f 485 4936 5662
f 1471 14242 13525
f 13917 13865 13886
f 940 1869 7517
f 13436 12603 12580
f 7019 5881 7056
f 2970 9709 546
f 7025 7027 6962
f 9561 9530 9570
f 9612 9610 9622
f 9561 9570 9571
f 5471 4636 9592
f 11215 3636 12989
f 9579 9567 9599
f 11331 9714 1988
f 1681 51 2368
f 3861 2575 13647
f 69 3676 141
f 9674 9653 9670
f 8775 4289 513
f 836 10942 10615
f 10943 10794 7509
f 9703 6132 7830
f 7992 13078 64
f 8190 3577 10559
f 2326 13559 1699
f 10934 3525 3722
f 9910 13065 9947
f 7212 1082 6807
f 10390 2077 7449
f 8502 8500 1339
f 13878 16 4049
f 8417 7006 11418
f 9610 9574 9573
f 2154 7559 13298
f 14075 1474 14076
f 9709 9721 9691
f 9586 9561 9571
f 2629 7008 14087
f 3013 2272 3012
f 5112 9823 11024
f 9714 9743 9752
f 14189 7634 8689
f 4093 14272 7537
f 5631 2323 8355
f 1474 1765 1209
f 13570 9302 3603
f 2073 2074 8600
f 9558 9559 6167
f 13279 13192 13461
f 9710 9691 9722
f 11517 11416 11033
f 10569 10503 10540
f 7432 7433 13930
f 1904 10506 19
f 5461 5465 11983
f 13462 13324 13703
f 9690 546 9667
f 6637 10303 3832
f 7588 7498 7509
f 5410 10783 7354
f 11983 4683 5561
f 9746 9736 9721
f 10232 7110 6296
f 2558 3532 8021
f 9779 9767 9791
f 6906 8208 4284
f 9627 9620 9603
f 11013 11510 9779
f 9751 9743 9727
f 5945 550 12339
f 7352 11789 7496
f 9878 9418 9877
f 1539 526 10039
f 8509 6373 8176
f 7668 8285 7658
f 6940 1340 10650
f 11000 12099 11238
f 13787 7540 10989
f 4890 2194 3923
f 9796 7822 9771
f 9694 9656 9674
f 12093 760 12090
f 4887 10852 6069
f 6181 9918 14233
f 9610 9612 9574
f 9721 9736 9722
f 10992 11031 5531
f 6093 6070 6156
f 9731 9735 2970
f 11502 530 13141
f 13251 7316 7315
f 1322 9438 8587
f 9609 10051 9610
f 8484 3714 7747
f 7326 3152 3529
f 12874 13339 13373
f 4462 11350 3634
f 14067 1131 12042
f 846 1526 2473
f 9727 9675 9725
f 1076 787 5647
f 9656 9623 9674
f 6937 7324 5745
f 4073 2098 14205
f 5663 6232 7802
f 7304 5615 4108
f 11013 9779 9812
f 9722 9691 9721
f 7395 5302 11423
f 10952 10753 11513
f 2740 9775 4101
f 7802 5042 5663
f 9848 675 3546
f 10808 4357 13457
f 9986 13711 6644
f 11907 12897 12857
f 601 7462 66
f 9739 3366 5578
f 11215 11232 1384
f 8258 1388 10795
f 9776 9833 9791
f 934 11804 6041
f 4284 8207 10615
f 2516 3548 4926
f 9573 9574 9558
f 7020 6819 5224
f 9668 9622 9667
f 9667 9610 10051
f 606 13284 757
f 9622 9653 9612
f 6694 9483 7320
f 2933 2034 3102
f 10051 9648 9666
f 606 757 14091
f 11429 13672 11922
f 12348 12284 12307
f 9691 9668 9709
f 11331 9677 9714
f 6529 430 10046
f 9754 6906 1988
f 9803 9833 9776
f 800 1884 2240
f 6705 5993 6186
f 8577 8818 106
f 11331 9660 9677
f 9157 4185 7530
f 3976 4257 3065
f 9725 9742 9727
f 9677 9658 977
f 2380 8956 7443
f 5694 11466 6620
f 8502 3320 6822
f 8843 1144 13986
f 10973 14072 581
f 2326 1685 11651
f 6163 6165 1530
f 12634 12100 12156
f 1471 10624 14242
f 1802 6374 6368
f 5945 5944 13118
f 2562 97 4780
f 9799 963 9787
f 9668 546 9709
f 13436 5340 12083
f 9714 9677 9730
f 1130 11350 3381
f 12117 13284 9744
f 9752 11536 9754
f 12586 12536 13470
f 9656 9694 9657
f 1988 4284 11331
f 11024 10891 12889
f 11147 11177 10831
f 11013 11011 11536
f 9623 9653 9674
f 512 502 480
f 9481 9367 9424
f 6788 6009 6055
f 6739 11819 13957
f 9742 9767 9751
f 1844 14141 4642
f 11675 5971 2238
f 10053 10815 9997
f 8603 10634 364
f 9648 5267 9666
f 10301 9890 7605
f 5944 2473 13118
f 3291 9708 9617
f 7822 9819 9787
f 9746 9721 9735
f 7830 6132 12829
f 205 149 3694
f 2620 14052 9925
f 2970 9690 9719
f 9667 10051 9690
f 13438 13479 13440
f 9752 1988 9714
f 9766 9776 9791
f 14266 4913 12083
f 2103 10396 2105
f 6502 3968 3441
f 9767 9741 9766
f 9692 9724 9694
f 9748 9736 9764
f 11868 11450 11550
f 9766 9791 9767
f 7320 12926 11228
f 9722 9736 9748
f 13026 5366 4182
f 8688 4857 10803
f 3655 5642 2806
f 10705 10642 10703
f 4788 14186 1696
f 10792 12389 8886
f 2067 3333 3126
f 11258 12557 6055
f 1526 14111 2473
f 13412 8003 8266
f 9707 14156 9719
f 12940 4121 13657
f 13958 13669 13848
f 4722 785 2091
f 11553 11562 14051
f 9666 9719 9690
f 1557 9734 9796
f 1556 1557 9796
f 604 1556 9755
f 9790 9764 9789
f 7514 7613 7516
f 9766 9748 9776
f 9730 9743 9714
f 9751 11510 9743
f 6300 3814 9754
f 12884 12836 13170
f 9730 9677 977
f 8589 12186 5025
f 9810 11217 9142
f 5266 6230 8602
f 11652 12635 11573
f 12862 12839 12887
f 1053 13014 4675
f 13106 13013 13123
f 5497 3945 3346
f 6906 9754 3814
f 6678 6242 11141
f 11559 10859 12657
f 9623 9579 9613
f 9770 3474 1736
f 5641 5639 4533
f 10023 2488 4733
f 4483 10214 1538
f 8248 5796 9500
f 12503 10188 2824
f 14116 14111 1526
f 8228 9988 8271
f 9123 9226 9266
f 3222 5267 14066
f 13332 5211 11221
f 12072 11751 11206
f 9719 14156 9731
f 6281 4950 6258
f 9759 9735 9731
f 9670 9622 9668
f 8500 11013 9812
f 9743 9730 9727
f 2228 5474 11833
f 9851 9869 8556
f 7740 11862 4175
f 8656 12301 12255
f 11120 10417 5354
f 5266 8602 11176
f 8593 8520 8553
f 3025 2519 1508
f 9105 9168 9907
f 4462 8208 6906
f 9820 9787 9819
f 10757 11800 84
f 10989 12485 7753
f 7736 7662 3692
f 6178 8253 7754
f 10050 3518 3327
f 13375 13638 9624
f 9756 9755 9771
f 9755 1556 9771
f 9934 8576 571
f 6142 6326 6628
f 13540 3018 5918
f 348 439 14117
f 12190 757 12053
f 9667 546 9668
f 8284 2821 931
f 9804 9833 9803
f 10506 8857 8143
f 9788 9823 9789
f 9191 10236 3368
f 13874 13869 13301
f 8500 11011 11013
f 6212 1365 5652
f 12888 7832 2923
f 12915 12741 13000
f 1339 3320 8502
f 413 13447 13654
f 1988 9752 9754
f 9825 9789 9823
f 11205 7740 10882
f 10113 10163 1129
f 13168 9869 9851
f 14288 2427 2426
f 12808 1279 13170
f 193 168 258
f 9756 9745 9744
f 9840 9818 9734
f 13796 13761 13733
f 8547 3218 384
f 3156 1741 5429
f 3873 5204 5404
f 10051 9666 9690
f 12942 12916 12961
f 11884 8917 11667
f 12190 12053 3222
f 4080 8692 2814
f 10562 8605 7193
f 9675 9657 9694
f 8449 7161 5770
f 14200 14244 2470
f 9955 4080 2814
f 8928 8760 14204
f 11994 9572 9577
f 5155 8484 14242
f 2117 13980 13194
f 9822 9582 9679
f 11966 11689 14024
f 2283 14256 11341
f 6372 5971 11675
f 14116 646 14117
f 1526 990 646
f 7450 7683 7449
f 2838 1337 5122
f 9409 12755 722
f 13423 439 1546
f 8556 12889 9943
f 9812 1711 1339
f 13113 13744 12176
f 2153 2647 1578
f 2741 10151 4368
f 9828 9804 9803
f 9773 9771 7822
f 4471 156 11780
f 477 4485 4484
f 2264 2001 2003
f 4721 2507 2208
f 7636 8667 2925
f 8505 1112 11805
f 9497 14266 1506
f 8400 9955 8556
f 3058 7017 2418
f 9394 3623 2029
f 4411 5042 12251
f 9812 1339 8500
f 1276 2860 6830
f 9992 6197 8668
f 12869 12848 12900
f 5327 2496 5170
f 338 806 1827
f 9372 4894 6226
f 7084 7083 7148
f 4498 4849 8212
f 8506 13332 9256
f 14113 11829 11984
f 11400 11319 11318
f 8397 11830 6135
f 4351 3478 10590
f 8840 1323 893
f 13046 10993 2141
f 12117 9744 14156
f 8120 4956 6094
f 14054 9438 1322
f 13850 9639 8236
f 150 800 1298
f 9803 9776 9790
f 13872 7533 1408
f 14051 11403 11553
f 2666 12467 13264
f 3320 1796 3720
f 11924 2141 2213
f 12768 9833 9804
f 11349 11571 5476
f 6839 6607 6816
f 7981 6576 7526
f 8965 7662 5479
f 6689 5040 1536
f 6839 7763 6797
f 430 6529 1841
f 11732 11731 14187
f 12916 12862 12939
f 12662 5228 11778
f 7327 6291 6873
f 9086 14042 11413
f 9619 10227 5619
f 12574 1425 3359
f 10042 4005 9880
f 6808 3627 6312
f 7796 7931 12888
f 4989 4990 4884
f 5753 5805 5807
f 9023 9024 8764
f 14066 14076 3222
f 10640 7534 10634
f 10855 2459 11500
f 12492 11724 12259
f 1086 4123 4618
f 6137 6255 6256
f 9789 9825 9790
f 9825 9828 9803
f 4378 370 13768
f 9595 626 9795
f 9323 2460 3213
f 3059 5885 5770
f 12723 12516 12721
f 5905 7062 6511
f 2003 6718 3717
f 4888 4927 5048
f 6019 10383 12804
f 8473 932 2572
f 5265 1097 14092
f 2368 2696 8567
f 6800 6907 6809
f 11232 1433 1384
f 2129 5122 2814
f 6703 7931 5809
f 1106 1115 956
f 10054 9538 2301
f 4787 1028 2436
f 2730 4189 14040
f 10919 1098 10880
f 2186 11227 12921
f 4433 4432 4453
f 10597 10595 10663
f 11090 550 11088
f 13934 13427 1684
f 7334 6417 7344
f 14164 10682 10019
f 321 4157 816
f 13197 64 13179
f 8907 9915 8906
f 12256 6360 12046
f 3913 14263 10387
f 9551 9907 9168
f 5536 9564 1538
f 9948 6766 8020
f 879 13099 14260
f 2573 12847 9428
f 2297 3607 2480
f 3105 2619 11952
f 13683 2031 12417
f 7668 7664 7665
f 7422 7308 7188
f 11204 8542 2910
f 12683 12738 12742
f 11135 3839 3988
f 11914 11247 8451
f 10074 6476 6958
f 7831 7727 13377
f 5944 6191 2473
f 1130 3381 7722
f 1831 110 2359
f 9754 11536 6300
f 1219 3289 7232
f 9694 9725 9675
f 7638 6467 2593
f 10060 11480 486
f 13529 11239 2496
f 6240 11141 6242
f 7858 6467 7857
f 12239 9949 12230
f 2263 2048 3424
f 6821 8776 11252
f 9560 9547 14060
f 4233 3916 4101
f 4899 4988 4040
f 8996 9844 2011
f 6955 10808 3927
f 12957 5920 12960
f 12941 13289 10326
f 5885 3059 3052
f 12705 2520 4268
f 1006 1005 14218
f 9905 11330 11417
f 3005 5420 10536
f 4343 4344 2716
f 12853 1922 6301
f 6549 9652 369
f 11501 6520 9447
f 12461 834 11509
f 10999 11241 11072
f 9324 4319 9111
f 10379 534 10645
f 8557 8470 8530
f 1337 12768 5122
f 11473 12433 2352
f 2261 2111 4874
f 3237 9324 9111
f 11105 11113 11276
f 11939 637 12128
f 1887 1791 9265
f 12535 7220 10686
f 2546 10139 10056
f 9794 1727 1574
f 8858 5769 86
f 9685 1887 9265
f 4658 2546 10191
f 11580 9810 11404
f 3327 6618 8366
f 11641 13314 13499
f 11839 14084 6354
f 4506 13264 4298
f 14051 315 11472
f 5045 1614 1572
f 9143 11553 9142
f 11633 10990 11562
f 1607 1535 1605
f 12038 11154 12101
f 6957 11364 2013
f 7056 11225 11515
f 10182 4945 2247
f 6244 6806 10289
f 3323 2213 2808
f 4280 2661 3208
f 1641 2227 1672
f 3030 10370 1398
f 12685 9916 1082
f 10218 11476 10315
f 11855 8590 8588
f 7163 11557 12963
f 11633 13046 10990
f 11652 13567 11656
f 1435 1361 1396
f 4514 11573 12635
f 5223 10840 10834
f 11349 13798 11573
f 12635 11656 14038
f 12143 325 13485
f 12939 12862 12887
f 2435 1626 2399
f 1469 1499 1533
f 11177 11086 10717
f 10208 10155 10154
f 13540 2736 11567
f 13219 11721 11726
f 10089 10734 10155
f 11107 2612 11308
f 10669 10739 10154
f 12402 12405 9852
f 278 299 13483
f 3899 2401 2997
f 3024 11172 10797
f 14163 11738 11739
f 13407 13369 14121
f 11513 10980 10712
f 11671 3975 3977
f 7364 587 9053
f 10669 10155 10923
f 10092 10343 10024
f 7430 11827 10750
f 10950 11147 10831
f 13511 13164 13466
f 2175 3210 3216
f 9326 12646 4779
f 11671 11716 4183
f 3216 10950 2175
f 8663 7436 3833
f 10316 1510 1444
f 10552 9180 10514
f 8888 2330 8701
f 12083 5340 8446
f 10430 10429 13766
f 964 3741 3697
f 1401 1373 1338
f 4052 4426 13345
f 1427 1428 1358
f 7230 7351 6815
f 9869 13168 9828
f 9997 10935 9996
f 4425 5553 5956
f 4561 3642 6206
f 9775 2740 1734
f 149 116 147
f 7162 7025 7097
f 12750 5924 12641
f 944 902 943
f 1276 2353 3033
f 8774 8826 8945
f 6574 730 4469
f 2777 2742 1721
f 13022 3768 9204
f 3338 4784 10095
f 1615 5231 11018
f 749 4846 767
f 12823 3507 7542
f 9081 5540 9038
f 12857 12897 3455
f 4648 4685 4687
f 14079 10447 10446
f 187 130 164
f 12828 1522 13703
f 13277 13090 5626
f 9998 13880 12556
f 3212 6917 13071
f 7007 2287 6294
f 459 461 10849
f 744 746 13139
f 9191 13408 10236
f 1841 6438 2246
f 10740 11044 11051
f 3522 13031 6828
f 10335 7518 10724
f 13139 746 14228
f 11985 13868 13852
f 11450 11868 11867
f 8401 8529 570
f 8331 8164 8329
f 591 496 495
f 11632 9221 7884
f 8055 7871 7869
f 5811 6346 11907
f 5066 5007 5062
f 2496 9749 5170
f 9371 12714 10832
f 9140 9008 4350
f 1912 1909 1790
f 8415 10938 5596
f 13662 11803 2494
f 9929 841 1798
f 6921 7221 761
f 5386 5345 5344
f 5079 7075 3824
f 6921 761 6824
f 6546 6200 6366
f 7656 7558 7943
f 5327 8678 2496
f 1002 5345 5346
f 13893 13905 12740
f 5079 3824 7113
f 11955 10783 5410
f 8107 7457 7456
f 8465 8462 8549
f 1534 1278 446
f 12925 3942 549
f 5517 3182 7940
f 6628 6326 6680
f 2046 2044 2379
f 7830 9655 6045
f 9938 7831 7829
f 10093 11928 13510
f 12101 11964 11799
f 8941 8942 12017
f 9600 10932 9830
f 10561 10525 10523
f 2569 10326 6831
f 4989 1624 4990
f 1589 4621 1661
f 11994 9577 11799
f 10146 10576 6299
f 7033 4001 5374
f 12506 12396 12505
f 12365 12321 14274
f 5537 10059 10127
f 7064 4849 2385
f 11487 11486 13695
f 7411 14063 6193
f 6924 9916 5229
f 14068 14094 14069
f 14038 11656 10650
f 10461 10398 10340
f 2190 10276 7879
f 10174 13962 9737
f 3323 2808 1995
f 13264 1501 2666
f 9996 10935 10810
f 29 27 62
f 12485 3550 3307
f 12843 12484 2
f 10136 10056 9999
f 13887 8856 11133
f 6830 12576 2287
f 11960 12951 11743
f 10341 3203 11027
f 13124 11339 2705
f 8044 9732 10273
f 10657 10627 10566
f 9404 10461 10534
f 8274 8281 5912
f 2261 9068 5707
f 13219 11726 13106
f 9687 2190 7879
f 6739 1335 6737
f 11726 13390 11731
f 8044 10180 2457
f 10988 11216 10956
f 12938 2737 2736
f 10995 11169 11216
f 13474 13396 13361
f 10498 6469 13754
f 1712 1648 1605
f 2481 3411 3409
f 6261 5311 5412
f 12810 12782 10228
f 6475 6828 6077
f 6308 1490 6355
f 12433 2522 2352
f 7952 11469 2225
f 11133 13275 11114
f 6916 13594 6915
f 12213 4288 11718
f 11952 1882 2014
f 14281 10308 14277
f 9470 5999 8536
f 10937 11920 10111
f 993 752 7175
f 1499 9963 10977
f 9783 6427 7209
f 10831 11183 10950
f 4095 3951 2557
f 11096 10555 9255
f 6383 10018 1334
f 10281 10279 12913
f 12985 5368 11843
f 12089 12133 12039
f 7995 5661 2927
f 11639 8420 8331
f 11031 5619 2654
f 6300 9135 3814
f 2925 7832 964
f 13814 12426 13296
f 11322 11317 10722
f 2024 2148 2073
f 11135 9739 5578
f 10781 11175 10780
f 7757 6161 10565
f 7886 1532 12390
f 3425 3612 12165
f 11183 11180 10753
f 11171 2828 10775
f 1852 7274 8495
f 3204 10290 10157
f 10367 10288 3204
f 4759 8128 2314
f 3216 3425 11147
f 13422 13461 13192
f 14014 2243 1853
f 13333 2380 7133
f 10479 10509 10572
f 278 8697 13344
f 11534 14214 6904
f 14264 8956 2380
f 10370 1435 1437
f 10737 10024 10347
f 10952 11513 11083
f 3545 6329 1814
f 11513 10712 11083
f 11583 11585 11749
f 7579 7145 7375
f 7459 7349 7558
f 12577 12581 12579
f 1081 10369 188
f 10808 10084 3927
f 190 187 255
f 1130 7722 11466
f 13924 13895 1517
f 9368 3161 5340
f 5480 5442 5460
f 232 2635 2633
f 5057 12571 5917
f 6035 6070 6037
f 2860 2777 2857
f 13289 12829 12141
f 5321 5322 5302
f 4714 5374 5456
f 5170 5214 5327
f 13022 585 14103
f 3364 219 11468
f 7562 4321 2789
f 10842 11468 219
f 6263 6264 6054
f 7083 7084 2232
f 6041 11804 11987
f 11905 6381 5811
f 14114 6259 7604
f 11048 2228 13755
f 4675 13014 13013
f 12168 12003 9649
f 10113 8441 10251
f 1516 12194 9117
f 8731 8216 454
f 13930 13711 52
f 4712 11033 10125
f 767 748 881
f 9118 4580 10928
f 7017 5209 5211
f 10125 11033 12051
f 9412 11809 7439
f 3813 13930 12521
f 11668 12101 11799
f 6919 1493 13109
f 7998 10523 10451
f 10640 10634 11931
f 10807 11215 4913
f 1363 3434 635
f 5199 13112 699
f 461 11392 13055
f 5693 5417 5691
f 13869 13871 5793
f 227 11029 11055
f 11080 3323 2752
f 2083 251 661
f 8942 8702 11986
f 11095 13888 11097
f 11028 10954 11678
f 31 64 13078
f 1408 7533 10423
f 1173 34 9229
f 9482 12245 9219
f 7463 11376 6079
f 10198 10349 12509
f 11928 14037 13510
f 3049 14231 11486
f 8215 4673 11898
f 14171 2178 3458
f 5843 3323 1995
f 9902 9821 9900
f 10073 11446 10939
f 1570 12467 14287
f 1995 4506 5843
f 8755 664 13952
f 9807 8051 9887
f 10444 10291 10442
f 263 222 9304
f 11578 13695 13506
f 9971 10047 8572
f 13124 2705 11211
f 9628 4782 3728
f 834 10497 10397
f 11619 11562 10990
f 2810 3728 1103
f 12635 14038 3262
f 12749 3165 12751
f 12458 12853 10985
f 4062 134 11021
f 2117 21 4786
f 11072 11071 10810
f 11509 9594 2187
f 5399 7294 3240
f 14238 14190 14237
f 3363 2705 2612
f 1791 1795 1707
f 12960 12916 12939
f 3550 12485 10989
f 8746 8970 8971
f 11227 13948 9191
f 14260 14262 9252
f 6793 12764 9529
f 854 9470 9467
f 11665 7061 14219
f 10135 9997 10052
f 2263 11224 12064
f 11658 11656 13567
f 14208 14264 2389
f 13334 13406 1147
f 12415 13187 8366
f 3350 8548 5643
f 14136 9169 14145
f 13572 11752 11664
f 13610 10735 13614
f 10139 2546 10140
f 9406 3056 13016
f 3425 2994 3611
f 566 568 2759
f 10139 10000 10056
f 1906 2537 9676
f 4281 1870 4765
f 2925 8667 2923
f 9732 8044 10025
f 14266 10807 4913
f 1796 3320 3922
f 719 12905 8723
f 4937 484 13156
f 10053 9997 10135
f 7946 5721 4969
f 5298 2116 9286
f 6427 14041 7209
f 1707 1795 1645
f 408 336 9552
f 11068 8405 12058
f 13780 2689 8278
f 1905 1868 2104
f 13455 13977 13816
f 5402 1692 13721
f 12556 8578 13597
f 1773 13547 1772
f 7443 8956 3913
f 13743 5937 2575
f 13100 344 1144
f 4922 436 1376
f 8843 5508 13099
f 10421 10366 10479
f 11534 7081 12441
f 13365 13277 13450
f 4197 4199 3803
f 3213 2460 3212
f 1144 344 1713
f 1522 1952 13462
f 3545 908 1669
f 10016 10014 10150
f 13283 13193 13368
f 8989 8828 8945
f 10362 10366 10207
f 8283 4294 2419
f 11244 10797 11086
f 9684 6559 6629
f 5416 1524 5382
f 10082 10284 10739
f 132 13418 11408
f 422 10748 9711
f 7468 9713 9711
f 10082 10781 10017
f 14159 13723 13722
f 12432 7124 7823
f 10370 1361 1435
f 12925 306 13956
f 13473 13351 13159
f 10208 10089 10155
f 7130 1941 19
f 6740 6700 9111
f 9130 12992 9364
f 11334 11425 404
f 12027 11086 12165
f 325 1668 4982
f 1321 4128 3940
f 11164 3210 2175
f 3214 10702 10663
f 10666 10607 10606
f 12890 10607 12891
f 14054 9808 13794
f 11321 3442 3441
f 14234 5759 8448
f 10157 10737 10089
f 4834 10324 11478
f 2439 3350 13666
f 12515 12610 728
f 2353 1276 14023
f 11048 11049 10799
f 12627 12304 2566
f 5170 13905 5213
f 11512 2078 1366
f 10707 7802 12112
f 7013 7150 7085
f 3080 2905 2945
f 9973 5192 5437
f 6091 6088 4408
f 12719 6692 5300
f 5072 8253 6178
f 5834 9377 5953
f 2082 1903 2149
f 2604 8126 7215
f 1551 7129 3139
f 4429 9371 10141
f 4818 4269 4347
f 6457 951 5377
f 6358 9514 13181
f 13028 10579 11255
f 6249 641 8050
f 2666 1515 10628
f 6208 6547 6466
f 9056 14289 3903
f 1581 1584 6912
f 12321 12365 11202
f 9643 13048 11404
f 13775 13449 13252
f 9270 262 85
f 10315 315 14051
f 9453 567 3953
f 4504 13915 2610
f 5843 4506 14282
f 9056 1570 14287
f 10612 10850 10706
f 1408 1449 13872
f 9072 7419 9806
f 9346 9517 2138
f 13881 10751 10823
f 6940 11704 1379
f 1877 1878 699
f 3465 9906 8337
f 11633 11562 11553
f 5399 11211 3369
f 7204 4718 3499
f 11656 12635 11652
f 2932 12356 12056
f 13729 7760 13503
f 5252 6733 4625
f 1379 4062 11021
f 13997 11140 7664
f 9374 8409 9322
f 10434 13124 13153
f 13783 4047 9076
f 11484 11313 12167
f 1691 11492 2062
f 12108 11365 12119
f 13619 13871 13874
f 4069 2875 4068
f 1991 1845 14161
f 8212 5830 1054
f 11555 11450 11938
f 1282 669 14070
f 8420 11639 11631
f 2942 2940 3154
f 14282 4298 14222
f 14221 8447 7827
f 2771 2889 6428
f 10297 1769 10299
f 13620 13619 13727
f 7579 7577 7771
f 7958 7771 11371
f 11941 11430 12119
f 12061 7419 12055
f 435 1837 1060
f 1365 5369 11872
f 6743 6690 13250
f 1914 1755 2044
f 10397 10266 11509
f 9874 3786 10266
f 7692 7431 7585
f 10271 10341 11027
f 2224 424 2071
f 10268 10123 10175
f 834 12461 10564
f 8687 8740 8576
f 2487 2626 2312
f 3814 9135 4715
f 13204 9505 13186
f 3299 6260 1871
f 11915 8122 8121
f 3876 14015 7000
f 10874 11241 10999
f 10273 10136 10180
f 10056 10191 2546
f 9524 8202 5490
f 4645 4574 4608
f 10063 10145 11469
f 4372 12940 13659
f 9993 10132 10809
f 12892 6275 11199
f 4942 4944 8536
f 7879 10025 9687
f 14268 6188 2389
f 10956 11196 10835
f 11171 10775 9956
f 8228 12466 8037
f 7815 13811 13728
f 1447 1720 5513
f 12213 2389 8626
f 13100 8843 13099
f 6017 4288 5780
f 8808 12452 8872
f 10387 14263 9252
f 10714 13052 2511
f 8978 9085 8982
f 8039 5177 2943
f 8209 8128 5105
f 13111 13518 13629
f 2224 2072 2069
f 11823 11023 11365
f 11181 520 4292
f 12393 3892 1930
f 3934 3008 4015
f 10014 10016 10399
f 974 274 13460
f 10540 10472 11097
f 1175 3131 8295
f 986 10446 10447
f 11053 11192 10712
f 6352 14209 10538
f 3118 7949 5723
f 2331 2395 2404
f 10509 10362 10283
f 11183 10753 10952
f 2593 6467 7858
f 6199 8940 13104
f 2520 4276 4268
f 11180 10669 10753
f 10927 11079 11053
f 8584 8512 1036
f 14191 4527 1725
f 10575 10421 10546
f 5004 12330 8640
f 2560 9918 9144
f 7381 6178 10965
f 1878 10618 7567
f 5760 14234 9565
f 10153 10077 10200
f 10153 10283 10284
f 6349 6350 1833
f 1338 1304 1227
f 14209 9596 1271
f 847 2064 2000
f 10430 10318 10295
f 11480 452 3821
f 3281 10344 6897
f 6818 10557 1733
f 11713 2179 11715
f 1884 2417 2240
f 7886 7709 11999
f 231 275 3694
f 3068 13707 6833
f 10111 8932 10937
f 9094 8943 8986
f 3584 5609 3586
f 3975 4192 3977
f 5404 11214 5261
f 5667 5551 5020
f 4131 4310 5057
f 3158 8142 2334
f 2768 2770 10844
f 6192 2746 8195
f 2153 8934 2647
f 2126 1598 2125
f 2330 10694 2233
f 1541 7381 1542
f 8856 9438 5799
f 2102 13092 9013
f 2490 13634 1546
f 320 8938 407
f 11599 11185 11383
f 80 11403 11472
f 14287 12467 14220
f 5025 9498 13996
f 1408 1515 1449
f 6037 6013 5963
f 4094 9737 1815
f 6909 351 9115
f 9366 9273 9319
f 610 653 745
f 5843 6515 2752
f 7263 10982 12642
f 11240 2735 2739
f 9991 8274 10107
f 13872 1449 9143
f 5067 9466 9396
f 11924 10990 2141
f 9984 9923 10061
f 2638 8966 7371
f 10923 10753 10669
f 11021 13051 11107
f 11392 12408 13055
f 11517 11033 6595
f 13051 11021 11924
f 11484 11592 13207
f 7773 7065 10448
f 6595 4718 6529
f 1810 10443 12517
f 11305 8017 389
f 13687 10162 10249
f 7299 7519 7414
f 9952 9887 8051
f 14145 9169 9014
f 9517 12865 2138
f 2892 13326 1655
f 14055 13682 8938
f 3083 7956 11845
f 10525 10661 788
f 7631 13252 8438
f 4093 4091 7430
f 1655 11508 2892
f 5137 4991 4829
f 13082 269 12876
f 11999 6606 13116
f 2097 782 777
f 1773 1772 13661
f 10116 13503 13297
f 9649 12006 9728
f 7827 14126 14125
f 13729 2972 7472
f 7390 7690 7596
f 12114 11894 3392
f 1639 13977 13526
f 13947 2715 10749
f 11423 13893 7352
f 12931 240 13611
f 6405 6681 9067
f 12803 8936 13242
f 5565 6104 11378
f 12753 13369 13407
f 13057 1928 13058
f 13151 12932 13788
f 11872 334 11871
f 6949 10811 10565
f 8495 7274 11389
f 7767 7759 1248
f 6121 9740 3403
f 12432 11266 7124
f 5095 5907 6038
f 10221 10123 10779
f 12145 11462 11589
f 12741 12632 12534
f 2015 12371 1807
f 9335 1966 9331
f 11076 11233 12458
f 13270 214 13180
f 1103 3203 2810
f 10627 10657 10791
f 7815 5508 7702
f 10566 9647 11137
f 14252 12275 3010
f 14208 14206 14263
f 432 13986 1144
f 10899 10789 10846
f 10123 10221 9874
f 4491 10134 7000
f 6278 2121 3714
f 630 668 937
f 10426 10062 9061
f 8026 5202 1880
f 12500 12499 1312
f 13778 13640 13236
f 139 2241 148
f 10795 10818 9970
f 3125 9588 7058
f 4128 2912 3940
f 9628 11137 9647
f 10806 10933 10921
f 9988 10130 7836
f 10810 11071 10809
f 1013 5063 5774
f 5460 5418 1524
f 3876 3203 1103
f 13312 10725 13861
f 2457 10330 12885
f 5576 13583 2546
f 9997 9996 10052
f 2214 10686 2216
f 10275 5769 10277
f 9685 11469 10145
f 14259 11279 5521
f 4912 7766 1482
f 8429 8340 8427
f 378 3235 2250
f 11418 7231 5729
f 12049 13500 9300
f 4610 2635 232
f 1725 14238 14191
f 12657 10855 3629
f 10835 10957 10833
f 13225 7635 10309
f 14233 9918 2560
f 4651 5569 2391
f 3920 1085 1643
f 5606 8448 11903
f 10737 10347 10980
f 10473 10356 10472
f 13960 13944 13941
f 44 10824 8342
f 11740 1717 11772
f 10545 10505 10544
f 10212 10282 10360
f 4681 4683 13716
f 13089 13126 12912
f 14288 11173 7736
f 13696 9598 8364
f 3940 4378 1321
f 3688 3690 3356
f 2568 1905 2363
f 10154 10285 10208
f 2488 1621 4366
f 5211 5524 2418
f 13716 4683 11983
f 12901 4063 7181
f 3641 3679 6814
f 13840 4638 12914
f 10208 3204 10089
f 14209 6352 13650
f 6198 12532 9998
f 11164 11353 11749
f 3417 2994 3210
f 7411 12137 13472
f 3049 11486 11487
f 13765 14125 14126
f 8645 8909 8771
f 10613 10626 14290
f 10541 10503 10569
f 7199 3555 7825
f 3718 7540 13787
f 14209 13650 9596
f 10513 10425 10480
f 13046 1449 1515
f 11414 11133 11114
f 10607 12890 10606
f 6515 5843 14281
f 13275 12137 1549
f 10293 10295 10215
f 11633 11553 9143
f 10024 10157 10210
f 13808 10343 10092
f 10316 13766 1510
f 9018 7088 10111
f 6515 14272 13737
f 12942 12961 9350
f 11562 11619 9471
f 8826 8772 8879
f 2612 11080 3363
f 14125 13765 12718
f 11403 80 11404
f 14125 10308 7827
f 14271 7294 7226
f 10650 1340 14038
f 6980 5736 5735
f 3369 11211 3363
f 2209 2378 2044
f 13051 2213 11080
f 5700 9877 9418
f 12793 12730 12763
f 13152 12874 12876
f 13791 2715 13947
f 5582 11842 5336
f 14049 12880 10870
f 10809 11071 10862
f 10187 10186 10336
f 837 4235 1658
f 6050 8390 6914
f 1322 11217 9808
f 8245 8420 8422
f 2045 1161 3305
f 14287 14188 14289
f 10044 4005 10042
f 7864 1853 2243
f 11080 2213 3323
f 11260 380 342
f 13370 12441 12575
f 11336 11264 11373
f 14208 2389 12213
f 13912 13911 13994
f 5010 10392 10448
f 6181 3629 8920
f 11392 459 3499
f 7053 9388 5664
f 394 1690 3189
f 7371 7200 10819
f 10819 6406 2638
f 10113 10251 10163
f 3107 10096 2510
f 11830 6139 6135
f 1047 40 10918
f 5315 3099 10672
f 181 8062 154
f 9552 534 1832
f 13733 3068 13796
f 4650 14005 1984
f 2658 2971 2972
f 10477 10404 10334
f 3061 2035 12503
f 8381 13326 13297
f 7392 7081 13811
f 496 385 495
f 3112 962 1708
f 10459 10495 8582
f 13728 3913 7815
f 10755 2897 8413
f 12754 13325 12753
f 6904 14214 13667
f 11762 4374 4398
f 13190 13090 13277
f 10006 1886 1621
f 12717 8743 12697
f 10565 6161 6949
f 13370 12575 12323
f 2930 2854 2929
f 12441 13550 11534
f 6134 4372 7726
f 7351 7196 7540
f 4821 5279 4983
f 12001 659 12130
f 13817 1314 1313
f 4091 7537 12718
f 13393 3888 4586
f 10887 2233 10746
f 9292 9540 9469
f 13492 4534 4057
f 6234 5179 9066
f 309 5539 8930
f 13351 13473 13474
f 4845 2588 6855
f 12088 11878 12081
f 13861 5440 13312
f 2953 5511 3138
f 5440 1610 1806
f 831 11186 20
f 4696 5227 4552
f 9958 9813 9957
f 4188 8636 9116
f 1966 12795 4094
f 5240 4142 3961
f 2220 6066 14190
f 9065 6549 369
f 191 1643 893
f 13500 3949 13224
f 8859 14244 3734
f 2209 2044 1755
f 11230 11352 11233
f 14212 14235 14237
f 13257 2113 13248
f 14234 10675 11727
f 11903 3906 5606
f 10859 2459 10855
f 8112 8074 8111
f 10154 10207 10285
f 9328 10983 9042
f 12480 11727 11193
f 1085 5902 6593
f 5094 5090 5096
f 1727 9794 1726
f 3308 7507 1166
f 11716 11585 11719
f 11955 5410 10799
f 9636 11602 11944
f 11559 12657 14233
f 13387 2023 961
f 14173 13143 14158
f 9727 9730 9675
f 12161 12082 11897
f 12950 9100 12406
f 5932 5933 5931
f 10874 10815 10833
f 13329 12146 2601
f 4983 4663 4662
f 10909 11526 11583
f 2895 14211 11489
f 1805 1803 11692
f 3123 10050 3327
f 13996 11697 11476
f 10193 13583 2461
f 5239 5372 13384
f 10499 10004 10644
f 7230 1930 3892
f 13424 13315 8205
f 8037 11152 10779
f 9013 700 9014
f 3115 3111 2724
f 3603 3728 4782
f 2212 797 9960
f 3892 7314 7196
f 9079 12922 13731
f 10182 9685 10277
f 4868 10156 10081
f 10993 13046 1515
f 10989 7540 7539
f 5076 2656 11281
f 11394 7753 11144
f 2544 1620 7357
f 13791 8571 2715
f 13102 11283 13198
f 8048 11371 7771
f 3313 6504 5823
f 14125 12718 7728
f 3015 932 3017
f 11827 7430 4091
f 8447 2219 13187
f 13187 2219 11394
f 9191 3368 11227
f 8169 7983 7982
f 9922 9763 10059
f 14215 14271 10750
f 11738 14163 11821
f 14217 4093 7430
f 13319 1677 13578
f 9165 9294 9071
f 8548 3350 2720
f 12720 9342 2697
f 10225 9565 1983
f 12820 12772 12819
f 11083 11192 11164
f 2960 510 5925
f 8266 8003 13494
f 9573 9558 12436
f 13888 11746 8607
f 13576 6057 10501
f 10283 10280 10507
f 13008 12928 13103
f 10016 10017 10721
f 10362 10284 10283
f 764 1447 5513
f 10601 10544 10636
f 10962 13249 13184
f 2720 10584 8548
f 11147 3425 12165
f 13794 11575 11576
f 13765 3736 6162
f 5052 1321 8454
f 14219 4698 11665
f 12963 9061 2833
f 13028 3992 6529
f 10863 11559 12846
f 11226 8869 8069
f 10154 10155 10669
f 6530 11448 10500
f 344 1840 1713
f 12901 7181 12857
f 10479 10366 10362
f 9990 4694 4740
f 11827 10749 10750
f 9993 10809 10862
f 8502 6822 2348
f 10400 10834 7524
f 12697 8743 12401
f 1282 395 1456
f 12710 7626 13551
f 6986 13835 6988
f 10512 10367 10421
f 9596 3942 1271
f 10480 10550 10513
f 13811 6904 13728
f 14154 1851 340
f 11717 8542 7232
f 7129 1510 13766
f 7129 1910 2093
f 13344 299 278
f 3204 10208 10285
f 11639 11644 11631
f 11503 2733 3037
f 5548 1512 5226
f 11893 8480 8485
f 7849 3932 8013
f 7107 825 11204
f 13000 13096 12915
f 11914 13745 3657
f 12441 13367 13365
f 12028 7595 11361
f 8978 9041 9085
f 5730 5728 5772
f 2223 2825 2913
f 12177 12179 12540
f 13340 12587 11698
f 362 355 970
f 12064 12990 13076
f 14259 11363 11279
f 9429 148 2241
f 6271 5985 5984
f 8562 5596 10938
f 10195 10269 10414
f 334 11872 5369
f 9242 9154 9043
f 10333 10455 10459
f 6581 5159 10309
f 12597 12506 12568
f 2459 13591 10868
f 3629 7239 1680
f 5912 5913 3143
f 10838 10309 7635
f 444 13015 13007
f 1268 577 8979
f 2834 11999 13116
f 3324 893 1323
f 9298 3186 8841
f 10629 6349 6051
f 1474 485 1765
f 14244 14200 2663
f 10255 10451 10333
f 2605 2568 1762
f 6066 2220 7635
f 10751 13881 10681
f 4702 1742 10803
f 10449 7447 9042
f 13211 13987 1323
f 6202 1017 7364
f 14190 1725 2220
f 13225 11903 8448
f 14021 11355 13994
f 13865 13802 13847
f 3674 2486 3670
f 7535 8012 7314
f 13414 13781 14169
f 2971 2658 11055
f 9210 8359 2747
f 547 505 598
f 12112 7802 6232
f 768 7518 8582
f 5809 7534 10640
f 11508 13513 1129
f 4715 4462 3814
f 1266 923 7762
f 8177 7991 7990
f 11427 10489 10867
f 1890 4798 9082
f 11430 11881 12108
f 9875 9871 9945
f 13823 13761 13822
f 13867 11400 11563
f 11708 11397 13229
f 4487 242 348
f 2029 4895 9394
f 11543 12079 11947
f 3884 10536 4766
f 14289 418 14226
f 14032 13512 13423
f 8847 6183 2578
f 8012 3359 3555
f 7230 12709 1929
f 3123 3333 7920
f 12370 9802 9801
f 10130 10124 10271
f 10397 10497 10461
f 2219 14284 5755
f 11144 7753 12485
f 10340 10175 10266
f 11394 2219 5755
f 9594 12795 2187
f 9757 7753 11394
f 7753 13787 10989
f 7864 7429 12373
f 11339 14038 11308
f 12718 13765 7855
f 14289 9056 14287
f 4047 8983 283
f 6162 7657 13768
f 11150 13311 5440
f 13293 11945 13153
f 5538 2046 10976
f 13623 13622 13397
f 5643 14022 3752
f 14215 10750 10749
f 13947 9191 13948
f 6069 11064 11059
f 5613 2038 3693
f 13947 13948 13791
f 10343 10927 10347
f 10952 11083 2175
f 7650 1746 1100
f 1642 7211 8378
f 11264 11787 12071
f 7501 7353 7271
f 1587 1738 1591
f 1499 1427 11457
f 13253 9972 9954
f 11262 12059 11560
f 1640 1869 1872
f 7827 10308 14221
f 12846 2561 14251
f 9361 4946 9318
f 12714 2068 2248
f 13526 620 1639
f 931 7949 11333
f 12500 5051 5052
f 12714 424 2224
f 11944 11602 11555
f 2751 8454 7657
f 12944 13791 12918
f 1296 1013 5774
f 11355 2801 1283
f 4236 2022 2064
f 7298 7297 10829
f 434 537 1837
f 588 11280 11282
f 2894 10023 6003
f 822 1832 534
f 9126 11128 6561
f 13819 5409 2883
f 10605 10666 10606
f 13264 4506 1501
f 4926 3771 12274
f 13949 12483 12752
f 11976 12130 11587
f 7324 6937 6444
f 97 446 1278
f 2227 7952 2225
f 14122 8578 6214
f 10191 10136 10273
f 9814 9959 9895
f 3626 6003 4733
f 8225 8482 8313
f 588 11119 542
f 1563 11246 11274
f 12006 12003 9469
f 3833 7436 501
f 8061 8153 8233
f 4810 8290 5379
f 2973 2974 4473
f 13367 13190 13365
f 13483 13871 13814
f 11802 11368 11899
f 13183 13389 13552
f 1669 908 6606
f 393 13836 394
f 2587 2338 5717
f 13009 10624 7766
f 13101 4626 13569
f 12007 11348 12629
f 3307 3550 7825
f 7214 7385 7077
f 7946 12743 14022
f 11845 12025 8552
f 4209 2883 5409
f 10210 10092 10024
f 6352 13218 8914
f 10134 7038 7000
f 10153 10284 10082
f 3237 3214 13956
f 6181 3967 9918
f 13650 8514 796
f 10507 10509 10283
f 9432 9324 306
f 12349 12140 12347
f 11353 11583 11749
f 5546 5526 7409
f 3955 3776 4949
f 165 172 105
f 3162 13136 2149
f 1288 1806 1610
f 13861 13453 1610
f 13710 12724 3983
f 10367 10366 10421
f 10541 10569 10595
f 10863 10860 10859
f 10215 10092 10210
f 10200 10280 10153
f 10425 10288 10480
f 10384 9587 10748
f 1983 6349 10629
f 6581 6916 7202
f 10210 10290 10293
f 10288 10367 10512
f 12214 11963 11941
f 1809 2547 2660
f 557 14255 6350
f 12846 10870 10863
f 5166 5804 6092
f 12657 10859 10855
f 8833 4372 13659
f 6066 7635 13225
f 10278 10200 10150
f 7848 4283 3573
f 7330 9873 6661
f 10332 2927 3003
f 11908 11917 4334
f 7182 7434 7435
f 2006 8269 5422
f 2327 4408 5542
f 12083 8446 14266
f 8825 8772 9979
f 12573 10403 12159
f 3331 7265 2281
f 3058 3056 9406
f 12552 12550 12551
f 7309 6315 7310
f 6921 6920 7122
f 12387 7237 12388
f 13707 8694 6833
f 10476 6374 1802
f 8990 823 5544
f 5465 5461 5489
f 11938 11944 11555
f 14222 4298 14284
f 14289 14226 3903
f 13275 5799 13472
f 8402 8316 8227
f 12865 10849 461
f 11417 10738 11558
f 7360 10222 10378
f 10249 12865 9517
f 1136 5033 8125
f 1955 3625 2196
f 1929 9305 1930
f 11414 418 14188
f 10588 770 10033
f 2752 3323 5843
f 10335 10256 10333
f 10990 134 11619
f 12858 11866 10692
f 632 544 2971
f 7293 5235 3064
f 12797 12820 12821
f 10682 132 10019
f 11394 11144 13187
f 11211 2705 3363
f 11937 10465 11701
f 14269 7294 14271
f 7539 7540 7196
f 1836 1835 4370
f 7537 14272 14277
f 8447 14221 14222
f 12214 11941 12071
f 12821 12798 12797
f 3736 3356 2751
f 11947 12214 11681
f 8203 3264 4599
f 7515 52 5637
f 12119 12071 11941
f 3796 3612 3611
f 7202 8660 7203
f 9463 9645 9394
f 11514 3240 9665
f 369 1159 9065
f 14057 14055 198
f 13760 3068 6833
f 14055 14165 12273
f 10398 3203 10341
f 11388 11560 11646
f 10832 2419 4294
f 5755 9757 11394
f 10750 14271 14217
f 10985 11076 12458
f 4491 10132 10134
f 11511 8693 8694
f 7855 3497 12718
f 10124 9988 8037
f 12580 12603 10117
f 5900 11165 1755
f 13094 924 2187
f 6808 6312 10001
f 14072 11814 581
f 12609 13037 11317
f 10986 10040 1916
f 6529 3992 1841
f 3237 9136 3214
f 10507 10280 10415
f 1330 1293 1361
f 1711 12768 1337
f 9819 9844 8996
f 6786 2819 3110
f 1804 683 840
f 9956 10866 11171
f 11938 11867 2958
f 13945 14034 14033
f 11976 11973 11702
f 4922 13986 432
f 5780 2910 6017
f 12051 14228 698
f 10105 1722 10907
f 3150 1005 1006
f 1516 9117 10939
f 13781 13380 13723
f 4290 8626 5765
f 4663 4517 4662
f 12644 13902 13903
f 11579 1336 11061
f 13480 13192 13234
f 8488 8319 8230
f 3289 12691 2749
f 11980 11550 12139
f 3131 12570 1100
f 7920 7922 10050
f 10983 1932 3906
f 2213 2141 2808
f 11914 825 7107
f 12096 11427 8019
f 7695 7598 7792
f 2709 5638 13260
f 13675 5144 11729
f 10393 10323 10467
f 8231 8054 8229
f 2003 1523 12872
f 10954 5540 11678
f 6753 10743 10898
f 5101 4464 4551
f 3063 10557 2321
f 187 164 218
f 11366 11388 11823
f 222 263 9758
f 6349 1833 6051
f 1484 1482 3454
f 13686 5788 14106
f 14238 1725 14190
f 14002 3176 10697
f 9139 8780 14238
f 8648 10609 3963
f 3511 8935 14278
f 11645 11644 11639
f 8206 8397 12166
f 10838 7635 2060
f 3278 3273 3272
f 1983 9565 11727
f 12446 12017 12445
f 12555 8415 8414
f 10629 10225 1983
f 11570 2895 12512
f 2465 13517 9924
f 12730 12701 12763
f 10415 10280 10200
f 10421 10479 10546
f 5366 3831 5560
f 6197 9989 2916
f 14178 5936 1286
f 13530 3382 13428
f 11038 2935 1717
f 11841 12168 9870
f 10665 10636 10702
f 347 302 349
f 13288 13070 13287
f 10739 10781 10082
f 1271 10540 14209
f 216 158 183
f 10739 10207 10154
f 4469 9370 9369
f 10480 10288 10512
f 10575 10512 10421
f 1369 440 1952
f 6224 14276 13492
f 9180 10552 12891
f 14030 9664 9213
f 1845 12802 1677
f 13449 13775 14154
f 5457 8883 7683
f 12785 12838 12786
f 10606 10550 10575
f 14161 13684 1991
f 6115 6089 6087
f 1031 1953 1954
f 10718 2652 8214
f 10210 10293 10215
f 13414 13380 13781
f 14169 13781 8841
f 455 3185 453
f 10596 4248 11102
f 9556 14149 184
f 3631 4227 11687
f 5496 2596 8560
f 1144 8843 13100
f 12736 12734 12994
f 8682 1585 10581
f 12535 8175 7220
f 10908 6235 7860
f 12701 12655 12700
f 285 9664 14030
f 9838 11701 11618
f 13750 14130 13775
f 1331 283 1332
f 5870 10559 3139
f 13460 13615 974
f 9012 9213 9664
f 12630 12629 11889
f 2280 13809 14168
f 5001 4348 8009
f 11799 9625 11668
f 13024 13040 9131
f 5326 5495 11754
f 8718 8726 11460
f 3509 14278 10655
f 9971 8504 8624
f 11784 11348 11659
f 7818 7816 13494
f 12758 12786 12762
f 671 633 598
f 13092 184 9013
f 5722 2985 5315
f 13085 12904 13083
f 8951 1163 12046
f 10459 10455 10495
f 8556 9955 9851
f 594 671 598
f 14131 13341 12824
f 451 302 388
f 7185 7773 10033
f 10881 12310 12674
f 14195 5682 6199
f 13454 13101 12929
f 2438 13967 8666
f 13321 1003 13481
f 8809 7452 5087
f 11763 11745 7292
f 12373 6545 1852
f 9806 9071 9072
f 11787 11574 11742
f 13786 13421 13414
f 9599 9527 9566
f 12983 12969 13534
f 13750 8822 13748
f 6078 12961 12960
f 10461 10340 10397
f 1128 8938 13682
f 5433 5432 5708
f 11089 1581 11091
f 846 1557 990
f 7038 10130 10271
f 2540 1491 1619
f 9397 9712 5592
f 4936 13364 5662
f 2229 1452 1562
f 11216 10988 10995
f 1672 2227 2225
f 11442 8505 367
f 2186 12869 12900
f 8860 1093 2272
f 14067 13618 13617
f 13262 13549 13546
f 1894 11473 2352
f 13421 12932 12879
f 13448 7631 13256
f 689 739 691
f 1669 6608 6329
f 8520 8394 8553
f 1535 1431 1500
f 1544 439 13423
f 11942 12948 1039
f 13524 12856 11379
f 9969 9682 9968
f 13548 13262 710
f 39 2453 9505
f 11367 9293 9292
f 672 7157 9671
f 9429 12073 12050
f 11869 11831 11838
f 5083 3885 7660
f 12788 12762 12814
f 9212 2490 1646
f 9945 11794 8647
f 11784 11659 11491
f 9673 9747 9569
f 7307 7265 12132
f 12358 7090 9940
f 11053 10347 10927
f 7725 7918 5657
f 11831 11290 673
f 10538 8607 9106
f 10415 10504 10505
f 10541 10473 10503
f 6078 9665 12961
f 13058 11485 8453
f 1901 8891 13218
f 8583 8891 13606
f 620 13489 13853
f 6419 4528 6413
f 3799 3612 3796
f 9106 13218 6352
f 10703 10637 10665
f 135 10607 10667
f 9756 9744 9755
f 9850 9820 8996
f 11059 10927 10343
f 10550 10480 10512
f 10479 10362 10509
f 10546 10479 10572
f 4368 5757 4701
f 4953 4863 5500
f 7518 671 10724
f 8400 3456 9955
f 13430 13183 13214
f 13475 10748 3732
f 10157 10024 10737
f 1892 12070 12069
f 13454 14147 14149
f 5569 4013 5262
f 8473 12324 3017
f 5662 13364 1646
f 8710 5011 12258
f 2497 12417 5119
f 2582 10866 10399
f 3943 5616 5138
f 7280 6963 7393
f 9348 9083 13653
f 7728 14277 10308
f 4038 11620 13488
f 9844 9819 9818
f 7039 13737 14272
f 2924 2852 2850
f 13625 4691 5392
f 5512 5498 4864
f 3340 9219 12245
f 13400 13399 7250
f 11069 11067 939
f 6306 6531 8403
f 9525 13527 6180
f 12510 14170 2222
f 4566 4572 4565
f 4524 4191 4523
f 13250 6690 10718
f 5945 13676 13541
f 6385 13177 13682
f 9762 9746 9774
f 13337 13049 13050
f 4618 5051 1086
f 5097 5324 5037
f 11035 11036 4873
f 5096 12561 5463
f 9552 1891 3760
f 8889 687 1344
f 10274 10196 10346
f 5412 11185 5942
f 9900 9966 9902
f 11982 11668 12163
f 277 276 732
f 11696 11698 13012
f 1095 5258 13635
f 9120 4188 1794
f 535 1434 536
f 11910 2087 5196
f 3987 8590 11855
f 919 882 10563
f 10240 11039 10388
f 13831 13278 13121
f 13841 13822 13859
f 11055 2658 227
f 8840 893 10079
f 5607 8448 5606
f 13659 12940 13657
f 2281 10408 6262
f 13520 4695 8284
f 13227 13466 13164
f 544 1346 2971
f 868 1309 7627
f 11672 11851 11761
f 11901 637 11939
f 3117 5159 9706
f 10867 10489 11815
f 13666 12903 2439
f 4976 2388 10485
f 11611 11773 11864
f 1266 7762 14112
f 1492 6650 9100
f 12353 5778 8547
f 2259 1076 2308
f 13880 4496 5199
f 13535 13057 13070
f 1548 1502 1572
f 254 218 296
f 8478 5678 3795
f 912 13526 9330
f 12852 12820 12849
f 262 304 85
f 1314 11754 6209
f 2111 2261 3876
f 13662 2999 3701
f 557 11351 555
f 12776 9728 12006
f 11498 3240 4576
f 1567 11471 1894
f 11712 11585 11583
f 3934 5628 6523
f 6034 7019 6577
f 5468 3714 790
f 13055 2249 1268
f 3944 3529 3152
f 555 14255 557
f 5766 3660 5645
f 6332 6252 6008
f 9880 4004 6489
f 13843 13799 13842
f 13735 13659 13657
f 7473 7472 2142
f 2601 2578 10565
f 1144 1713 432
f 4926 3247 2516
f 3644 4207 3827
f 10255 11029 10167
f 10331 8146 10791
f 14237 9139 14238
f 7887 7695 7792
f 12158 4642 14141
f 12471 12749 12751
f 8702 8942 8816
f 6838 6734 6837
f 908 3545 2807
f 12968 13519 12969
f 3717 2221 1523
f 14117 1543 14116
f 931 4189 2730
f 13191 13367 13368
f 8058 7964 8150
f 13652 13855 13940
f 13017 13204 5684
f 10343 13808 6069
f 9672 9813 9814
f 9814 9747 9673
f 9662 9661 5925
f 8761 8636 4188
f 11351 14232 11355
f 11460 8595 8594
f 2299 9575 7880
f 10213 10201 13643
f 11758 11659 11348
f 4868 8254 595
f 4900 4 5086
f 3625 1955 6651
f 2656 2651 11281
f 4895 6462 9463
f 1271 3942 12925
f 10507 10415 10505
f 6051 2561 2560
f 6477 8147 5766
f 13860 13859 13910
f 5899 6018 5871
f 13842 13841 13862
f 10017 10077 10082
f 3214 9136 9798
f 7211 6593 5895
f 9149 12165 3612
f 8187 8111 8109
f 13512 6402 10892
f 13546 13358 13478
f 2196 1640 8455
f 9798 5685 10702
f 4858 14172 2509
f 646 990 644
f 10592 5479 7736
f 8514 3419 6225
f 10290 3204 10288
f 11751 12072 12070
f 13456 9334 9330
f 10507 10545 10509
f 10207 10284 10362
f 10637 10546 10572
f 9318 9171 9266
f 9587 12891 10607
f 2437 3137 10511
f 607 511 500
f 12045 12046 4087
f 8396 7110 10232
f 1444 1374 1373
f 9713 4373 778
f 13475 10384 10748
f 8516 9009 11605
f 9971 8572 7770
f 6187 6014 6647
f 9659 3875 13946
f 6066 5759 14212
f 3949 4527 13224
f 14235 9144 14237
f 2501 13186 9505
f 5955 4667 2863
f 14212 14190 6066
f 13210 13471 13214
f 103 1243 2192
f 893 1643 10079
f 7766 10624 1471
f 13884 13843 13842
f 8245 8075 8166
f 13990 13928 13987
f 10954 11028 10955
f 14234 5760 5759
f 13859 13838 13883
f 12370 5650 11316
f 13907 13928 13929
f 10038 10706 10850
f 1729 2201 1735
f 8977 5540 9081
f 1862 808 6452
f 5823 10250 3313
f 8373 14143 14132
f 13481 4485 477
f 1220 13511 13160
f 8414 8595 12555
f 2800 7219 3919
f 11943 9293 11367
f 9182 8852 742
f 3029 3030 2828
f 11027 7000 7038
f 12922 8827 9109
f 11654 11491 11858
f 11597 12002 11774
f 11745 11595 11320
f 1266 1097 924
f 404 5371 2784
f 14123 12875 3458
f 6661 7772 6077
f 12509 10118 10198
f 14159 13781 13723
f 11871 11425 11683
f 13855 13652 13651
f 4823 5969 5968
f 5824 7867 7863
f 2538 5525 4389
f 965 919 10563
f 5722 5315 10588
f 762 11203 10884
f 1283 2801 13999
f 10922 2004 4807
f 8833 8617 4372
f 4950 6281 5250
f 10629 2560 10225
f 9883 9881 9876
f 6897 3231 3229
f 11870 11574 11166
f 2576 11315 5119
f 10920 1984 10570
f 9554 14130 8615
f 11426 12153 11627
f 10564 11922 10591
f 10453 676 2109
f 14052 2620 6649
f 7444 1176 6147
f 10285 10367 3204
f 4520 4354 4355
f 12133 659 12038
f 14077 3083 1178
f 2791 6456 2132
f 3597 8532 13759
f 10231 3360 12564
f 13404 5583 13405
f 676 1458 2109
f 9818 9840 9844
f 3130 3206 3133
f 13069 13341 14136
f 10163 5010 7065
f 97 1278 1073
f 10980 10734 10737
f 12338 3516 6999
f 10332 12016 14044
f 12079 11543 12631
f 5033 8034 8125
f 9645 9726 9646
f 12802 221 13578
f 11742 11869 12605
f 8244 8164 8331
f 5760 14235 14212
f 13969 14062 5791
f 11367 11626 11676
f 2597 6331 14025
f 12259 3311 685
f 4504 10651 9827
f 11645 10938 11543
f 5183 5597 10526
f 7534 14223 14086
f 2597 2577 6331
f 1549 11114 13275
f 9546 5505 6040
f 5078 1818 12383
f 12133 11587 12130
f 1139 1625 3057
f 8266 8352 8267
f 12555 8595 13175
f 6053 6071 9413
f 13211 13115 13117
f 2820 10998 1842
f 9292 9396 9540
f 13987 13928 3324
f 12057 12086 11464
f 11464 12086 12087
f 10507 10505 10545
f 893 3324 13856
f 6352 8914 13650
f 1085 7211 1642
f 1901 11692 1973
f 10780 10017 10781
f 8116 8204 7116
f 12007 11943 11760
f 13566 10883 10974
f 3799 4194 3991
f 10923 10734 11513
f 10637 10601 10665
f 13287 13877 13288
f 10569 10540 1271
f 3227 3617 1857
f 10285 10207 10366
f 14169 3186 6508
f 2962 5727 7757
f 10642 10605 10637
f 8013 14280 7849
f 12927 655 727
f 10575 10546 10605
f 11195 11176 3708
f 7723 10723 7940
f 10702 3214 9798
f 8622 896 12154
f 11023 11822 7156
f 9711 9587 135
f 9867 10015 12974
f 8073 8109 8010
f 2623 4084 2120
f 12166 9659 13946
f 8620 8617 14025
f 13246 10350 13778
f 11005 10927 11059
f 7535 4121 6134
f 10571 330 10142
f 5716 8012 7535
f 8671 6294 2287
f 13823 13763 13761
f 13711 7734 11184
f 545 5234 8684
f 3892 7351 7230
f 12778 13442 10764
f 7216 11728 2706
f 2863 11923 5955
f 2200 1729 1900
f 8096 10372 13968
f 13910 13859 13883
f 11766 13828 7377
f 13858 13907 13882
f 6040 3920 191
f 7826 5078 4337
f 10999 10810 10935
f 7858 4580 9933
f 356 357 9898
f 8411 8321 8493
f 4445 4892 4812
f 589 542 11119
f 4786 5298 2117
f 5870 702 8190
f 14044 14037 10332
f 2329 5521 10586
f 13058 12909 13070
f 14178 1299 1297
f 4337 5078 5076
f 1236 4609 4578
f 1675 743 4934
f 13875 743 13876
f 11313 12059 11858
f 10960 12525 943
f 11806 11852 11976
f 8624 11897 8625
f 11683 12067 11882
f 11840 13572 12985
f 12639 3987 11891
f 10809 9996 10810
f 12067 11683 12031
f 9871 11841 9870
f 1687 13451 53
f 7536 6684 6584
f 10891 11024 11688
f 14013 14002 9329
f 2093 12063 3139
f 10563 788 965
f 9517 13687 10249
f 10255 360 10395
f 5716 6334 3359
f 1368 4746 10158
f 13735 13657 13734
f 5430 5573 4998
f 13931 13990 14020
f 14020 555 14021
f 9800 12546 12462
f 9969 9968 10045
f 13906 3324 13928
f 9151 3190 8775
f 12055 11271 12061
f 8697 2380 13333
f 12968 12753 12744
f 5033 13581 4480
f 11728 7216 7269
f 8377 6960 5141
f 11504 11502 9630
f 6455 5504 5351
f 13208 6350 14255
f 13362 10436 11418
f 13592 7060 13562
f 10402 10058 10499
f 13853 6505 1639
f 14015 5707 4491
f 9940 4455 4459
f 11218 11246 11248
f 14214 13550 13661
f 4329 13038 3742
f 2358 7073 7132
f 9488 8648 9337
f 8109 2047 11475
f 8271 10862 11130
f 732 276 1124
f 10223 12162 12598
f 13775 13448 13750
f 11139 10957 11196
f 6094 9841 8120
f 5000 5036 9702
f 1888 4798 1890
f 12530 12531 12349
f 13483 299 5793
f 1748 1791 1707
f 1258 12195 12171
f 10089 3204 10157
f 8926 3849 3851
f 10109 9895 9959
f 11934 10692 11935
f 7175 1633 1967
f 1867 456 1561
f 156 211 212
f 9947 11741 9910
f 11794 10172 10094
f 12510 11570 12512
f 13912 13862 13860
f 13735 13801 13708
f 13659 13735 13708
f 5167 3889 5230
f 6784 1749 10432
f 13884 13842 13862
f 6334 2557 12574
f 14035 13211 13208
f 10723 693 7940
f 12060 1949 4166
f 5937 6218 13647
f 13886 13843 13884
f 13907 13929 13883
f 669 12691 13116
f 6331 6334 7726
f 13883 13838 13882
f 13820 13858 13837
f 13882 13837 13858
f 13245 12275 11691
f 13856 3324 13906
f 11664 10933 10806
f 13795 13796 3068
f 8402 8225 8313
f 3380 4824 6247
f 14145 13069 14136
f 4337 11281 11326
f 2525 2684 2527
f 14053 4166 1949
f 1919 2443 1592
f 1300 1187 3400
f 498 2411 500
f 1813 8849 8971
f 12776 9646 9729
f 3075 6207 7835
f 8505 690 447
f 7557 11489 14211
f 11320 11587 12089
f 11811 3883 12398
f 11745 12096 7292
f 9864 9863 10087
f 2219 8447 14222
f 8194 7851 9904
f 12087 12086 11784
f 14127 7015 7016
f 13246 13778 5748
f 10691 203 2161
f 4646 9683 9271
f 1409 10592 7552
f 10572 10509 10545
f 3537 3536 797
f 9106 8607 2251
f 30 9830 11552
f 3812 10826 5617
f 13801 13799 13843
f 3227 3615 3617
f 8514 8583 3419
f 10168 7445 10705
f 4434 6987 1404
f 10606 10575 10605
f 13999 2801 3176
f 10712 10980 11053
f 13484 13527 9525
f 253 252 343
f 14020 14035 14255
f 7726 8620 6331
f 6634 6838 6735
f 3359 1425 3555
f 5373 4282 6794
f 11794 10170 5952
f 11844 4935 11842
f 13477 7338 5459
f 7531 7423 12710
f 8147 6477 8202
f 5505 11504 14275
f 5596 8327 8415
f 11886 11979 13531
f 10299 5664 1960
f 14076 10254 14075
f 7543 7542 12097
f 7366 13186 4621
f 8388 8126 8297
f 11963 11878 11941
f 8316 8230 8150
f 1201 592 1108
f 3840 3912 3841
f 8703 8701 8826
f 11870 11869 11574
f 9540 9466 12776
f 2203 13716 5400
f 538 437 435
f 10094 10172 10178
f 11387 11482 11720
f 10076 8700 12378
f 9023 8764 8762
f 9792 9867 9870
f 8846 12451 12527
f 765 817 2033
f 2387 3780 3837
f 4946 9363 9318
f 6406 2985 2625
f 10251 8441 1722
f 5867 6014 6200
f 12291 2625 2985
f 10661 10676 10681
f 13160 13511 13471
f 8308 3509 10655
f 803 11591 14061
f 13251 9834 7316
f 8996 2011 6678
f 12510 11482 11570
f 6043 5402 7732
f 11939 12128 12001
f 6621 6820 8706
f 10268 10175 10340
f 2635 12338 3234
f 10203 10205 12249
f 9604 5777 9504
f 8453 11323 4010
f 5851 1793 8041
f 7948 5867 7880
f 2603 2570 1390
f 6208 5899 1834
f 5867 6200 1834
f 13837 13793 13820
f 13735 13763 13801
f 6208 1834 6464
f 10791 8146 10656
f 11526 14210 6483
f 1439 10775 1398
f 14002 14013 13960
f 6200 6014 6366
f 13506 14054 11578
f 8022 1936 10573
f 13858 13856 13906
f 13838 13795 13837
f 13907 13858 13906
f 10909 11079 11490
f 10815 10874 10935
f 11979 14089 12076
f 4352 4181 4517
f 12466 6301 11152
f 11147 10950 3216
f 12709 418 11511
f 6507 13144 1815
f 8705 8703 8774
f 11577 11937 11701
f 8737 10108 5925
f 13639 7615 7727
f 9488 10635 10609
f 220 190 255
f 6017 11717 11718
f 13421 13134 13414
f 522 5790 9370
f 3186 9213 13091
f 11897 8624 11895
f 11784 11783 11348
f 9888 9891 9811
f 9331 13144 912
f 13797 13989 1494
f 10679 2668 2556
f 11950 8829 11271
f 7978 4004 4005
f 11702 12002 12001
f 13779 3742 5091
f 13723 13380 13084
f 9568 9673 9569
f 10973 10974 10883
f 2759 2943 566
f 13448 13252 7631
f 7958 11371 11368
f 7484 7256 7376
f 13091 9012 996
f 12446 9770 12017
f 2010 3583 1847
f 4940 9470 4941
f 6340 12647 12448
f 9874 10175 10123
f 6735 6838 7049
f 2674 12892 11199
f 12673 13736 12591
f 11838 11488 11869
f 14266 8446 8796
f 6938 3012 571
f 549 306 12925
f 5678 8478 8999
f 1779 1650 1751
f 1878 7567 5853
f 12364 4734 4256
f 549 3942 603
f 9529 12764 8456
f 13956 306 3237
f 6053 8617 8833
f 14093 9994 9931
f 13734 13761 13763
f 6018 5926 8436
f 5685 10665 10702
f 10510 779 10363
f 10597 10663 10636
f 3770 14138 10658
f 8198 13009 4912
f 12086 12057 11589
f 2020 1652 2656
f 11211 11498 13124
f 5775 660 793
f 3842 12137 7411
f 191 13856 13820
f 1759 13657 4121
f 10605 10546 10637
f 13795 3068 13760
f 4917 10496 10494
f 13502 658 10001
f 8560 9932 8563
f 10550 10512 10575
f 6361 245 1478
f 12576 2857 2893
f 4368 4701 4373
f 10200 10358 10415
f 1330 1361 10370
f 7145 7147 6939
f 4534 14276 6219
f 8046 3022 6947
f 12949 12932 13151
f 13729 7473 7760
f 3015 11479 7007
f 8513 8387 8512
f 8343 12047 2899
f 8139 737 7955
f 12876 244 13752
f 13339 13152 8940
f 11327 10738 11337
f 1669 6329 3545
f 3024 11244 1857
f 14167 9590 2628
f 3782 1957 8733
f 5833 5562 6638
f 4146 10964 9158
f 2906 9135 6048
f 11815 12161 10867
f 66 69 601
f 285 340 13616
f 711 722 710
f 13448 8822 13750
f 540 10382 21
f 540 10758 9372
f 10564 1097 5265
f 12554 533 11306
f 10566 9404 10534
f 6575 6287 7914
f 7794 7887 7980
f 7049 7147 7052
f 8731 6933 8216
f 8613 1496 1495
f 12133 12089 11587
f 9302 8541 4874
f 928 680 209
f 7449 2077 579
f 123 13161 13202
f 2237 11043 377
f 3013 9093 4078
f 4350 9134 12194
f 9880 6732 6734
f 7049 6838 6939
f 13960 13999 14002
f 14093 2386 9994
f 364 13676 8603
f 7200 10377 7297
f 884 705 768
f 6397 6466 14025
f 2625 2638 6406
f 10849 10037 10850
f 6018 5899 5926
f 4982 13427 13934
f 198 319 221
f 11114 8693 11511
f 11502 11504 11499
f 6154 14177 5936
f 11487 11578 11576
f 7977 7883 8068
f 7577 11554 7771
f 6193 6430 5505
f 14063 13695 11486
f 4248 9141 9038
f 6783 8199 8092
f 7268 2931 8554
f 6512 6233 10331
f 10323 10244 10391
f 13072 617 2259
f 8641 5773 5612
f 10567 10988 10956
f 11274 11276 1567
f 1641 10977 10978
f 6475 3522 6828
f 14268 14264 2380
f 12746 13291 12955
f 4475 13406 1772
f 1587 1591 11094
f 684 13836 2807
f 13259 13816 996
f 4475 414 4476
f 4350 12194 9296
f 3244 3030 3439
f 13490 912 914
f 997 9478 6508
f 7774 7771 7958
f 9956 1439 9960
f 14180 6562 6775
f 1488 13460 274
f 13091 9213 9012
f 1137 1058 1135
f 12830 9285 1945
f 13775 13252 13448
f 8842 7725 5657
f 10323 10393 10246
f 10233 10085 10197
f 9719 9666 9707
f 298 255 346
f 13876 13287 11328
f 3235 4788 11854
f 6636 6735 6737
f 8774 8703 8826
f 14046 2319 5425
f 8681 360 10114
f 9411 11473 9441
f 13385 13215 6996
f 14050 7380 7258
f 12072 11743 12642
f 8 11033 11416
f 14050 7256 7379
f 4933 4439 5379
f 2448 6456 9222
f 7010 8359 3147
f 7013 7149 7150
f 6737 1335 6636
f 13813 5373 10708
f 4523 4355 4354
f 8562 10938 11645
f 13707 9305 1929
f 12059 11262 11654
f 9719 9731 2970
f 13994 13995 13912
f 7596 7883 7693
f 6397 5899 6208
f 2646 6665 6431
f 11143 3750 8366
f 8436 6431 6018
f 9546 13820 13793
f 7695 7394 7598
f 4892 12640 12645
f 13886 13847 13843
f 3094 2998 3093
f 12580 6620 7722
f 10663 10632 13956
f 9490 8668 9432
f 764 2915 9520
f 1138 1137 10119
f 660 1406 6173
f 4197 4529 4199
f 1879 1788 1790
f 5807 5844 5818
f 10542 10504 10541
f 8641 13019 6558
f 13752 13104 13152
f 7468 7445 8312
f 8544 10168 10696
f 221 5943 13578
f 13626 277 732
f 10504 10415 10358
f 10473 10504 10358
f 986 10294 10446
f 6897 6898 3231
f 9180 10516 10514
f 1456 1840 344
f 13374 96 13082
f 13809 4057 3681
f 2151 13792 6437
f 4508 754 2822
f 4235 1897 1744
f 6362 6383 13177
f 10740 11051 10914
f 13478 13508 13546
f 10071 103 9526
f 1752 2474 13400
f 11084 14211 2895
f 11629 11920 10937
f 11179 2555 9427
f 4576 13293 13153
f 13892 4186 2874
f 9224 9583 9832
f 10993 1515 2666
f 12044 12253 12045
f 8833 6071 6053
f 11027 7038 10271
f 11921 637 11901
f 9964 10196 9966
f 13685 10883 13299
f 13980 4620 4792
f 13719 10939 5565
f 8569 9134 6198
f 1844 4642 629
f 4633 5566 10364
f 1331 9076 4047
f 11387 11628 11555
f 8088 8180 8260
f 803 1287 11591
f 5689 5414 5688
f 9303 10090 1174
f 1304 1305 1229
f 13881 1094 10681
f 6166 5964 5526
f 10661 10681 965
f 6096 10443 10392
f 7296 10377 7200
f 11143 12485 3551
f 10125 8196 4712
f 7627 4625 7293
f 1549 6833 8693
f 8422 7091 6891
f 10697 3176 10699
f 10692 13015 12858
f 10645 376 784
f 2652 2996 5659
f 6558 4792 4620
f 10656 13019 8634
f 512 6650 1146
f 1097 1266 14092
f 8778 7239 656
f 7749 1686 10090
f 13672 13670 11922
f 9331 912 9330
f 13331 13636 13335
f 203 10517 8742
f 5592 9712 5608
f 11364 11599 11923
f 2804 2005 5775
f 12606 6191 5944
f 11131 11234 11230
f 11072 11234 11071
f 2540 9489 2041
f 2457 10180 10135
f 12991 13085 13273
f 9666 5267 9707
f 1755 11352 5900
f 5954 3189 1690
f 14165 14055 14057
f 8917 342 11667
f 274 7762 1488
f 2537 2898 2374
f 5075 4777 9732
f 14106 5787 13497
f 5727 7924 6993
f 11089 11091 11087
f 10831 11180 11183
f 10000 9999 10056
f 2024 2073 13606
f 8681 11508 1129
f 2685 11094 11237
f 9499 7360 6625
f 6492 12272 5940
f 9881 11646 11560
f 12935 10706 7231
f 1738 1906 9676
f 7473 10211 7760
f 9718 408 409
f 3572 2931 11972
f 7448 7447 8551
f 7935 12439 12481
f 13237 6762 13240
f 10905 7557 14211
f 10260 14053 1898
f 687 8889 1452
f 5075 7879 4943
f 4816 4659 4508
f 4182 5560 4104
f 13760 3842 13793
f 12837 12810 12836
f 9161 8941 8952
f 5650 12369 2365
f 11511 418 11414
f 12835 6561 11288
f 13137 13553 8369
f 2411 600 599
f 1338 10856 1370
f 910 1629 953
f 9672 9671 9813
f 11365 12108 11366
f 4285 4635 4593
f 13407 12746 12744
f 12399 10033 7773
f 8827 8544 10696
f 10618 11508 1655
f 549 603 9490
f 10545 10544 10601
f 3877 12436 9557
f 10597 10542 10595
f 849 2301 6102
f 4860 1082 1101
f 10796 371 2307
f 9339 1516 11449
f 9166 9975 6881
f 6067 6155 1590
f 7960 7869 7958
f 44 45 43
f 9267 7267 865
f 8001 11920 9939
f 13296 5765 6188
f 12879 12873 12929
f 4767 4812 5157
f 4424 4870 4871
f 11166 11574 11264
f 13050 6385 12273
f 5608 6743 5592
f 2628 14155 14167
f 8743 6846 6943
f 1613 9718 983
f 7924 10818 10795
f 10354 1212 2345
f 13290 10318 1370
f 13375 12950 13335
f 6875 3173 5860
f 13953 615 2106
f 4658 854 5576
f 2179 4511 11715
f 5670 2990 2989
f 5401 2319 5309
f 7184 13789 7279
f 8842 123 13202
f 12717 13331 13335
f 1783 8353 1716
f 12036 4958 6236
f 11720 12139 11628
f 1038 5361 1651
f 7794 7602 7503
f 11889 11891 12630
f 7376 7145 7579
f 13298 7559 7731
f 11569 11558 12384
f 1031 6056 14144
f 4369 4470 4640
f 13028 6529 4718
f 892 783 721
f 7198 171 7296
f 13952 13468 8755
f 10251 6096 5010
f 3305 1161 14115
f 10222 5796 4625
f 1273 868 3064
f 990 1557 12826
f 13863 905 3640
f 4399 4127 5832
f 4399 6123 8800
f 7576 11554 7577
f 154 89 153
f 11121 8051 11822
f 10190 10109 9959
f 8723 3877 11661
f 10757 84 11438
f 9883 11646 9881
f 8489 7721 1709
f 10331 13670 6512
f 14029 707 9348
f 6398 6759 6548
f 7059 8130 9397
f 2527 2200 2367
f 4978 4975 5273
f 13310 13313 12995
f 10799 12 11048
f 6183 7757 2578
f 11584 13998 14148
f 11164 2175 11083
f 10147 11335 3083
f 9036 9034 9249
f 9716 1554 1794
f 13038 4329 4896
f 3210 2994 3216
f 5373 10689 10708
f 13468 326 8755
f 2837 2836 2908
f 9342 12720 11127
f 1139 1213 1020
f 11246 9794 11248
f 9029 8973 8810
f 11290 11831 11870
f 1 10413 5712
f 1243 101 4875
f 2041 2374 2540
f 1584 11139 1575
f 6734 6634 10042
f 12713 13743 13971
f 2106 615 845
f 1832 409 408
f 10534 10461 10497
f 656 8498 8778
f 9066 5179 6283
f 12746 14124 13291
f 5942 11530 5412
f 8632 8521 11852
f 4718 6595 4712
f 11373 12119 11365
f 2746 4211 6539
f 11895 8103 11897
f 11791 4182 10297
f 11621 12078 9636
f 1581 1738 1587
f 1321 4378 8454
f 13569 223 12912
f 11554 7576 11865
f 11425 11334 12033
f 1591 2041 11165
f 10096 4562 10767
f 12417 2497 13738
f 7399 7166 7504
f 1022 1122 1124
f 10165 99 13148
f 5896 9588 6182
f 8228 10985 12466
f 13285 6900 13372
f 1879 1790 1635
f 1798 1799 9929
f 1801 1940 1803
f 10463 1223 6745
f 10705 10667 10666
f 4771 13555 12962
f 2133 2291 2988
f 3821 9228 1618
f 9074 9027 9129
f 447 690 818
f 10559 3577 1552
f 7549 619 7268
f 6745 13169 10463
f 7736 11173 10592
f 12165 9149 12027
f 11783 12629 11348
f 14005 5593 5589
f 18 13181 8995
f 11353 11192 10909
f 8755 326 1128
f 11017 4774 4193
f 9412 5413 11809
f 4906 7529 7625
f 133 62 130
f 9429 2417 12073
f 13279 13363 14010
f 7723 13377 1224
f 1657 3697 10206
f 7340 2743 3033
f 4712 3499 4718
f 1888 4631 4798
f 13732 4144 13366
f 5133 5587 5586
f 3392 9293 12114
f 11387 11555 11602
f 1123 13078 7754
f 11827 370 13408
f 11732 12180 11731
f 11382 11458 11531
f 744 820 766
f 1213 1216 1020
f 10890 12546 9800
f 11556 13936 7139
f 9481 7320 9483
f 10191 10273 4777
f 8183 7997 7996
f 14104 2431 14103
f 104 12316 1190
f 10636 10544 10597
f 7059 4724 3524
f 12722 12749 12442
f 10397 10340 10266
f 3118 11333 7949
f 6771 1898 5236
f 7122 7221 6921
f 11509 10266 3786
f 11379 13925 13524
f 344 1237 1456
f 9540 9396 9466
f 9346 1268 8979
f 12859 13068 12873
f 7627 7298 10829
f 6176 13522 13846
f 10621 10588 10672
f 4724 3221 2401
f 10463 1028 2723
f 14140 12097 1208
f 3110 4581 6511
f 5898 5921 13125
f 12348 12382 12416
f 2429 445 444
f 1857 3619 3028
f 12 2228 11048
f 13114 13443 13361
f 4628 2233 10887
f 1760 12017 9770
f 381 448 337
f 2252 1205 8007
f 706 490 6995
f 4921 4591 4270
f 5860 3012 2272
f 4323 2603 1390
f 4202 4535 4203
f 10505 10504 10542
f 12331 12236 12123
f 2043 7305 7100
f 11561 4186 11415
f 706 11297 707
f 9868 7151 6635
f 870 3182 585
f 4948 5238 3744
f 11715 4170 11713
f 10278 10358 10200
f 11288 11286 11289
f 11934 11935 9593
f 11195 4214 5266
f 1548 1550 1503
f 4905 4970 4901
f 13853 13452 6505
f 1363 13628 3434
f 14169 13786 13414
f 5055 5774 5063
f 12523 5815 12688
f 10402 10995 10988
f 3394 12826 606
f 11999 2834 7886
f 593 496 591
f 597 9206 596
f 2834 1219 1532
f 13424 3301 13389
f 13436 13568 9368
f 10228 13675 12808
f 8495 14014 1853
f 1331 1332 1003
f 9568 14024 11689
f 4695 9990 11000
f 8041 1793 6790
f 13850 4803 4074
f 14288 3692 10603
f 12451 8846 12486
f 11741 9122 9019
f 14154 14130 9554
f 3405 6296 6348
f 12932 13421 13786
f 8841 13781 14159
f 6820 2549 8706
f 13294 11038 2936
f 11246 11218 11272
f 1727 1729 1574
f 9657 977 9627
f 7220 2711 2710
f 3210 11164 11749
# 28576 faces, 0 coords texture

# End of File
